{"1539131937202786818":{"entrytype":"Load Remote Match","status":"Pass","timestamp":1539131936799206998,"filepath":"tmp/spdx-seva-iepd/xml/xsd/spdx-seva-ref.xsd","digest":"8bc00be06da1e07a6478cedeaee3f134ee341e9c0742b775273ea346f6d21324","message":"Loaded Remote Resource"},"1539131937202794216":{"entrytype":"Authenticity Check","status":"Pass","timestamp":1539131937202791498,"filepath":"xml/xsd/spdx-seva-ref.xsd","digest":"8bc00be06da1e07a6478cedeaee3f134ee341e9c0742b775273ea346f6d21324","message":"spdx-seva-ref.xsd matches authoritative source"},"1539131937337619360":{"entrytype":"Load Remote Match","status":"Pass","timestamp":1539131937202797182,"filepath":"tmp/spdx-seva-iepd/xml/instance/spdx-seva-test-data.xml","digest":"78623f9ba0d6d4e89eba37a57827223a3ceaf65e49721d71615bf57f6f35a7e0","message":"Loaded Remote Resource"},"1539131937337625621":{"entrytype":"Authenticity Check","status":"Pass","timestamp":1539131937337623275,"filepath":"xml/instance/spdx-seva-test-data.xml","digest":"78623f9ba0d6d4e89eba37a57827223a3ceaf65e49721d71615bf57f6f35a7e0","message":"spdx-seva-test-data.xml matches authoritative source"},"1539131937337646485":{"entrytype":"GenerateResource","status":"Pass","timestamp":1539131937337676073,"filepath":"spdx-seva-iep.xsd","xslpath":"tmp/spdx-seva-iepd/xml/xsl/spdx-seva-iep.xsl","digest":"35beeafdc8f5d5697a71e56422e00aba3236c373af02c71547a82637369f4635"},"1539131937654777964":{"entrytype":"GenerateResource","status":"Pass","timestamp":1539131937654792271,"filepath":"spdx-seva-instance.xml","xslpath":"tmp/spdx-seva-iepd/xml/xsl/spdx-seva-instance.xsl","digest":"ac36f5bb99564eb1dec30f825053adc8349cd053497e8b5d4df7b825366e494a"},"1539131937761844982":{"entrytype":"GenerateResource","status":"Pass","timestamp":1539131937761856293,"filepath":"spdx-seva-ref-xsd.json","xslpath":"tmp/spdx-seva-iepd/xml/xsl/common/xsd-json.xsl","digest":"0e6d3fc93136edfc4fa16fbdc732a977f017d1511241ec23d93ff6f918eb3dca"},"1539131937923785303":{"entrytype":"GenerateResource","status":"Pass","timestamp":1539131937923798828,"filepath":"spdx-seva-iep-xsd.json","xslpath":"tmp/spdx-seva-iepd/xml/xsl/common/xsd-json.xsl","digest":"51b847dce3e3af7178a73193461d76bcadb185035a5eeeafd429786263838c62"},"1539131937992336638":{"entrytype":"GenerateResource","status":"Pass","timestamp":1539131937992350738,"filepath":"spdx-seva-instance.json","xslpath":"tmp/spdx-seva-iepd/xml/xsl/common/xml-json.xsl","digest":"07af53721fd006033701d4aca47879c91897e8a86fbed7da65364096005473cc"},"1539131937997318971":{"entrytype":"GenerateResource","status":"Pass","timestamp":1539131937997329878,"filepath":"spdx-seva-struct.go","xslpath":"tmp/spdx-seva-iepd/xml/xsl/spdx-seva-go-gen.xsl","digest":"c9cc50ad4c97b5aeb48cb1e2bec82f905f02b9c7498a0bdf12b3efd94a8fe792"},"1539131938029655893":{"entrytype":"GenerateResource","status":"Pass","timestamp":1539131938029671474,"filepath":"spdx-seva-struct_test.go","xslpath":"tmp/spdx-seva-iepd/xml/xsl/spdx-seva-go-test-gen.xsl","digest":"b46dbf73d3e3d891b0afbacc5ba32fdfb8bf2bfaae35abf460089a1b2ae99d7b"},"1539131938048066740":{"entrytype":"Marshal Data","status":"Pass","timestamp":1539131938048894185,"filepath":"spdx-seva-instance-golang.xml","digest":"097345522896f6c3fe8d19307f1bb33eecdc329d6c827c5eda575f6edf5f4e48"},"1539131938048949700":{"entrytype":"Validate","status":"Pass","timestamp":1539131938048950665,"filepath":"tmp/spdx-seva-iepd/xml/xsd/spdx-seva-ref.xsd","xsdpath":"tmp/spdx-seva-iepd/xml/xsd/ext/w3c/XMLSchema.xsd","valid":true},"1539131953268622440":{"entrytype":"Validate","status":"Pass","timestamp":1539131953268624506,"filepath":"tmp/spdx-seva-iepd/xml/xsd/spdx-seva-iep.xsd","xsdpath":"tmp/spdx-seva-iepd/xml/xsd/ext/w3c/XMLSchema.xsd","valid":true},"1539131968471492678":{"entrytype":"Validate","status":"Pass","timestamp":1539131968471494863,"filepath":"tmp/spdx-seva-iepd/xml/instance/spdx-seva-instance.xml","xsdpath":"tmp/spdx-seva-iepd/xml/xsd/spdx-seva-iep.xsd","valid":true},"1539131968475478702":{"entrytype":"Validate","status":"Pass","timestamp":1539131968475480512,"filepath":"tmp/spdx-seva-iepd/xml/instance/spdx-seva-instance.xml","xsdpath":"tmp/spdx-seva-iepd/xml/xsd/spdx-seva-ref.xsd","valid":true},"1539131968484219527":{"entrytype":"Validate","status":"Pass","timestamp":1539131968484221983,"filepath":"tmp/spdx-seva-iepd/xml/instance/spdx-seva-instance-golang.xml","xsdpath":"tmp/spdx-seva-iepd/xml/xsd/spdx-seva-iep.xsd","valid":true},"1539131968488771293":{"entrytype":"Validate","status":"Pass","timestamp":1539131968488773620,"filepath":"tmp/spdx-seva-iepd/xml/instance/spdx-seva-instance-golang.xml","xsdpath":"tmp/spdx-seva-iepd/xml/xsd/spdx-seva-ref.xsd","valid":true}}