{"gogenxsdxsl":"xml/xsl/spdx-seva-go-gen.xsl","gogenxsl":"xml/xsl/common/go-gen.xsl","gotestgenxsl":"xml/xsl/spdx-seva-go-test-gen.xsl","iepxsd":"xml/xsd/spdx-seva-iep.xsd","iepxsdjson":"json/spdx-seva-iep-xsd.json","iepxsdxsl":"xml/xsl/spdx-seva-iep.xsl","iepxsl":"xml/xsl/common/iep.xsl","instancegolangxml":"xml/instance/spdx-seva-instance-golang.xml","instancejson":"json/spdx-seva-instance.json","instancexml":"xml/instance/spdx-seva-instance.xml","instancexsl":"xml/xsl/spdx-seva-instance.xsl","maingo":"src/spdx-seva/spdx-seva.go","provenancereportjson":"json/spdx-seva-provenance-report.json","refxsd":"xml/xsd/spdx-seva-ref.xsd","refxsdjson":"json/spdx-seva-ref-xsd.json","resourcesjson":"json/spdx-seva-resources.json","structgo":"src/spdx-seva/spdx-seva-struct.go","structtestgo":"src/spdx-seva/spdx-seva-struct_test.go","testdataxml":"xml/instance/spdx-seva-test-data.xml","xmlinstancexsl":"xml/xsl/common/xml-instance.xsl","xmljsonxsl":"xml/xsl/common/xml-json.xsl","xmlschemaxsd":"xml/xsd/ext/w3c/XMLSchema.xsd","xsdjsonxsl":"xml/xsl/common/xsd-json.xsl","xsltxsd":"xml/xsd/ext/w3c/xslt.xsd","zipiepd":"spdx-seva-iepd.zip"}