{"1539683362155511410":{"entrytype":"Load Remote Match","status":"Pass","timestamp":1539683361931824648,"filepath":"tmp/spdx-security-iepd/xml/xsd/spdx-xml-ref.xsd","digest":"026e646a857a1eb3b91291594d746cee5e17560bf46cd43f797c3788d7f36141","message":"Loaded Remote Resource"},"1539683362155513841":{"entrytype":"Authenticity Check","status":"Pass","timestamp":1539683362155513117,"filepath":"xml/xsd/spdx-xml-ref.xsd","digest":"026e646a857a1eb3b91291594d746cee5e17560bf46cd43f797c3788d7f36141","message":"spdx-xml-ref.xsd matches authoritative source"},"1539683362309114135":{"entrytype":"Load Remote Match","status":"Pass","timestamp":1539683362155514569,"filepath":"tmp/spdx-security-iepd/xml/instance/spdx-security-test-data.xml","digest":"957a13ffe44f2bc08a5199f2491fb38a523bdf2aed4fcf692e5ac8d01207e0cb","message":"Loaded Remote Resource"},"1539683362309119712":{"entrytype":"Authenticity Check","status":"Pass","timestamp":1539683362309117348,"filepath":"xml/instance/spdx-security-test-data.xml","digest":"957a13ffe44f2bc08a5199f2491fb38a523bdf2aed4fcf692e5ac8d01207e0cb","message":"spdx-security-test-data.xml matches authoritative source"},"1539683362309140757":{"entrytype":"GenerateResource","status":"Pass","timestamp":1539683362309157632,"filepath":"spdx-security-iep.xsd","xslpath":"tmp/spdx-security-iepd/xml/xsl/spdx-security-iep.xsl","digest":"8acf35a67b2c970490c310b5917328ec4ce449c4ed0e3e533765e3e5c6cbb872"},"1539683362617931023":{"entrytype":"GenerateResource","status":"Pass","timestamp":1539683362617944887,"filepath":"spdx-security-instance.xml","xslpath":"tmp/spdx-security-iepd/xml/xsl/spdx-security-instance.xsl","digest":"8294cbb8bf1d73962d6ec6c56823bdacdc71bf98f140bb9d353657b9dfbb31ee"},"1539683362724755807":{"entrytype":"GenerateResource","status":"Pass","timestamp":1539683362724767777,"filepath":"spdx-security-ref-xsd.json","xslpath":"tmp/spdx-security-iepd/xml/xsl/common/xsd-json.xsl","digest":"8bc866bddd29e98ecc67f1c2b8f1d2a0b86b75a4c0a228343fd9e2baa4e0a7c3"},"1539683362887852047":{"entrytype":"GenerateResource","status":"Pass","timestamp":1539683362887866948,"filepath":"spdx-security-iep-xsd.json","xslpath":"tmp/spdx-security-iepd/xml/xsl/common/xsd-json.xsl","digest":"90243f7aa91616175a5a48b4d2a1910ffde3840c6847a81ba2f34f81081499aa"},"1539683362956863930":{"entrytype":"GenerateResource","status":"Pass","timestamp":1539683362956880776,"filepath":"spdx-security-instance.json","xslpath":"tmp/spdx-security-iepd/xml/xsl/common/xml-json.xsl","digest":"f6e737c874e73e8e5dca2caa1fc0d41611b919eeee702477c47e65ce849606ed"},"1539683362961956438":{"entrytype":"GenerateResource","status":"Pass","timestamp":1539683362961965487,"filepath":"spdx-security-struct.go","xslpath":"tmp/spdx-security-iepd/xml/xsl/spdx-security-go-gen.xsl","digest":"377f34db556f2a22b6bb3fabed67e9c5d0009b12d82fe7335725a3bd8489ed2b"},"1539683362999837963":{"entrytype":"GenerateResource","status":"Pass","timestamp":1539683362999851176,"filepath":"spdx-security-struct_test.go","xslpath":"tmp/spdx-security-iepd/xml/xsl/spdx-security-go-test-gen.xsl","digest":"b46dbf73d3e3d891b0afbacc5ba32fdfb8bf2bfaae35abf460089a1b2ae99d7b"},"1539683363018166420":{"entrytype":"Marshal Data","status":"Pass","timestamp":1539683363018937151,"filepath":"spdx-security-instance-golang.xml","digest":"5e6824a4c18224975bc6d23752446ba55712378e6c57499c16fda05dc827590b"},"1539683363018989266":{"entrytype":"Validate","status":"Pass","timestamp":1539683363018990194,"filepath":"tmp/spdx-security-iepd/xml/xsd/spdx-xml-ref.xsd","xsdpath":"tmp/spdx-security-iepd/xml/xsd/ext/w3c/XMLSchema.xsd","valid":true},"1539683378280384163":{"entrytype":"Validate","status":"Pass","timestamp":1539683378280387859,"filepath":"tmp/spdx-security-iepd/xml/xsd/spdx-security-iep.xsd","xsdpath":"tmp/spdx-security-iepd/xml/xsd/ext/w3c/XMLSchema.xsd","valid":true},"1539683393571946026":{"entrytype":"Validate","status":"Pass","timestamp":1539683393571952715,"filepath":"tmp/spdx-security-iepd/xml/instance/spdx-security-instance.xml","xsdpath":"tmp/spdx-security-iepd/xml/xsd/spdx-security-iep.xsd","valid":true},"1539683393583553043":{"entrytype":"Validate","status":"Pass","timestamp":1539683393583557632,"filepath":"tmp/spdx-security-iepd/xml/instance/spdx-security-instance.xml","xsdpath":"tmp/spdx-security-iepd/xml/xsd/spdx-xml-ref.xsd","valid":true},"1539683393596496935":{"entrytype":"Validate","status":"Pass","timestamp":1539683393596500991,"filepath":"tmp/spdx-security-iepd/xml/instance/spdx-security-instance-golang.xml","xsdpath":"tmp/spdx-security-iepd/xml/xsd/spdx-security-iep.xsd","valid":true},"1539683393602046435":{"entrytype":"Validate","status":"Pass","timestamp":1539683393602049649,"filepath":"tmp/spdx-security-iepd/xml/instance/spdx-security-instance-golang.xml","xsdpath":"tmp/spdx-security-iepd/xml/xsd/spdx-xml-ref.xsd","valid":true}}