{"1539735836967757576":{"entrytype":"Load Remote Match","status":"Pass","timestamp":1539735836743104767,"filepath":"tmp/spdx-doc-iepd/xml/xsd/spdx-xml-ref.xsd","digest":"026e646a857a1eb3b91291594d746cee5e17560bf46cd43f797c3788d7f36141","message":"Loaded Remote Resource"},"1539735836970269019":{"entrytype":"Authenticity Check","status":"Pass","timestamp":1539735836970266123,"filepath":"xml/xsd/spdx-xml-ref.xsd","digest":"026e646a857a1eb3b91291594d746cee5e17560bf46cd43f797c3788d7f36141","message":"spdx-xml-ref.xsd matches authoritative source"},"1539735836989636471":{"entrytype":"Load Remote Match","status":"Pass","timestamp":1539735836972305261,"filepath":"tmp/spdx-doc-iepd/xml/instance/spdx-doc-test-data.xml","digest":"a07f3c4e4cbff51467b486eb8dc2d2dddf75bf7098ad74ae166bff7fc67c7d83","message":"Loaded Remote Resource"},"1539735836991681967":{"entrytype":"Authenticity Check","status":"Pass","timestamp":1539735836991678921,"filepath":"xml/instance/spdx-doc-test-data.xml","digest":"a07f3c4e4cbff51467b486eb8dc2d2dddf75bf7098ad74ae166bff7fc67c7d83","message":"spdx-doc-test-data.xml matches authoritative source"},"1539735837156483329":{"entrytype":"GenerateResource","status":"Pass","timestamp":1539735837009248014,"filepath":"spdx-doc-iep.xsd","xslpath":"tmp/spdx-doc-iepd/xml/xsl/spdx-doc-iep.xsl","digest":"fa16f865aec2df5a606a35995af783650c1410e36ac0764e5f4e76c40511474c"},"1539735837180503940":{"entrytype":"GenerateResource","status":"Pass","timestamp":1539735837173552260,"filepath":"spdx-doc-instance.xml","xslpath":"tmp/spdx-doc-iepd/xml/xsl/spdx-doc-instance.xsl","digest":"a088961a997c1b012ab315f44c18e8be953756492017859f0ccc9abd07c92ea3"},"1539735837347928283":{"entrytype":"GenerateResource","status":"Pass","timestamp":1539735837182170722,"filepath":"spdx-xml-ref-xsd.json","xslpath":"tmp/spdx-doc-iepd/xml/xsl/common/xsd-json.xsl","digest":"8bc866bddd29e98ecc67f1c2b8f1d2a0b86b75a4c0a228343fd9e2baa4e0a7c3"},"1539735837358888337":{"entrytype":"GenerateResource","status":"Pass","timestamp":1539735837349633461,"filepath":"spdx-doc-iep-xsd.json","xslpath":"tmp/spdx-doc-iepd/xml/xsl/common/xsd-json.xsl","digest":"356c61e92a833fdc9086615835e339fbef4c3fd0bdddbe574dec83ea8845e39e"},"1539735837363416603":{"entrytype":"GenerateResource","status":"Pass","timestamp":1539735837360585131,"filepath":"spdx-doc-instance.json","xslpath":"tmp/spdx-doc-iepd/xml/xsl/common/xml-json.xsl","digest":"be9b857a10514b1df8ddc5405c1f32316a1d68f310831039adf4e669198dbebe"},"1539735837370786110":{"entrytype":"GenerateResource","status":"Pass","timestamp":1539735837365052558,"filepath":"spdx-doc-struct.go","xslpath":"tmp/spdx-doc-iepd/xml/xsl/spdx-doc-go-gen.xsl","digest":"c79513ed49796819dc0fcb34ceea3d9af9bdb2c828c9b83c8ce2ea513660e1ff"},"1539735837378038846":{"entrytype":"GenerateResource","status":"Pass","timestamp":1539735837372434365,"filepath":"spdx-doc-struct_test.go","xslpath":"tmp/spdx-doc-iepd/xml/xsl/spdx-doc-go-test-gen.xsl","digest":"8c5172d50bc9da5ef83aae08ec40d14a5ab0345cecee85573d9d7ecf86239532"},"1539735837379945519":{"entrytype":"Marshal Data","status":"Pass","timestamp":1539735837379921574,"filepath":"spdx-doc-instance-golang.xml","digest":"9bb5d9df173ff9f2a24c7bdf282ecd4fa6308989a4784258a04b3ded11f6e34e"},"1539735852614994686":{"entrytype":"Validate","status":"Pass","timestamp":1539735837381685313,"filepath":"tmp/spdx-doc-iepd/xml/xsd/spdx-xml-ref.xsd","xsdpath":"tmp/spdx-doc-iepd/xml/xsd/ext/w3c/XMLSchema.xsd","valid":true},"1539735867808172520":{"entrytype":"Validate","status":"Pass","timestamp":1539735852618233171,"filepath":"tmp/spdx-doc-iepd/xml/xsd/spdx-doc-iep.xsd","xsdpath":"tmp/spdx-doc-iepd/xml/xsd/ext/w3c/XMLSchema.xsd","valid":true},"1539735867812063541":{"entrytype":"Validate","status":"Pass","timestamp":1539735867811408340,"filepath":"tmp/spdx-doc-iepd/xml/instance/spdx-doc-instance.xml","xsdpath":"tmp/spdx-doc-iepd/xml/xsd/spdx-doc-iep.xsd","valid":true},"1539735867820587058":{"entrytype":"Validate","status":"Pass","timestamp":1539735867813547685,"filepath":"tmp/spdx-doc-iepd/xml/instance/spdx-doc-instance.xml","xsdpath":"tmp/spdx-doc-iepd/xml/xsd/spdx-xml-ref.xsd","valid":true},"1539735867838973432":{"entrytype":"Validate","status":"Pass","timestamp":1539735867837991033,"filepath":"tmp/spdx-doc-iepd/xml/instance/spdx-doc-instance-golang.xml","xsdpath":"tmp/spdx-doc-iepd/xml/xsd/spdx-doc-iep.xsd","valid":true},"1539735867868302723":{"entrytype":"Validate","status":"Pass","timestamp":1539735867856291207,"filepath":"tmp/spdx-doc-iepd/xml/instance/spdx-doc-instance-golang.xml","xsdpath":"tmp/spdx-doc-iepd/xml/xsd/spdx-xml-ref.xsd","valid":true},"1539735868033909433":{"entrytype":"Load Remote Match","status":"Pass","timestamp":1539735867985815970,"filepath":"tmp/spdx-security-iepd/xml/xsd/spdx-xml-ref.xsd","digest":"026e646a857a1eb3b91291594d746cee5e17560bf46cd43f797c3788d7f36141","message":"Loaded Remote Resource"},"1539735868036357856":{"entrytype":"Authenticity Check","status":"Pass","timestamp":1539735868036355386,"filepath":"xml/xsd/spdx-xml-ref.xsd","digest":"026e646a857a1eb3b91291594d746cee5e17560bf46cd43f797c3788d7f36141","message":"spdx-xml-ref.xsd matches authoritative source"},"1539735868184028882":{"entrytype":"Load Remote Match","status":"Pass","timestamp":1539735868038211581,"filepath":"tmp/spdx-security-iepd/xml/instance/spdx-security-test-data.xml","digest":"957a13ffe44f2bc08a5199f2491fb38a523bdf2aed4fcf692e5ac8d01207e0cb","message":"Loaded Remote Resource"},"1539735868187035486":{"entrytype":"Authenticity Check","status":"Pass","timestamp":1539735868187032201,"filepath":"xml/instance/spdx-security-test-data.xml","digest":"957a13ffe44f2bc08a5199f2491fb38a523bdf2aed4fcf692e5ac8d01207e0cb","message":"spdx-security-test-data.xml matches authoritative source"},"1539735868518072883":{"entrytype":"GenerateResource","status":"Pass","timestamp":1539735868207763443,"filepath":"spdx-security-iep.xsd","xslpath":"tmp/spdx-security-iepd/xml/xsl/spdx-security-iep.xsl","digest":"8acf35a67b2c970490c310b5917328ec4ce449c4ed0e3e533765e3e5c6cbb872"},"1539735868652657363":{"entrytype":"GenerateResource","status":"Pass","timestamp":1539735868541049817,"filepath":"spdx-security-instance.xml","xslpath":"tmp/spdx-security-iepd/xml/xsl/spdx-security-instance.xsl","digest":"8294cbb8bf1d73962d6ec6c56823bdacdc71bf98f140bb9d353657b9dfbb31ee"},"1539735868814806004":{"entrytype":"GenerateResource","status":"Pass","timestamp":1539735868654459148,"filepath":"spdx-security-ref-xsd.json","xslpath":"tmp/spdx-security-iepd/xml/xsl/common/xsd-json.xsl","digest":"8bc866bddd29e98ecc67f1c2b8f1d2a0b86b75a4c0a228343fd9e2baa4e0a7c3"},"1539735868887267654":{"entrytype":"GenerateResource","status":"Pass","timestamp":1539735868816485152,"filepath":"spdx-security-iep-xsd.json","xslpath":"tmp/spdx-security-iepd/xml/xsl/common/xsd-json.xsl","digest":"90243f7aa91616175a5a48b4d2a1910ffde3840c6847a81ba2f34f81081499aa"},"1539735868894000152":{"entrytype":"GenerateResource","status":"Pass","timestamp":1539735868889051948,"filepath":"spdx-security-instance.json","xslpath":"tmp/spdx-security-iepd/xml/xsl/common/xml-json.xsl","digest":"f6e737c874e73e8e5dca2caa1fc0d41611b919eeee702477c47e65ce849606ed"},"1539735868928891280":{"entrytype":"GenerateResource","status":"Pass","timestamp":1539735868895709321,"filepath":"spdx-security-struct.go","xslpath":"tmp/spdx-security-iepd/xml/xsl/spdx-security-go-gen.xsl","digest":"377f34db556f2a22b6bb3fabed67e9c5d0009b12d82fe7335725a3bd8489ed2b"},"1539735868947995176":{"entrytype":"GenerateResource","status":"Pass","timestamp":1539735868930592957,"filepath":"spdx-security-struct_test.go","xslpath":"tmp/spdx-security-iepd/xml/xsl/spdx-security-go-test-gen.xsl","digest":"b46dbf73d3e3d891b0afbacc5ba32fdfb8bf2bfaae35abf460089a1b2ae99d7b"},"1539735868950674109":{"entrytype":"Marshal Data","status":"Pass","timestamp":1539735868950583862,"filepath":"spdx-security-instance-golang.xml","digest":"5e6824a4c18224975bc6d23752446ba55712378e6c57499c16fda05dc827590b"},"1539735884203309871":{"entrytype":"Validate","status":"Pass","timestamp":1539735868952509510,"filepath":"tmp/spdx-security-iepd/xml/xsd/spdx-xml-ref.xsd","xsdpath":"tmp/spdx-security-iepd/xml/xsd/ext/w3c/XMLSchema.xsd","valid":true},"1539735899403611111":{"entrytype":"Validate","status":"Pass","timestamp":1539735884206670585,"filepath":"tmp/spdx-security-iepd/xml/xsd/spdx-security-iep.xsd","xsdpath":"tmp/spdx-security-iepd/xml/xsd/ext/w3c/XMLSchema.xsd","valid":true},"1539735899410796975":{"entrytype":"Validate","status":"Pass","timestamp":1539735899406968625,"filepath":"tmp/spdx-security-iepd/xml/instance/spdx-security-instance.xml","xsdpath":"tmp/spdx-security-iepd/xml/xsd/spdx-security-iep.xsd","valid":true},"1539735899440980516":{"entrytype":"Validate","status":"Pass","timestamp":1539735899428343414,"filepath":"tmp/spdx-security-iepd/xml/instance/spdx-security-instance.xml","xsdpath":"tmp/spdx-security-iepd/xml/xsd/spdx-xml-ref.xsd","valid":true},"1539735899463202444":{"entrytype":"Validate","status":"Pass","timestamp":1539735899458371302,"filepath":"tmp/spdx-security-iepd/xml/instance/spdx-security-instance-golang.xml","xsdpath":"tmp/spdx-security-iepd/xml/xsd/spdx-security-iep.xsd","valid":true},"1539735899472636734":{"entrytype":"Validate","status":"Pass","timestamp":1539735899464945023,"filepath":"tmp/spdx-security-iepd/xml/instance/spdx-security-instance-golang.xml","xsdpath":"tmp/spdx-security-iepd/xml/xsd/spdx-xml-ref.xsd","valid":true}}