{"SoftwareEvidenceArchive":{"name":"SoftwareEvidenceArchive","attributes":{"xsi:schemaLocation":"urn:spdx-xml:1.0 ../xsd/spdx-security-iep.xsd"},"SoftwareInformation":{"name":"SoftwareInformation","ProductTitleText":{"name":"ProductTitleText","value":""},"SoftwareNameText":{"name":"SoftwareNameText","value":""},"SoftwareOrgText":{"name":"SoftwareOrgText","value":""},"VersionInformation":{"name":"VersionInformation","SoftwareVersionText":{"name":"SoftwareVersionText","value":""},"SemanticVersionIndicator":{"name":"SemanticVersionIndicator","value":""},"SemanticVersionText":{"name":"SemanticVersionText","value":""},"SemanticVersionInformation":{"name":"SemanticVersionInformation","APIName":{"name":"APIName","value":""},"MajorVersionNumeric":{"name":"MajorVersionNumeric","value":""},"MinorVersionNumeric":{"name":"MinorVersionNumeric","value":""},"PatchVersionText":{"name":"PatchVersionText","value":""},"PreReleaseVersionText":{"name":"PreReleaseVersionText","value":""},"BuildMetaText":{"name":"BuildMetaText","value":""}},"SemanticVersionDate":{"name":"SemanticVersionDate","value":""},"PythonSemanticVersionIndicator":{"name":"PythonSemanticVersionIndicator","value":""},"PythonSemanticVersion":{"name":"PythonSemanticVersion","PythonEpochSegmentText":{"name":"PythonEpochSegmentText","value":""},"PythonReleaseSegmentText":{"name":"PythonReleaseSegmentText","value":""},"PythonPreReleaseSegmentText":{"name":"PythonPreReleaseSegmentText","value":""},"PythonPostReleaseSegmentText":{"name":"PythonPostReleaseSegmentText","value":""},"PythonDevelopmentReleaseSegmentText":{"name":"PythonDevelopmentReleaseSegmentText","value":""}},"PythonVersionText":{"name":"PythonVersionText","value":""}},"GroupingText":{"name":"GroupingText","value":""},"ReleaseNotesText":{"name":"ReleaseNotesText","value":""}},"FileInformation":{"name":"FileInformation","ComputerFileNameText":{"name":"ComputerFileNameText","value":""},"FileExtensionText":{"name":"FileExtensionText","value":""}},"AuthoritativeSourceInformation":{"name":"AuthoritativeSourceInformation","SourceHashText":{"name":"SourceHashText","value":""},"SourceURIText":{"name":"SourceURIText","value":""},"AuthoritativeDigitalSignatureIndicator":{"name":"AuthoritativeDigitalSignatureIndicator","value":""}},"EcosystemInformation":{"name":"EcosystemInformation","Ecosystem":{"name":"Ecosystem","CommitterQuantity":{"name":"CommitterQuantity","value":""},"Languages":{"name":"Languages","LanguageText":{"name":"LanguageText","value":""},"LanguageText1":{"name":"LanguageText","value":""}},"CommitLogs":{"name":"CommitLogs","CommitLogText":{"name":"CommitLogText","value":""},"CommitLogText1":{"name":"CommitLogText","value":""}}},"CompanyInformation":{"name":"CompanyInformation","NameText":{"name":"NameText","value":""}}},"DependencyInformation":{"name":"DependencyInformation","Dependencies":{"name":"Dependencies","Dependency":{"name":"Dependency","NameText":{"name":"NameText","value":""},"DependencyVersionText":{"name":"DependencyVersionText","value":""}},"Dependency1":{"name":"Dependency","NameText":{"name":"NameText","value":""},"DependencyVersionText":{"name":"DependencyVersionText","value":""}}},"Compiler":{"name":"Compiler","NameText":{"name":"NameText","value":""},"CompilerVersionText":{"name":"CompilerVersionText","value":""}}},"LicenseInformation":{"name":"LicenseInformation","LicenseCategoryCode":{"name":"LicenseCategoryCode","value":""},"LicenseCode":{"name":"LicenseCode","value":""},"LicenseCode1":{"name":"LicenseCode","value":""},"EndOfLifeIndicator":{"name":"EndOfLifeIndicator","value":""}},"VulnerabilityInformation":{"name":"VulnerabilityInformation","Vulnerabilities":{"name":"Vulnerabilities","Vulnerability":{"name":"Vulnerability","VulnerabilityIdentifierText":{"name":"VulnerabilityIdentifierText","value":""},"SourceText":{"name":"SourceText","value":""},"VulnerabilityTitleText":{"name":"VulnerabilityTitleText","value":""},"VulnerabilitySummaryText":{"name":"VulnerabilitySummaryText","value":""},"VulnerabilityScoreValue":{"name":"VulnerabilityScoreValue","value":""},"VulnerabilityScoreVersionValue":{"name":"VulnerabilityScoreVersionValue","value":""},"VulnerabilityScoreSystemText":{"name":"VulnerabilityScoreSystemText","value":""},"ScoreDetails":{"name":"ScoreDetails","CommonVulnerabilityScoringSystemV2":{"name":"CommonVulnerabilityScoringSystemV2","VectorStringText":{"name":"VectorStringText","value":""},"AccessVectorText":{"name":"AccessVectorText","value":""},"AccessComplexityText":{"name":"AccessComplexityText","value":""},"VulnerabilityAuthenticationText":{"name":"VulnerabilityAuthenticationText","value":""},"ConfidentialityImpactText":{"name":"ConfidentialityImpactText","value":""},"IntegrityImpactText":{"name":"IntegrityImpactText","value":""},"AvailabilityImpactText":{"name":"AvailabilityImpactText","value":""},"VulnerabilityBaseScoreValue":{"name":"VulnerabilityBaseScoreValue","value":""}},"CommonVulnerabilityScoringSystemV3":{"name":"CommonVulnerabilityScoringSystemV3","VectorStringText":{"name":"VectorStringText","value":""},"AccessVectorText":{"name":"AccessVectorText","value":""},"AccessComplexityText":{"name":"AccessComplexityText","value":""},"PrivilegesRequiredText":{"name":"PrivilegesRequiredText","value":""},"UserInteractionText":{"name":"UserInteractionText","value":""},"VulnerabilityScopeText":{"name":"VulnerabilityScopeText","value":""},"ConfidentialityImpactText":{"name":"ConfidentialityImpactText","value":""},"IntegrityImpactText":{"name":"IntegrityImpactText","value":""},"AvailabilityImpactText":{"name":"AvailabilityImpactText","value":""},"VulnerabilityBaseScoreValue":{"name":"VulnerabilityBaseScoreValue","value":""},"BaseSeverityText":{"name":"BaseSeverityText","value":""}}},"VulnerabilityVectorText":{"name":"VulnerabilityVectorText","value":""},"AccessComplexityText":{"name":"AccessComplexityText","value":""},"VulnerabilityAuthenticationText":{"name":"VulnerabilityAuthenticationText","value":""},"ConfidentialityImpactText":{"name":"ConfidentialityImpactText","value":""},"IntegrityImpactText":{"name":"IntegrityImpactText","value":""},"AvailabilityImpactText":{"name":"AvailabilityImpactText","value":""},"VulnerabilitySourceText":{"name":"VulnerabilitySourceText","value":""},"AssessmentCheckText":{"name":"AssessmentCheckText","value":""},"ScannerText":{"name":"ScannerText","value":""},"RecommendationText":{"name":"RecommendationText","value":""},"VulnerabilityReference":{"name":"VulnerabilityReference","TypeOfReferenceText":{"name":"TypeOfReferenceText","value":""},"ReferenceSourceText":{"name":"ReferenceSourceText","value":""},"URIText":{"name":"URIText","value":""},"ReferenceText":{"name":"ReferenceText","value":""}},"VulnerabilityModifiedDate":{"name":"VulnerabilityModifiedDate","value":""},"VulnerabilityPublishedDate":{"name":"VulnerabilityPublishedDate","value":""}},"Vulnerability1":{"name":"Vulnerability","VulnerabilityIdentifierText":{"name":"VulnerabilityIdentifierText","value":""},"SourceText":{"name":"SourceText","value":""},"VulnerabilityTitleText":{"name":"VulnerabilityTitleText","value":""},"VulnerabilitySummaryText":{"name":"VulnerabilitySummaryText","value":""},"VulnerabilityScoreValue":{"name":"VulnerabilityScoreValue","value":""},"VulnerabilityScoreVersionValue":{"name":"VulnerabilityScoreVersionValue","value":""},"VulnerabilityScoreSystemText":{"name":"VulnerabilityScoreSystemText","value":""},"ScoreDetails":{"name":"ScoreDetails","CommonVulnerabilityScoringSystemV2":{"name":"CommonVulnerabilityScoringSystemV2","VectorStringText":{"name":"VectorStringText","value":""},"AccessVectorText":{"name":"AccessVectorText","value":""},"AccessComplexityText":{"name":"AccessComplexityText","value":""},"VulnerabilityAuthenticationText":{"name":"VulnerabilityAuthenticationText","value":""},"ConfidentialityImpactText":{"name":"ConfidentialityImpactText","value":""},"IntegrityImpactText":{"name":"IntegrityImpactText","value":""},"AvailabilityImpactText":{"name":"AvailabilityImpactText","value":""},"VulnerabilityBaseScoreValue":{"name":"VulnerabilityBaseScoreValue","value":""}},"CommonVulnerabilityScoringSystemV3":{"name":"CommonVulnerabilityScoringSystemV3","VectorStringText":{"name":"VectorStringText","value":""},"AccessVectorText":{"name":"AccessVectorText","value":""},"AccessComplexityText":{"name":"AccessComplexityText","value":""},"PrivilegesRequiredText":{"name":"PrivilegesRequiredText","value":""},"UserInteractionText":{"name":"UserInteractionText","value":""},"VulnerabilityScopeText":{"name":"VulnerabilityScopeText","value":""},"ConfidentialityImpactText":{"name":"ConfidentialityImpactText","value":""},"IntegrityImpactText":{"name":"IntegrityImpactText","value":""},"AvailabilityImpactText":{"name":"AvailabilityImpactText","value":""},"VulnerabilityBaseScoreValue":{"name":"VulnerabilityBaseScoreValue","value":""},"BaseSeverityText":{"name":"BaseSeverityText","value":""}}},"VulnerabilityVectorText":{"name":"VulnerabilityVectorText","value":""},"AccessComplexityText":{"name":"AccessComplexityText","value":""},"VulnerabilityAuthenticationText":{"name":"VulnerabilityAuthenticationText","value":""},"ConfidentialityImpactText":{"name":"ConfidentialityImpactText","value":""},"IntegrityImpactText":{"name":"IntegrityImpactText","value":""},"AvailabilityImpactText":{"name":"AvailabilityImpactText","value":""},"VulnerabilitySourceText":{"name":"VulnerabilitySourceText","value":""},"AssessmentCheckText":{"name":"AssessmentCheckText","value":""},"ScannerText":{"name":"ScannerText","value":""},"RecommendationText":{"name":"RecommendationText","value":""},"VulnerabilityReference":{"name":"VulnerabilityReference","TypeOfReferenceText":{"name":"TypeOfReferenceText","value":""},"ReferenceSourceText":{"name":"ReferenceSourceText","value":""},"URIText":{"name":"URIText","value":""},"ReferenceText":{"name":"ReferenceText","value":""}},"VulnerabilityModifiedDate":{"name":"VulnerabilityModifiedDate","value":""},"VulnerabilityPublishedDate":{"name":"VulnerabilityPublishedDate","value":""}}},"VirusInformation":{"name":"VirusInformation","KnownVirusQuantity":{"name":"KnownVirusQuantity","value":""},"EngineVersionText":{"name":"EngineVersionText","value":""},"VirusEngineText":{"name":"VirusEngineText","value":""},"ScannedDirectoryQuantity":{"name":"ScannedDirectoryQuantity","value":""},"ScannedFileQuantity":{"name":"ScannedFileQuantity","value":""},"InfectedFileQuantity":{"name":"InfectedFileQuantity","value":""},"DataScannedText":{"name":"DataScannedText","value":""},"DataReadText":{"name":"DataReadText","value":""},"TimeText":{"name":"TimeText","value":""},"FileNotesText":{"name":"FileNotesText","value":""},"EngineDetails":{"name":"EngineDetails","EngineVersionText":{"name":"EngineVersionText","value":""},"DatabaseVersionText":{"name":"DatabaseVersionText","value":""}}}},"GovernanceRiskCompliance":{"name":"GovernanceRiskCompliance","RiskCode":{"name":"RiskCode","value":""},"StatementOfAssuranceText":{"name":"StatementOfAssuranceText","value":""}},"DeliveryInformation":{"name":"DeliveryInformation","DeliveringOrganizationText":{"name":"DeliveringOrganizationText","value":""},"DestinationText":{"name":"DestinationText","value":""},"HashText":{"name":"HashText","value":""},"LastRegistryUpdateDate":{"name":"LastRegistryUpdateDate","value":""}}}}