{"1539666102328526125":{"entrytype":"Load Remote Match","status":"Pass","timestamp":1539666102116771637,"filepath":"tmp/spdx-security-iepd/xml/xsd/spdx-xml-ref.xsd","digest":"550f7cab3dafd531cc95eec07574d1271e2118a56036d821dffc30f9d596be18","message":"Loaded Remote Resource"},"1539666102328533188":{"entrytype":"Authenticity Check","status":"Pass","timestamp":1539666102328530520,"filepath":"xml/xsd/spdx-xml-ref.xsd","digest":"550f7cab3dafd531cc95eec07574d1271e2118a56036d821dffc30f9d596be18","message":"spdx-xml-ref.xsd matches authoritative source"},"1539666102468031713":{"entrytype":"Load Remote Match","status":"Pass","timestamp":1539666102328535855,"filepath":"tmp/spdx-security-iepd/xml/instance/spdx-security-test-data.xml","digest":"957a13ffe44f2bc08a5199f2491fb38a523bdf2aed4fcf692e5ac8d01207e0cb","message":"Loaded Remote Resource"},"1539666102468039624":{"entrytype":"Authenticity Check","status":"Pass","timestamp":1539666102468036041,"filepath":"xml/instance/spdx-security-test-data.xml","digest":"957a13ffe44f2bc08a5199f2491fb38a523bdf2aed4fcf692e5ac8d01207e0cb","message":"spdx-security-test-data.xml matches authoritative source"},"1539666102468060520":{"entrytype":"GenerateResource","status":"Pass","timestamp":1539666102468081457,"filepath":"spdx-security-iep.xsd","xslpath":"tmp/spdx-security-iepd/xml/xsl/spdx-security-iep.xsl","digest":"11c4cf2ae17d980bad6149a1a6690f9a77566b339d36f70890e3a658e9f76c4c"},"1539666102770637420":{"entrytype":"GenerateResource","status":"Pass","timestamp":1539666102770650829,"filepath":"spdx-security-instance.xml","xslpath":"tmp/spdx-security-iepd/xml/xsl/spdx-security-instance.xsl","digest":"8294cbb8bf1d73962d6ec6c56823bdacdc71bf98f140bb9d353657b9dfbb31ee"},"1539666102881332831":{"entrytype":"GenerateResource","status":"Pass","timestamp":1539666102881346997,"filepath":"spdx-security-ref-xsd.json","xslpath":"tmp/spdx-security-iepd/xml/xsl/common/xsd-json.xsl","digest":"ce42b48ebab17141ba1f7db39e7f11f683ed3b005fb4d85d8dad6810f2dcd19d"},"1539666103039890548":{"entrytype":"GenerateResource","status":"Pass","timestamp":1539666103039903979,"filepath":"spdx-security-iep-xsd.json","xslpath":"tmp/spdx-security-iepd/xml/xsl/common/xsd-json.xsl","digest":"ff5d9fe5280db3255a4190000040bd60f59e0c6c52f23104f6a99f44fd023a2c"},"1539666103108671919":{"entrytype":"GenerateResource","status":"Pass","timestamp":1539666103108687467,"filepath":"spdx-security-instance.json","xslpath":"tmp/spdx-security-iepd/xml/xsl/common/xml-json.xsl","digest":"f6e737c874e73e8e5dca2caa1fc0d41611b919eeee702477c47e65ce849606ed"},"1539666103113738643":{"entrytype":"GenerateResource","status":"Pass","timestamp":1539666103113749135,"filepath":"spdx-security-struct.go","xslpath":"tmp/spdx-security-iepd/xml/xsl/spdx-security-go-gen.xsl","digest":"6624597c1270f15cbe28da470a3ee5a92230133228a26f367de9dba683a3c724"},"1539666103148802826":{"entrytype":"GenerateResource","status":"Pass","timestamp":1539666103148819953,"filepath":"spdx-security-struct_test.go","xslpath":"tmp/spdx-security-iepd/xml/xsl/spdx-security-go-test-gen.xsl","digest":"b46dbf73d3e3d891b0afbacc5ba32fdfb8bf2bfaae35abf460089a1b2ae99d7b"},"1539666103166749495":{"entrytype":"Marshal Data","status":"Pass","timestamp":1539666103167922818,"filepath":"spdx-security-instance-golang.xml","digest":"5e6824a4c18224975bc6d23752446ba55712378e6c57499c16fda05dc827590b"},"1539666103167988095":{"entrytype":"Validate","status":"Pass","timestamp":1539666103167989670,"filepath":"tmp/spdx-security-iepd/xml/xsd/spdx-xml-ref.xsd","xsdpath":"tmp/spdx-security-iepd/xml/xsd/ext/w3c/XMLSchema.xsd","valid":true},"1539666118429890266":{"entrytype":"Validate","status":"Pass","timestamp":1539666118429893563,"filepath":"tmp/spdx-security-iepd/xml/xsd/spdx-security-iep.xsd","xsdpath":"tmp/spdx-security-iepd/xml/xsd/ext/w3c/XMLSchema.xsd","valid":true},"1539666133671169622":{"entrytype":"Validate","status":"Pass","timestamp":1539666133671176637,"filepath":"tmp/spdx-security-iepd/xml/instance/spdx-security-instance.xml","xsdpath":"tmp/spdx-security-iepd/xml/xsd/spdx-security-iep.xsd","valid":true},"1539666133681751378":{"entrytype":"Validate","status":"Pass","timestamp":1539666133681753997,"filepath":"tmp/spdx-security-iepd/xml/instance/spdx-security-instance.xml","xsdpath":"tmp/spdx-security-iepd/xml/xsd/spdx-xml-ref.xsd","valid":true},"1539666133690251070":{"entrytype":"Validate","status":"Pass","timestamp":1539666133690257029,"filepath":"tmp/spdx-security-iepd/xml/instance/spdx-security-instance-golang.xml","xsdpath":"tmp/spdx-security-iepd/xml/xsd/spdx-security-iep.xsd","valid":true},"1539666133694752626":{"entrytype":"Validate","status":"Pass","timestamp":1539666133694754554,"filepath":"tmp/spdx-security-iepd/xml/instance/spdx-security-instance-golang.xml","xsdpath":"tmp/spdx-security-iepd/xml/xsd/spdx-xml-ref.xsd","valid":true}}