{"1540364361515137389":{"entrytype":"Load Remote Match","status":"Pass","timestamp":1540364361002936960,"filepath":"tmp/spdx-xml/xml/xsd/spdx-xml-ref.xsd","digest":"026e646a857a1eb3b91291594d746cee5e17560bf46cd43f797c3788d7f36141","message":"Loaded Remote Resource"},"1540364361533667648":{"entrytype":"Authenticity Check","status":"Pass","timestamp":1540364361533664380,"filepath":"xml/xsd/spdx-xml-ref.xsd","digest":"026e646a857a1eb3b91291594d746cee5e17560bf46cd43f797c3788d7f36141","message":"spdx-xml-ref.xsd matches authoritative source"},"1540364361674626580":{"entrytype":"Load Remote Match","status":"Pass","timestamp":1540364361535631801,"filepath":"tmp/spdx-xml/xml/instance/spdx-test-data.xml","digest":"903e02e2f86d4a0d2137d46092ff7373cb171940c1f70e3e5f965fe125add7ca","message":"Loaded Remote Resource"},"1540364361677858206":{"entrytype":"Authenticity Check","status":"Pass","timestamp":1540364361677854176,"filepath":"xml/instance/spdx-test-data.xml","digest":"903e02e2f86d4a0d2137d46092ff7373cb171940c1f70e3e5f965fe125add7ca","message":"spdx-test-data.xml matches authoritative source"},"1540364361745915772":{"entrytype":"Load Remote Match","status":"Pass","timestamp":1540364361722569782,"filepath":"tmp/spdx-doc-iepd/xml/xsd/spdx-xml-ref.xsd","digest":"026e646a857a1eb3b91291594d746cee5e17560bf46cd43f797c3788d7f36141","message":"Loaded Remote Resource"},"1540364361747765661":{"entrytype":"Authenticity Check","status":"Pass","timestamp":1540364361747764422,"filepath":"xml/xsd/spdx-xml-ref.xsd","digest":"026e646a857a1eb3b91291594d746cee5e17560bf46cd43f797c3788d7f36141","message":"spdx-xml-ref.xsd matches authoritative source"},"1540364361887801339":{"entrytype":"Load Remote Match","status":"Pass","timestamp":1540364361749476568,"filepath":"tmp/spdx-doc-iepd/xml/instance/spdx-doc-test-data.xml","digest":"a07f3c4e4cbff51467b486eb8dc2d2dddf75bf7098ad74ae166bff7fc67c7d83","message":"Loaded Remote Resource"},"1540364361890138318":{"entrytype":"Authenticity Check","status":"Pass","timestamp":1540364361890134435,"filepath":"xml/instance/spdx-doc-test-data.xml","digest":"a07f3c4e4cbff51467b486eb8dc2d2dddf75bf7098ad74ae166bff7fc67c7d83","message":"spdx-doc-test-data.xml matches authoritative source"},"1540364362050100992":{"entrytype":"GenerateResource","status":"Pass","timestamp":1540364361908488060,"filepath":"spdx-doc-iep.xsd","xslpath":"tmp/spdx-doc-iepd/xml/xsl/spdx-doc-iep.xsl","digest":"fa16f865aec2df5a606a35995af783650c1410e36ac0764e5f4e76c40511474c"},"1540364362058435804":{"entrytype":"GenerateResource","status":"Pass","timestamp":1540364362051898987,"filepath":"spdx-doc-instance.xml","xslpath":"tmp/spdx-doc-iepd/xml/xsl/spdx-doc-instance.xsl","digest":"da7dc734f14ae4f25a41ce1a326879a0653fb58ab573187012a0123535b49908"},"1540364362359344666":{"entrytype":"GenerateResource","status":"Pass","timestamp":1540364362060078439,"filepath":"spdx-xml-ref-xsd.json","xslpath":"tmp/spdx-doc-iepd/xml/xsl/common/xsd-json.xsl","digest":"93ddf4370fb992fb7b602284e499d176d44520fdf548757ecbde6f0d0ffc3e4f"},"1540364362371302264":{"entrytype":"GenerateResource","status":"Pass","timestamp":1540364362361299528,"filepath":"spdx-doc-iep-xsd.json","xslpath":"tmp/spdx-doc-iepd/xml/xsl/common/xsd-json.xsl","digest":"b8fe9d70b5ca0b9fc529385f7dd0214d2e45c1ff85674d3333717cacf7aa7d59"},"1540364362378761517":{"entrytype":"GenerateResource","status":"Pass","timestamp":1540364362376064563,"filepath":"spdx-doc-instance.json","xslpath":"tmp/spdx-doc-iepd/xml/xsl/common/xml-json.xsl","digest":"aad3b90e99c7ab95c02605df03adcad9799398c2c000d08a890e82b1266518e5"},"1540364362385538620":{"entrytype":"GenerateResource","status":"Pass","timestamp":1540364362380334221,"filepath":"spdx-doc-struct.go","xslpath":"tmp/spdx-doc-iepd/xml/xsl/spdx-doc-go-gen.xsl","digest":"ecdaa942d8bdc4ea01f74d019c3d896d866204ee3c08ce5c7cde433674c9d2f2"},"1540364362392373577":{"entrytype":"GenerateResource","status":"Pass","timestamp":1540364362387156456,"filepath":"spdx-doc-struct_test.go","xslpath":"tmp/spdx-doc-iepd/xml/xsl/spdx-doc-go-test-gen.xsl","digest":"0f427baba510bb9023cfbfb05496a4efab824403b48bb01243c677294eefd87a"},"1540364362432212839":{"entrytype":"GenerateResource","status":"Pass","timestamp":1540364362410158985,"filepath":"spdx-doc-documentation.html","xslpath":"tmp/spdx-doc-iepd/xml/xsl/common/docgen.xsl","digest":"24ee174a0e199e07ddad62d14f2d354309717aee55c3348b166b2c25b72c9aa1"},"1540364362434780587":{"entrytype":"Marshal Data","status":"Pass","timestamp":1540364362434705979,"filepath":"spdx-doc-instance-golang.xml","digest":"9bb5d9df173ff9f2a24c7bdf282ecd4fa6308989a4784258a04b3ded11f6e34e"},"1540364377682357007":{"entrytype":"Validate","status":"Pass","timestamp":1540364362436643112,"filepath":"tmp/spdx-doc-iepd/xml/xsd/spdx-xml-ref.xsd","xsdpath":"tmp/spdx-doc-iepd/xml/xsd/ext/w3c/XMLSchema.xsd","valid":true},"1540364392903261523":{"entrytype":"Validate","status":"Pass","timestamp":1540364377687856180,"filepath":"tmp/spdx-doc-iepd/xml/xsd/spdx-doc-iep.xsd","xsdpath":"tmp/spdx-doc-iepd/xml/xsd/ext/w3c/XMLSchema.xsd","valid":true},"1540364392914680394":{"entrytype":"Validate","status":"Pass","timestamp":1540364392911272021,"filepath":"tmp/spdx-doc-iepd/xml/instance/spdx-doc-instance.xml","xsdpath":"tmp/spdx-doc-iepd/xml/xsd/spdx-doc-iep.xsd","valid":true},"1540364392949545740":{"entrytype":"Validate","status":"Pass","timestamp":1540364392916772174,"filepath":"tmp/spdx-doc-iepd/xml/instance/spdx-doc-instance.xml","xsdpath":"tmp/spdx-doc-iepd/xml/xsd/spdx-xml-ref.xsd","valid":true},"1540364392955934458":{"entrytype":"Validate","status":"Pass","timestamp":1540364392954485566,"filepath":"tmp/spdx-doc-iepd/xml/instance/spdx-doc-instance-golang.xml","xsdpath":"tmp/spdx-doc-iepd/xml/xsd/spdx-doc-iep.xsd","valid":true},"1540364392969383136":{"entrytype":"Validate","status":"Pass","timestamp":1540364392957588065,"filepath":"tmp/spdx-doc-iepd/xml/instance/spdx-doc-instance-golang.xml","xsdpath":"tmp/spdx-doc-iepd/xml/xsd/spdx-xml-ref.xsd","valid":true},"1540364393092807146":{"entrytype":"Load Remote Match","status":"Pass","timestamp":1540364393070563910,"filepath":"tmp/spdx-license-iepd/xml/xsd/spdx-xml-ref.xsd","digest":"026e646a857a1eb3b91291594d746cee5e17560bf46cd43f797c3788d7f36141","message":"Loaded Remote Resource"},"1540364393094672663":{"entrytype":"Authenticity Check","status":"Pass","timestamp":1540364393094671958,"filepath":"xml/xsd/spdx-xml-ref.xsd","digest":"026e646a857a1eb3b91291594d746cee5e17560bf46cd43f797c3788d7f36141","message":"spdx-xml-ref.xsd matches authoritative source"},"1540364393243315489":{"entrytype":"Load Remote Match","status":"Pass","timestamp":1540364393096205081,"filepath":"tmp/spdx-license-iepd/xml/instance/spdx-license-test-data.xml","digest":"39dff9fb41d4d5d34fb1bdd9055e3adcd6de67f5498c0313b597d28221ade722","message":"Loaded Remote Resource"},"1540364393245644586":{"entrytype":"Authenticity Check","status":"Pass","timestamp":1540364393245641836,"filepath":"xml/instance/spdx-license-test-data.xml","digest":"39dff9fb41d4d5d34fb1bdd9055e3adcd6de67f5498c0313b597d28221ade722","message":"spdx-license-test-data.xml matches authoritative source"},"1540364393336343891":{"entrytype":"GenerateResource","status":"Pass","timestamp":1540364393264439750,"filepath":"spdx-license-iep.xsd","xslpath":"tmp/spdx-license-iepd/xml/xsl/spdx-license-iep.xsl","digest":"72d25f59322879b0a50271ce16b4939bd4eff0698e4a551971353924f136cb95"},"1540364393344633499":{"entrytype":"GenerateResource","status":"Pass","timestamp":1540364393341137990,"filepath":"spdx-license-instance.xml","xslpath":"tmp/spdx-license-iepd/xml/xsl/spdx-license-instance.xsl","digest":"daa125f832cff329a77dde2817cf90b0efbdb4335a454adb18540cf808553fc8"},"1540364393640605057":{"entrytype":"GenerateResource","status":"Pass","timestamp":1540364393346195614,"filepath":"spdx-xml-ref-xsd.json","xslpath":"tmp/spdx-license-iepd/xml/xsl/common/xsd-json.xsl","digest":"93ddf4370fb992fb7b602284e499d176d44520fdf548757ecbde6f0d0ffc3e4f"},"1540364393647387867":{"entrytype":"GenerateResource","status":"Pass","timestamp":1540364393642535041,"filepath":"spdx-license-iep-xsd.json","xslpath":"tmp/spdx-license-iepd/xml/xsl/common/xsd-json.xsl","digest":"c8fd9f8a88341980d035e2d55661c3101ae3d412a0e5c65aabdf72182390fe7c"},"1540364393651701209":{"entrytype":"GenerateResource","status":"Pass","timestamp":1540364393649094892,"filepath":"spdx-license-instance.json","xslpath":"tmp/spdx-license-iepd/xml/xsl/common/xml-json.xsl","digest":"a28519fc4dfc96d63e7ae420eca1202af28b45a2c4eec8c3229e3dd5717aaef3"},"1540364393657251340":{"entrytype":"GenerateResource","status":"Pass","timestamp":1540364393653591306,"filepath":"spdx-license-struct.go","xslpath":"tmp/spdx-license-iepd/xml/xsl/spdx-license-go-gen.xsl","digest":"2b4232f1933b2abc0d5c29e20a1c62969e2811dd6e0fb72f162a137a1defaf4d"},"1540364393680321806":{"entrytype":"GenerateResource","status":"Pass","timestamp":1540364393661963176,"filepath":"spdx-license-struct_test.go","xslpath":"tmp/spdx-license-iepd/xml/xsl/spdx-license-go-test-gen.xsl","digest":"072aa72b94cf86b6b300b539af869b537e0adfb51cb2e0df3e1b6c23ef23acf8"},"1540364393704891734":{"entrytype":"GenerateResource","status":"Pass","timestamp":1540364393698273833,"filepath":"spdx-license-documentation.html","xslpath":"tmp/spdx-license-iepd/xml/xsl/common/docgen.xsl","digest":"d8037e8c4c03a09726f8ae33e89a701bea3248e4429661b2f9b39753197a1744"},"1540364393706958891":{"entrytype":"Marshal Data","status":"Pass","timestamp":1540364393706916200,"filepath":"spdx-license-instance-golang.xml","digest":"a3d5a1bcf210c2a3fb46890a60843c7ee434a8d6efc9f86cc69d78bf357b963d"},"1540364408934731610":{"entrytype":"Validate","status":"Pass","timestamp":1540364393708630286,"filepath":"tmp/spdx-license-iepd/xml/xsd/spdx-xml-ref.xsd","xsdpath":"tmp/spdx-license-iepd/xml/xsd/ext/w3c/XMLSchema.xsd","valid":true},"1540364424171978666":{"entrytype":"Validate","status":"Pass","timestamp":1540364408964270928,"filepath":"tmp/spdx-license-iepd/xml/xsd/spdx-license-iep.xsd","xsdpath":"tmp/spdx-license-iepd/xml/xsd/ext/w3c/XMLSchema.xsd","valid":true},"1540364424188504693":{"entrytype":"Validate","status":"Pass","timestamp":1540364424187055223,"filepath":"tmp/spdx-license-iepd/xml/instance/spdx-license-instance.xml","xsdpath":"tmp/spdx-license-iepd/xml/xsd/spdx-license-iep.xsd","valid":true},"1540364424218506529":{"entrytype":"Validate","status":"Pass","timestamp":1540364424190540122,"filepath":"tmp/spdx-license-iepd/xml/instance/spdx-license-instance.xml","xsdpath":"tmp/spdx-license-iepd/xml/xsd/spdx-xml-ref.xsd","valid":true},"1540364424304145164":{"entrytype":"Validate","status":"Pass","timestamp":1540364424303670784,"filepath":"tmp/spdx-license-iepd/xml/instance/spdx-license-instance-golang.xml","xsdpath":"tmp/spdx-license-iepd/xml/xsd/spdx-license-iep.xsd","valid":true},"1540364424423088088":{"entrytype":"Validate","status":"Pass","timestamp":1540364424393415670,"filepath":"tmp/spdx-license-iepd/xml/instance/spdx-license-instance-golang.xml","xsdpath":"tmp/spdx-license-iepd/xml/xsd/spdx-xml-ref.xsd","valid":true},"1540364424788895163":{"entrytype":"Load Remote Match","status":"Pass","timestamp":1540364424763077778,"filepath":"tmp/spdx-security-iepd/xml/xsd/spdx-xml-ref.xsd","digest":"026e646a857a1eb3b91291594d746cee5e17560bf46cd43f797c3788d7f36141","message":"Loaded Remote Resource"},"1540364424915178983":{"entrytype":"Authenticity Check","status":"Pass","timestamp":1540364424915174313,"filepath":"xml/xsd/spdx-xml-ref.xsd","digest":"026e646a857a1eb3b91291594d746cee5e17560bf46cd43f797c3788d7f36141","message":"spdx-xml-ref.xsd matches authoritative source"},"1540364425132357460":{"entrytype":"Load Remote Match","status":"Pass","timestamp":1540364424917292767,"filepath":"tmp/spdx-security-iepd/xml/instance/spdx-security-test-data.xml","digest":"e76aadd1a163f2e562fb4ae321c265223ef025bdea3fcf976aaa0c733b0c66f1","message":"Loaded Remote Resource"},"1540364425262656864":{"entrytype":"Authenticity Check","status":"Pass","timestamp":1540364425262655615,"filepath":"xml/instance/spdx-security-test-data.xml","digest":"e76aadd1a163f2e562fb4ae321c265223ef025bdea3fcf976aaa0c733b0c66f1","message":"spdx-security-test-data.xml matches authoritative source"},"1540364425673200021":{"entrytype":"GenerateResource","status":"Pass","timestamp":1540364425360923778,"filepath":"spdx-security-iep.xsd","xslpath":"tmp/spdx-security-iepd/xml/xsl/spdx-security-iep.xsl","digest":"8acf35a67b2c970490c310b5917328ec4ce449c4ed0e3e533765e3e5c6cbb872"},"1540364425925602534":{"entrytype":"GenerateResource","status":"Pass","timestamp":1540364425753883830,"filepath":"spdx-security-instance.xml","xslpath":"tmp/spdx-security-iepd/xml/xsl/spdx-security-instance.xsl","digest":"a1b01ef7553d0d5bf45830ba634517d60b80c3487f30c3412861d39d11eb0820"},"1540364426274324253":{"entrytype":"GenerateResource","status":"Pass","timestamp":1540364425979048030,"filepath":"spdx-security-ref-xsd.json","xslpath":"tmp/spdx-security-iepd/xml/xsl/common/xsd-json.xsl","digest":"93ddf4370fb992fb7b602284e499d176d44520fdf548757ecbde6f0d0ffc3e4f"},"1540364426496103133":{"entrytype":"GenerateResource","status":"Pass","timestamp":1540364426386056316,"filepath":"spdx-security-iep-xsd.json","xslpath":"tmp/spdx-security-iepd/xml/xsl/common/xsd-json.xsl","digest":"bd9bc87a589c054b74543df69ad566548240007e53240d8eb7983754bb32fb1b"},"1540364426636256587":{"entrytype":"GenerateResource","status":"Pass","timestamp":1540364426625653185,"filepath":"spdx-security-instance.json","xslpath":"tmp/spdx-security-iepd/xml/xsl/common/xml-json.xsl","digest":"cf2459bdb33a6f762d2718769cdf18debb6c0c25d69b42030363f1fe4092b254"},"1540364426788782477":{"entrytype":"GenerateResource","status":"Pass","timestamp":1540364426725043006,"filepath":"spdx-security-struct.go","xslpath":"tmp/spdx-security-iepd/xml/xsl/spdx-security-go-gen.xsl","digest":"2ca27d7b324c934c2b6a3ee6d61d270420c060a605ef92e214aa4489a33ccd82"},"1540364426906010476":{"entrytype":"GenerateResource","status":"Pass","timestamp":1540364426868437071,"filepath":"spdx-security-struct_test.go","xslpath":"tmp/spdx-security-iepd/xml/xsl/spdx-security-go-test-gen.xsl","digest":"f8251fa32a49dbabb3ee93fd1e5fab13681e73bfb00decf5c80b0a822e4f9746"},"1540364427077664184":{"entrytype":"GenerateResource","status":"Pass","timestamp":1540364427010881416,"filepath":"spdx-security-documentation.html","xslpath":"tmp/spdx-security-iepd/xml/xsl/common/docgen.xsl","digest":"3c8bf6a966f20312e27aab50544b0c9a00809aaeca4b507da89c375a3fc24abf"},"1540364427154153249":{"entrytype":"Marshal Data","status":"Pass","timestamp":1540364427154095933,"filepath":"spdx-security-instance-golang.xml","digest":"5e6824a4c18224975bc6d23752446ba55712378e6c57499c16fda05dc827590b"},"1540364442450136895":{"entrytype":"Validate","status":"Pass","timestamp":1540364427225828217,"filepath":"tmp/spdx-security-iepd/xml/xsd/spdx-xml-ref.xsd","xsdpath":"tmp/spdx-security-iepd/xml/xsd/ext/w3c/XMLSchema.xsd","valid":true},"1540364457737592234":{"entrytype":"Validate","status":"Pass","timestamp":1540364442514206106,"filepath":"tmp/spdx-security-iepd/xml/xsd/spdx-security-iep.xsd","xsdpath":"tmp/spdx-security-iepd/xml/xsd/ext/w3c/XMLSchema.xsd","valid":true},"1540364457752849875":{"entrytype":"Validate","status":"Pass","timestamp":1540364457740935038,"filepath":"tmp/spdx-security-iepd/xml/instance/spdx-security-instance.xml","xsdpath":"tmp/spdx-security-iepd/xml/xsd/spdx-security-iep.xsd","valid":true},"1540364457768643233":{"entrytype":"Validate","status":"Pass","timestamp":1540364457754801677,"filepath":"tmp/spdx-security-iepd/xml/instance/spdx-security-instance.xml","xsdpath":"tmp/spdx-security-iepd/xml/xsd/spdx-xml-ref.xsd","valid":true},"1540364457776485475":{"entrytype":"Validate","status":"Pass","timestamp":1540364457770333083,"filepath":"tmp/spdx-security-iepd/xml/instance/spdx-security-instance-golang.xml","xsdpath":"tmp/spdx-security-iepd/xml/xsd/spdx-security-iep.xsd","valid":true},"1540364457805280138":{"entrytype":"Validate","status":"Pass","timestamp":1540364457794227663,"filepath":"tmp/spdx-security-iepd/xml/instance/spdx-security-instance-golang.xml","xsdpath":"tmp/spdx-security-iepd/xml/xsd/spdx-xml-ref.xsd","valid":true}}