{"1539715983895120772":{"entrytype":"Load Remote Match","status":"Pass","timestamp":1539715983498975723,"filepath":"tmp/spdx-security-iepd/xml/xsd/spdx-xml-ref.xsd","digest":"026e646a857a1eb3b91291594d746cee5e17560bf46cd43f797c3788d7f36141","message":"Loaded Remote Resource"},"1539715983895125343":{"entrytype":"Authenticity Check","status":"Pass","timestamp":1539715983895124184,"filepath":"xml/xsd/spdx-xml-ref.xsd","digest":"026e646a857a1eb3b91291594d746cee5e17560bf46cd43f797c3788d7f36141","message":"spdx-xml-ref.xsd matches authoritative source"},"1539715984036253749":{"entrytype":"Load Remote Match","status":"Pass","timestamp":1539715983895126975,"filepath":"tmp/spdx-security-iepd/xml/instance/spdx-security-test-data.xml","digest":"395408a3dc9c3db2b5c200b8722a13a60898c861633b99e6e250186adffd1370","message":"Loaded Remote Resource"},"1539715984036255707":{"entrytype":"Authenticity Check","status":"Pass","timestamp":1539715984036254790,"filepath":"xml/instance/spdx-security-test-data.xml","digest":"395408a3dc9c3db2b5c200b8722a13a60898c861633b99e6e250186adffd1370","message":"spdx-security-test-data.xml matches authoritative source"},"1539715984036260788":{"entrytype":"GenerateResource","status":"Pass","timestamp":1539715984036264544,"filepath":"spdx-security-iep.xsd","xslpath":"tmp/spdx-security-iepd/xml/xsl/spdx-security-iep.xsl","digest":"8acf35a67b2c970490c310b5917328ec4ce449c4ed0e3e533765e3e5c6cbb872"},"1539715984313195858":{"entrytype":"GenerateResource","status":"Pass","timestamp":1539715984313209147,"filepath":"spdx-security-instance.xml","xslpath":"tmp/spdx-security-iepd/xml/xsl/spdx-security-instance.xsl","digest":"4d60ec494648cbdfa42074701c1e83a933d0d8d5518fe38ca4c763dc7324b6f2"},"1539715984398346103":{"entrytype":"GenerateResource","status":"Pass","timestamp":1539715984398359230,"filepath":"spdx-security-ref-xsd.json","xslpath":"tmp/spdx-security-iepd/xml/xsl/common/xsd-json.xsl","digest":"8bc866bddd29e98ecc67f1c2b8f1d2a0b86b75a4c0a228343fd9e2baa4e0a7c3"},"1539715984554725371":{"entrytype":"GenerateResource","status":"Pass","timestamp":1539715984554737581,"filepath":"spdx-security-iep-xsd.json","xslpath":"tmp/spdx-security-iepd/xml/xsl/common/xsd-json.xsl","digest":"90243f7aa91616175a5a48b4d2a1910ffde3840c6847a81ba2f34f81081499aa"},"1539715984624101078":{"entrytype":"GenerateResource","status":"Pass","timestamp":1539715984624112314,"filepath":"spdx-security-instance.json","xslpath":"tmp/spdx-security-iepd/xml/xsl/common/xml-json.xsl","digest":"256fda046944facf42fc1a15e9b3a7937c98942da95dcc1cca4869167ece7831"},"1539715984628102783":{"entrytype":"GenerateResource","status":"Pass","timestamp":1539715984628112261,"filepath":"spdx-security-struct.go","xslpath":"tmp/spdx-security-iepd/xml/xsl/spdx-security-go-gen.xsl","digest":"377f34db556f2a22b6bb3fabed67e9c5d0009b12d82fe7335725a3bd8489ed2b"},"1539715984660707033":{"entrytype":"GenerateResource","status":"Pass","timestamp":1539715984660719280,"filepath":"spdx-security-struct_test.go","xslpath":"tmp/spdx-security-iepd/xml/xsl/spdx-security-go-test-gen.xsl","digest":"e9cc0f639fa9a23c434108073ed56e5392bdd8623de769d7caff77c169a0d0e0"},"1539715984677909429":{"entrytype":"Marshal Data","status":"Pass","timestamp":1539715984678488877,"filepath":"spdx-security-instance-golang.xml","digest":"bc9a67814edc6fd463741536fc037586e07f5f5cf455866681af6e9a3e7df8ba"},"1539715984678510692":{"entrytype":"Validate","status":"Pass","timestamp":1539715984678511938,"filepath":"tmp/spdx-security-iepd/xml/xsd/spdx-xml-ref.xsd","xsdpath":"tmp/spdx-security-iepd/xml/xsd/ext/w3c/XMLSchema.xsd","valid":true},"1539715999915612433":{"entrytype":"Validate","status":"Pass","timestamp":1539715999915614452,"filepath":"tmp/spdx-security-iepd/xml/xsd/spdx-security-iep.xsd","xsdpath":"tmp/spdx-security-iepd/xml/xsd/ext/w3c/XMLSchema.xsd","valid":true},"1539716015133656848":{"entrytype":"Validate","status":"Fail","timestamp":1539716015133659190,"filepath":"tmp/spdx-security-iepd/xml/instance/spdx-security-instance.xml","xsdpath":"tmp/spdx-security-iepd/xml/xsd/spdx-security-iep.xsd","errors[]":["Element '{urn:spdx-xml:1.0}SemanticVersionIndicator': '' is not a valid value of the atomic type '{urn:spdx-xml:1.0}SemanticVersionIndicatorSimpleType'.","Element '{urn:spdx-xml:1.0}SemanticVersionText': [facet 'pattern'] The value '' is not accepted by the pattern '(0|[1-9]\\d*)\\.(0|[1-9]\\d*)\\.(0|[1-9]\\d*)(-(0|[1-9]\\d*|\\d*[a-zA-Z-][0-9a-zA-Z-]*)(\\.(0|[1-9]\\d*|\\d*[a-zA-Z-][0-9a-zA-Z-]*))*)?(\\+[0-9a-zA-Z-]+(\\.[0-9a-zA-Z-]+)*)?'.","Element '{urn:spdx-xml:1.0}SemanticVersionText': '' is not a valid value of the atomic type '{urn:spdx-xml:1.0}SemanticVersionTextSimpleType'.","Element '{urn:spdx-xml:1.0}MajorVersionNumeric': '' is not a valid value of the atomic type '{urn:spdx-xml:1.0}VersionSimpleType'.","Element '{urn:spdx-xml:1.0}MinorVersionNumeric': '' is not a valid value of the atomic type '{urn:spdx-xml:1.0}VersionSimpleType'.","Element '{urn:spdx-xml:1.0}PatchVersionText': '' is not a valid value of the atomic type '{urn:spdx-xml:1.0}VersionSimpleType'.","Element '{urn:spdx-xml:1.0}PreReleaseVersionText': [facet 'pattern'] The value '' is not accepted by the pattern '-[0-9A-Za-z-]{0,24}'.","Element '{urn:spdx-xml:1.0}PreReleaseVersionText': '' is not a valid value of the atomic type '{urn:spdx-xml:1.0}PreReleaseVersionSimpleType'.","Element '{urn:spdx-xml:1.0}BuildMetaText': [facet 'pattern'] The value '' is not accepted by the pattern '\\+[0-9A-Za-z.-]{0,24}'.","Element '{urn:spdx-xml:1.0}BuildMetaText': '' is not a valid value of the atomic type '{urn:spdx-xml:1.0}BuildMetaSimpleType'.","Element '{urn:spdx-xml:1.0}SemanticVersionDate': '' is not a valid value of the atomic type '{urn:spdx-xml:1.0}DateTimeSimpleType'.","Element '{urn:spdx-xml:1.0}PythonSemanticVersionIndicator': '' is not a valid value of the atomic type '{urn:spdx-xml:1.0}PythonSemanticVersionIndicatorSimpleType'.","Element '{urn:spdx-xml:1.0}PythonEpochSegmentText': [facet 'pattern'] The value '' is not accepted by the pattern '[(\\d+!)?]'.","Element '{urn:spdx-xml:1.0}PythonEpochSegmentText': '' is not a valid value of the atomic type '{urn:spdx-xml:1.0}PythonEpochVersionSimpleType'.","Element '{urn:spdx-xml:1.0}PythonReleaseSegmentText': [facet 'pattern'] The value '' is not accepted by the pattern '[(\\d+)(\\.\\d+)+]'.","Element '{urn:spdx-xml:1.0}PythonReleaseSegmentText': '' is not a valid value of the atomic type '{urn:spdx-xml:1.0}PythonReleaseVersionSimpleType'.","Element '{urn:spdx-xml:1.0}PythonPreReleaseSegmentText': [facet 'pattern'] The value '' is not accepted by the pattern '[(\\d+!)?]'.","Element '{urn:spdx-xml:1.0}PythonPreReleaseSegmentText': '' is not a valid value of the atomic type '{urn:spdx-xml:1.0}PythonPreReleaseVersionSimpleType'.","Element '{urn:spdx-xml:1.0}PythonPostReleaseSegmentText': [facet 'pattern'] The value '' is not accepted by the pattern '[(\\.?(post)\\d*)?]'.","Element '{urn:spdx-xml:1.0}PythonPostReleaseSegmentText': '' is not a valid value of the atomic type '{urn:spdx-xml:1.0}PythonPostReleaseVersionSimpleType'.","Element '{urn:spdx-xml:1.0}PythonDevelopmentReleaseSegmentText': [facet 'pattern'] The value '' is not accepted by the pattern '[(\\d+!)?]'.","Element '{urn:spdx-xml:1.0}PythonDevelopmentReleaseSegmentText': '' is not a valid value of the atomic type '{urn:spdx-xml:1.0}PythonPreReleaseVersionSimpleType'.","Element '{urn:spdx-xml:1.0}PythonVersionText': [facet 'pattern'] The value '' is not accepted by the pattern '[0-9]{1,3}\\.[0-9]{1,3}\\.[0-9]{1,3}(\\..*)?'.","Element '{urn:spdx-xml:1.0}PythonVersionText': '' is not a valid value of the atomic type '{urn:spdx-xml:1.0}PythonVersionTextSimpleType'.","Element '{urn:spdx-xml:1.0}ComputerFileNameText': [facet 'minLength'] The value has a length of '0'; this underruns the allowed minimum length of '1'.","Element '{urn:spdx-xml:1.0}ComputerFileNameText': [facet 'pattern'] The value '' is not accepted by the pattern '[a-zA-Z\\\\_\\-/]{1,256}'.","Element '{urn:spdx-xml:1.0}ComputerFileNameText': '' is not a valid value of the atomic type '{urn:spdx-xml:1.0}ComputerFileNameSimpleType'.","Element '{urn:spdx-xml:1.0}FileExtensionText': [facet 'pattern'] The value '' is not accepted by the pattern '\\.[a-zA-Z]{0,24}'.","Element '{urn:spdx-xml:1.0}FileExtensionText': '' is not a valid value of the atomic type '{urn:spdx-xml:1.0}ComputerFileExtensionSimpleType'.","Element '{urn:spdx-xml:1.0}SourceHashText': [facet 'length'] The value has a length of '0'; this differs from the allowed length of '64'.","Element '{urn:spdx-xml:1.0}SourceHashText': [facet 'pattern'] The value '' is not accepted by the pattern '[A-Fa-f0-9]{64}'.","Element '{urn:spdx-xml:1.0}SourceHashText': '' is not a valid value of the atomic type '{urn:spdx-xml:1.0}Sha256TextSimpleType'."]},"1539716015145526772":{"entrytype":"Validate","status":"Fail","timestamp":1539716015145528669,"filepath":"tmp/spdx-security-iepd/xml/instance/spdx-security-instance.xml","xsdpath":"tmp/spdx-security-iepd/xml/xsd/spdx-xml-ref.xsd","errors[]":["Element '{urn:spdx-xml:1.0}SemanticVersionIndicator': '' is not a valid value of the atomic type '{urn:spdx-xml:1.0}SemanticVersionIndicatorSimpleType'.","Element '{urn:spdx-xml:1.0}SemanticVersionText': [facet 'pattern'] The value '' is not accepted by the pattern '(0|[1-9]\\d*)\\.(0|[1-9]\\d*)\\.(0|[1-9]\\d*)(-(0|[1-9]\\d*|\\d*[a-zA-Z-][0-9a-zA-Z-]*)(\\.(0|[1-9]\\d*|\\d*[a-zA-Z-][0-9a-zA-Z-]*))*)?(\\+[0-9a-zA-Z-]+(\\.[0-9a-zA-Z-]+)*)?'.","Element '{urn:spdx-xml:1.0}SemanticVersionText': '' is not a valid value of the atomic type '{urn:spdx-xml:1.0}SemanticVersionTextSimpleType'.","Element '{urn:spdx-xml:1.0}MajorVersionNumeric': '' is not a valid value of the atomic type '{urn:spdx-xml:1.0}VersionSimpleType'.","Element '{urn:spdx-xml:1.0}MinorVersionNumeric': '' is not a valid value of the atomic type '{urn:spdx-xml:1.0}VersionSimpleType'.","Element '{urn:spdx-xml:1.0}PatchVersionText': '' is not a valid value of the atomic type '{urn:spdx-xml:1.0}VersionSimpleType'.","Element '{urn:spdx-xml:1.0}PreReleaseVersionText': [facet 'pattern'] The value '' is not accepted by the pattern '-[0-9A-Za-z-]{0,24}'.","Element '{urn:spdx-xml:1.0}PreReleaseVersionText': '' is not a valid value of the atomic type '{urn:spdx-xml:1.0}PreReleaseVersionSimpleType'.","Element '{urn:spdx-xml:1.0}BuildMetaText': [facet 'pattern'] The value '' is not accepted by the pattern '\\+[0-9A-Za-z.-]{0,24}'.","Element '{urn:spdx-xml:1.0}BuildMetaText': '' is not a valid value of the atomic type '{urn:spdx-xml:1.0}BuildMetaSimpleType'.","Element '{urn:spdx-xml:1.0}SemanticVersionDate': '' is not a valid value of the atomic type '{urn:spdx-xml:1.0}DateTimeSimpleType'.","Element '{urn:spdx-xml:1.0}PythonSemanticVersionIndicator': '' is not a valid value of the atomic type '{urn:spdx-xml:1.0}PythonSemanticVersionIndicatorSimpleType'.","Element '{urn:spdx-xml:1.0}PythonEpochSegmentText': [facet 'pattern'] The value '' is not accepted by the pattern '[(\\d+!)?]'.","Element '{urn:spdx-xml:1.0}PythonEpochSegmentText': '' is not a valid value of the atomic type '{urn:spdx-xml:1.0}PythonEpochVersionSimpleType'.","Element '{urn:spdx-xml:1.0}PythonReleaseSegmentText': [facet 'pattern'] The value '' is not accepted by the pattern '[(\\d+)(\\.\\d+)+]'.","Element '{urn:spdx-xml:1.0}PythonReleaseSegmentText': '' is not a valid value of the atomic type '{urn:spdx-xml:1.0}PythonReleaseVersionSimpleType'.","Element '{urn:spdx-xml:1.0}PythonPreReleaseSegmentText': [facet 'pattern'] The value '' is not accepted by the pattern '[(\\d+!)?]'.","Element '{urn:spdx-xml:1.0}PythonPreReleaseSegmentText': '' is not a valid value of the atomic type '{urn:spdx-xml:1.0}PythonPreReleaseVersionSimpleType'.","Element '{urn:spdx-xml:1.0}PythonPostReleaseSegmentText': [facet 'pattern'] The value '' is not accepted by the pattern '[(\\.?(post)\\d*)?]'.","Element '{urn:spdx-xml:1.0}PythonPostReleaseSegmentText': '' is not a valid value of the atomic type '{urn:spdx-xml:1.0}PythonPostReleaseVersionSimpleType'.","Element '{urn:spdx-xml:1.0}PythonDevelopmentReleaseSegmentText': [facet 'pattern'] The value '' is not accepted by the pattern '[(\\d+!)?]'.","Element '{urn:spdx-xml:1.0}PythonDevelopmentReleaseSegmentText': '' is not a valid value of the atomic type '{urn:spdx-xml:1.0}PythonPreReleaseVersionSimpleType'.","Element '{urn:spdx-xml:1.0}PythonVersionText': [facet 'pattern'] The value '' is not accepted by the pattern '[0-9]{1,3}\\.[0-9]{1,3}\\.[0-9]{1,3}(\\..*)?'.","Element '{urn:spdx-xml:1.0}PythonVersionText': '' is not a valid value of the atomic type '{urn:spdx-xml:1.0}PythonVersionTextSimpleType'.","Element '{urn:spdx-xml:1.0}ComputerFileNameText': [facet 'minLength'] The value has a length of '0'; this underruns the allowed minimum length of '1'.","Element '{urn:spdx-xml:1.0}ComputerFileNameText': [facet 'pattern'] The value '' is not accepted by the pattern '[a-zA-Z\\\\_\\-/]{1,256}'.","Element '{urn:spdx-xml:1.0}ComputerFileNameText': '' is not a valid value of the atomic type '{urn:spdx-xml:1.0}ComputerFileNameSimpleType'.","Element '{urn:spdx-xml:1.0}FileExtensionText': [facet 'pattern'] The value '' is not accepted by the pattern '\\.[a-zA-Z]{0,24}'.","Element '{urn:spdx-xml:1.0}FileExtensionText': '' is not a valid value of the atomic type '{urn:spdx-xml:1.0}ComputerFileExtensionSimpleType'.","Element '{urn:spdx-xml:1.0}SourceHashText': [facet 'length'] The value has a length of '0'; this differs from the allowed length of '64'.","Element '{urn:spdx-xml:1.0}SourceHashText': [facet 'pattern'] The value '' is not accepted by the pattern '[A-Fa-f0-9]{64}'.","Element '{urn:spdx-xml:1.0}SourceHashText': '' is not a valid value of the atomic type '{urn:spdx-xml:1.0}Sha256TextSimpleType'."]},"1539716015160472178":{"entrytype":"Validate","status":"Fail","timestamp":1539716015160474341,"filepath":"tmp/spdx-security-iepd/xml/instance/spdx-security-instance-golang.xml","xsdpath":"tmp/spdx-security-iepd/xml/xsd/spdx-security-iep.xsd","errors[]":["Element '{urn:spdx-xml:1.0}VersionInformation': This element is not expected. Expected is ( {urn:spdx-xml:1.0}ProductTitleText ).","Element '{urn:spdx-xml:1.0}FileInformation': Missing child element(s). Expected is ( {urn:spdx-xml:1.0}ComputerFileNameText ).","Element '{urn:spdx-xml:1.0}AuthoritativeSourceInformation': Missing child element(s). Expected is ( {urn:spdx-xml:1.0}SourceHashText ).","Element '{urn:spdx-xml:1.0}Languages': This element is not expected. Expected is ( {urn:spdx-xml:1.0}CommitterQuantity ).","Element '{urn:spdx-xml:1.0}CompanyInformation': Missing child element(s). Expected is ( {urn:spdx-xml:1.0}NameText ).","Element '{urn:spdx-xml:1.0}Dependency': Missing child element(s). Expected is ( {urn:spdx-xml:1.0}NameText ).","Element '{urn:spdx-xml:1.0}Dependency': Missing child element(s). Expected is ( {urn:spdx-xml:1.0}NameText ).","Element '{urn:spdx-xml:1.0}Compiler': Missing child element(s). Expected is ( {urn:spdx-xml:1.0}NameText ).","Element '{urn:spdx-xml:1.0}LicenseInformation': Missing child element(s). Expected is ( {urn:spdx-xml:1.0}LicenseCategoryCode ).","Element '{urn:spdx-xml:1.0}ScoreDetails': This element is not expected. Expected is ( {urn:spdx-xml:1.0}VulnerabilityIdentifierText ).","Element '{urn:spdx-xml:1.0}ScoreDetails': This element is not expected. Expected is ( {urn:spdx-xml:1.0}VulnerabilityIdentifierText ).","Element '{urn:spdx-xml:1.0}EngineDetails': This element is not expected. Expected is ( {urn:spdx-xml:1.0}KnownVirusQuantity ).","Element '{urn:spdx-xml:1.0}GovernanceRiskCompliance': Missing child element(s). Expected is ( {urn:spdx-xml:1.0}RiskCode ).","Element '{urn:spdx-xml:1.0}DeliveryInformation': Missing child element(s). Expected is ( {urn:spdx-xml:1.0}DeliveringOrganizationText )."]},"1539716015164910237":{"entrytype":"Validate","status":"Fail","timestamp":1539716015164911965,"filepath":"tmp/spdx-security-iepd/xml/instance/spdx-security-instance-golang.xml","xsdpath":"tmp/spdx-security-iepd/xml/xsd/spdx-xml-ref.xsd","errors[]":["Element '{urn:spdx-xml:1.0}VersionInformation': This element is not expected. Expected is ( {urn:spdx-xml:1.0}ProductTitleText ).","Element '{urn:spdx-xml:1.0}FileInformation': Missing child element(s). Expected is ( {urn:spdx-xml:1.0}ComputerFileNameText ).","Element '{urn:spdx-xml:1.0}AuthoritativeSourceInformation': Missing child element(s). Expected is ( {urn:spdx-xml:1.0}SourceHashText ).","Element '{urn:spdx-xml:1.0}Languages': This element is not expected. Expected is ( {urn:spdx-xml:1.0}CommitterQuantity ).","Element '{urn:spdx-xml:1.0}CompanyInformation': Missing child element(s). Expected is ( {urn:spdx-xml:1.0}NameText ).","Element '{urn:spdx-xml:1.0}Dependency': Missing child element(s). Expected is ( {urn:spdx-xml:1.0}NameText ).","Element '{urn:spdx-xml:1.0}Dependency': Missing child element(s). Expected is ( {urn:spdx-xml:1.0}NameText ).","Element '{urn:spdx-xml:1.0}Compiler': Missing child element(s). Expected is ( {urn:spdx-xml:1.0}NameText ).","Element '{urn:spdx-xml:1.0}LicenseInformation': Missing child element(s). Expected is ( {urn:spdx-xml:1.0}LicenseCategoryCode ).","Element '{urn:spdx-xml:1.0}ScoreDetails': This element is not expected. Expected is ( {urn:spdx-xml:1.0}VulnerabilityIdentifierText ).","Element '{urn:spdx-xml:1.0}ScoreDetails': This element is not expected. Expected is ( {urn:spdx-xml:1.0}VulnerabilityIdentifierText ).","Element '{urn:spdx-xml:1.0}EngineDetails': This element is not expected. Expected is ( {urn:spdx-xml:1.0}KnownVirusQuantity ).","Element '{urn:spdx-xml:1.0}GovernanceRiskCompliance': Missing child element(s). Expected is ( {urn:spdx-xml:1.0}RiskCode ).","Element '{urn:spdx-xml:1.0}DeliveryInformation': Missing child element(s). Expected is ( {urn:spdx-xml:1.0}DeliveringOrganizationText )."]}}