{"SoftwareEvidenceArchive":{"name":"SoftwareEvidenceArchive","attributes":{"xsi:schemaLocation":"urn:spdx-xml:1.0 ../xsd/spdx-security-iep.xsd"},"SoftwareInformation":{"name":"SoftwareInformation","ProductTitleText":{"name":"ProductTitleText","value":"Line text max length 48 characters."},"SoftwareNameText":{"name":"SoftwareNameText","value":"Line text max length 48 characters."},"SoftwareOrgText":{"name":"SoftwareOrgText","value":"Line text max length 48 characters."},"VersionInformation":{"name":"VersionInformation","SoftwareVersionText":{"name":"SoftwareVersionText","value":"Line text max length 48 characters."},"SemanticVersionIndicator":{"name":"SemanticVersionIndicator","value":"true"},"SemanticVersionText":{"name":"SemanticVersionText","value":"1.0.0-alpha.beta"},"SemanticVersionInformation":{"name":"SemanticVersionInformation","APIName":{"name":"APIName","value":"APIname"},"MajorVersionNumeric":{"name":"MajorVersionNumeric","value":"1"},"MinorVersionNumeric":{"name":"MinorVersionNumeric","value":"1"},"PatchVersionText":{"name":"PatchVersionText","value":"1"},"PreReleaseVersionText":{"name":"PreReleaseVersionText","value":"-alpha"},"BuildMetaText":{"name":"BuildMetaText","value":"+exp.sha.5114f85"}},"SemanticVersionDate":{"name":"SemanticVersionDate","value":"2018-02-15T09:00:00"},"PythonSemanticVersionIndicator":{"name":"PythonSemanticVersionIndicator","value":"true"},"PythonSemanticVersion":{"name":"PythonSemanticVersion","PythonEpochSegmentText":{"name":"PythonEpochSegmentText","value":"1"},"PythonReleaseSegmentText":{"name":"PythonReleaseSegmentText","value":"0"},"PythonPreReleaseSegmentText":{"name":"PythonPreReleaseSegmentText","value":"3"},"PythonPostReleaseSegmentText":{"name":"PythonPostReleaseSegmentText","value":"2"},"PythonDevelopmentReleaseSegmentText":{"name":"PythonDevelopmentReleaseSegmentText","value":"3"}},"PythonVersionText":{"name":"PythonVersionText","value":"1.0.3.2.3"}},"GroupingText":{"name":"GroupingText","value":"Line text max length 48 characters."},"ReleaseNotesText":{"name":"ReleaseNotesText","value":"Paragraph text max length 512 characters."}},"FileInformation":{"name":"FileInformation","ComputerFileNameText":{"name":"ComputerFileNameText","value":"FileNameNoExtension"},"FileExtensionText":{"name":"FileExtensionText","value":".ext"}},"AuthoritativeSourceInformation":{"name":"AuthoritativeSourceInformation","SourceHashText":{"name":"SourceHashText","value":"49FE985C79ACECDAC8AC147A88E872FF4E134650367A9D7FC1EFCBAD8C28B47C"},"SourceURIText":{"name":"SourceURIText","value":"good:URI"},"AuthoritativeDigitalSignatureIndicator":{"name":"AuthoritativeDigitalSignatureIndicator","value":"true"}},"EcosystemInformation":{"name":"EcosystemInformation","Ecosystem":{"name":"Ecosystem","CommitterQuantity":{"name":"CommitterQuantity","value":"100"},"Languages":{"name":"Languages","LanguageText":{"name":"LanguageText","value":"Line text max length 48 characters."},"LanguageText1":{"name":"LanguageText","value":"Line text max length 48 characters."}},"CommitLogs":{"name":"CommitLogs","CommitLogText":{"name":"CommitLogText","value":"Line text max length 48 characters."},"CommitLogText1":{"name":"CommitLogText","value":"Line text max length 48 characters."}}},"CompanyInformation":{"name":"CompanyInformation","NameText":{"name":"NameText","value":"Line text max length 48 characters."}}},"DependencyInformation":{"name":"DependencyInformation","Dependencies":{"name":"Dependencies","Dependency":{"name":"Dependency","NameText":{"name":"NameText","value":"Line text max length 48 characters."},"DependencyVersionText":{"name":"DependencyVersionText","value":"Line text max length 48 characters."}},"Dependency1":{"name":"Dependency","NameText":{"name":"NameText","value":"Line text max length 48 characters."},"DependencyVersionText":{"name":"DependencyVersionText","value":"Line text max length 48 characters."}}},"Compiler":{"name":"Compiler","NameText":{"name":"NameText","value":"Line text max length 48 characters."},"CompilerVersionText":{"name":"CompilerVersionText","value":"Line text max length 48 characters."}}},"LicenseInformation":{"name":"LicenseInformation","LicenseCategoryCode":{"name":"LicenseCategoryCode","value":"FOSS"},"LicenseCode":{"name":"LicenseCode","value":"LGPL"},"LicenseCode1":{"name":"LicenseCode","value":"LGPL"},"EndOfLifeIndicator":{"name":"EndOfLifeIndicator","value":"true"}},"VulnerabilityInformation":{"name":"VulnerabilityInformation","Vulnerabilities":{"name":"Vulnerabilities","Vulnerability":{"name":"Vulnerability","VulnerabilityIdentifierText":{"name":"VulnerabilityIdentifierText","value":"Line text max length 48 characters."},"SourceText":{"name":"SourceText","value":"Line text max length 48 characters."},"VulnerabilityTitleText":{"name":"VulnerabilityTitleText","value":"Paragraph text max length 512 characters."},"VulnerabilitySummaryText":{"name":"VulnerabilitySummaryText","value":"Paragraph text max length 512 characters."},"VulnerabilityScoreValue":{"name":"VulnerabilityScoreValue","value":"123.456"},"VulnerabilityScoreVersionValue":{"name":"VulnerabilityScoreVersionValue","value":"123.456"},"VulnerabilityScoreSystemText":{"name":"VulnerabilityScoreSystemText","value":"Line text max length 48 characters."},"ScoreDetails":{"name":"ScoreDetails","CommonVulnerabilityScoringSystemV2":{"name":"CommonVulnerabilityScoringSystemV2","VectorStringText":{"name":"VectorStringText","value":"Line text max length 48 characters."},"AccessVectorText":{"name":"AccessVectorText","value":"Line text max length 48 characters."},"AccessComplexityText":{"name":"AccessComplexityText","value":"Line text max length 48 characters."},"VulnerabilityAuthenticationText":{"name":"VulnerabilityAuthenticationText","value":"Line text max length 48 characters."},"ConfidentialityImpactText":{"name":"ConfidentialityImpactText","value":"Line text max length 48 characters."},"IntegrityImpactText":{"name":"IntegrityImpactText","value":"Line text max length 48 characters."},"AvailabilityImpactText":{"name":"AvailabilityImpactText","value":"Line text max length 48 characters."},"VulnerabilityBaseScoreValue":{"name":"VulnerabilityBaseScoreValue","value":"123.456"}},"CommonVulnerabilityScoringSystemV3":{"name":"CommonVulnerabilityScoringSystemV3","VectorStringText":{"name":"VectorStringText","value":"Line text max length 48 characters."},"AccessVectorText":{"name":"AccessVectorText","value":"Line text max length 48 characters."},"AccessComplexityText":{"name":"AccessComplexityText","value":"Line text max length 48 characters."},"PrivilegesRequiredText":{"name":"PrivilegesRequiredText","value":"Line text max length 48 characters."},"UserInteractionText":{"name":"UserInteractionText","value":"Line text max length 48 characters."},"VulnerabilityScopeText":{"name":"VulnerabilityScopeText","value":"Line text max length 48 characters."},"ConfidentialityImpactText":{"name":"ConfidentialityImpactText","value":"Line text max length 48 characters."},"IntegrityImpactText":{"name":"IntegrityImpactText","value":"Line text max length 48 characters."},"AvailabilityImpactText":{"name":"AvailabilityImpactText","value":"Line text max length 48 characters."},"VulnerabilityBaseScoreValue":{"name":"VulnerabilityBaseScoreValue","value":"123.456"},"BaseSeverityText":{"name":"BaseSeverityText","value":"Line text max length 48 characters."}}},"VulnerabilityVectorText":{"name":"VulnerabilityVectorText","value":"Line text max length 48 characters."},"AccessComplexityText":{"name":"AccessComplexityText","value":"Line text max length 48 characters."},"VulnerabilityAuthenticationText":{"name":"VulnerabilityAuthenticationText","value":"Line text max length 48 characters."},"ConfidentialityImpactText":{"name":"ConfidentialityImpactText","value":"Line text max length 48 characters."},"IntegrityImpactText":{"name":"IntegrityImpactText","value":"Line text max length 48 characters."},"AvailabilityImpactText":{"name":"AvailabilityImpactText","value":"Line text max length 48 characters."},"VulnerabilitySourceText":{"name":"VulnerabilitySourceText","value":"Line text max length 48 characters."},"AssessmentCheckText":{"name":"AssessmentCheckText","value":"Line text max length 48 characters."},"ScannerText":{"name":"ScannerText","value":"Line text max length 48 characters."},"RecommendationText":{"name":"RecommendationText","value":"Paragraph text max length 512 characters."},"VulnerabilityReference":{"name":"VulnerabilityReference","TypeOfReferenceText":{"name":"TypeOfReferenceText","value":"Line text max length 48 characters."},"ReferenceSourceText":{"name":"ReferenceSourceText","value":"Line text max length 48 characters."},"URIText":{"name":"URIText","value":"good:URI"},"ReferenceText":{"name":"ReferenceText","value":"Paragraph text max length 512 characters."}},"VulnerabilityModifiedDate":{"name":"VulnerabilityModifiedDate","value":"2018-02-15T09:00:00"},"VulnerabilityPublishedDate":{"name":"VulnerabilityPublishedDate","value":"2018-02-15T09:00:00"}},"Vulnerability1":{"name":"Vulnerability","VulnerabilityIdentifierText":{"name":"VulnerabilityIdentifierText","value":"Line text max length 48 characters."},"SourceText":{"name":"SourceText","value":"Line text max length 48 characters."},"VulnerabilityTitleText":{"name":"VulnerabilityTitleText","value":"Paragraph text max length 512 characters."},"VulnerabilitySummaryText":{"name":"VulnerabilitySummaryText","value":"Paragraph text max length 512 characters."},"VulnerabilityScoreValue":{"name":"VulnerabilityScoreValue","value":"123.456"},"VulnerabilityScoreVersionValue":{"name":"VulnerabilityScoreVersionValue","value":"123.456"},"VulnerabilityScoreSystemText":{"name":"VulnerabilityScoreSystemText","value":"Line text max length 48 characters."},"ScoreDetails":{"name":"ScoreDetails","CommonVulnerabilityScoringSystemV2":{"name":"CommonVulnerabilityScoringSystemV2","VectorStringText":{"name":"VectorStringText","value":"Line text max length 48 characters."},"AccessVectorText":{"name":"AccessVectorText","value":"Line text max length 48 characters."},"AccessComplexityText":{"name":"AccessComplexityText","value":"Line text max length 48 characters."},"VulnerabilityAuthenticationText":{"name":"VulnerabilityAuthenticationText","value":"Line text max length 48 characters."},"ConfidentialityImpactText":{"name":"ConfidentialityImpactText","value":"Line text max length 48 characters."},"IntegrityImpactText":{"name":"IntegrityImpactText","value":"Line text max length 48 characters."},"AvailabilityImpactText":{"name":"AvailabilityImpactText","value":"Line text max length 48 characters."},"VulnerabilityBaseScoreValue":{"name":"VulnerabilityBaseScoreValue","value":"123.456"}},"CommonVulnerabilityScoringSystemV3":{"name":"CommonVulnerabilityScoringSystemV3","VectorStringText":{"name":"VectorStringText","value":"Line text max length 48 characters."},"AccessVectorText":{"name":"AccessVectorText","value":"Line text max length 48 characters."},"AccessComplexityText":{"name":"AccessComplexityText","value":"Line text max length 48 characters."},"PrivilegesRequiredText":{"name":"PrivilegesRequiredText","value":"Line text max length 48 characters."},"UserInteractionText":{"name":"UserInteractionText","value":"Line text max length 48 characters."},"VulnerabilityScopeText":{"name":"VulnerabilityScopeText","value":"Line text max length 48 characters."},"ConfidentialityImpactText":{"name":"ConfidentialityImpactText","value":"Line text max length 48 characters."},"IntegrityImpactText":{"name":"IntegrityImpactText","value":"Line text max length 48 characters."},"AvailabilityImpactText":{"name":"AvailabilityImpactText","value":"Line text max length 48 characters."},"VulnerabilityBaseScoreValue":{"name":"VulnerabilityBaseScoreValue","value":"123.456"},"BaseSeverityText":{"name":"BaseSeverityText","value":"Line text max length 48 characters."}}},"VulnerabilityVectorText":{"name":"VulnerabilityVectorText","value":"Line text max length 48 characters."},"AccessComplexityText":{"name":"AccessComplexityText","value":"Line text max length 48 characters."},"VulnerabilityAuthenticationText":{"name":"VulnerabilityAuthenticationText","value":"Line text max length 48 characters."},"ConfidentialityImpactText":{"name":"ConfidentialityImpactText","value":"Line text max length 48 characters."},"IntegrityImpactText":{"name":"IntegrityImpactText","value":"Line text max length 48 characters."},"AvailabilityImpactText":{"name":"AvailabilityImpactText","value":"Line text max length 48 characters."},"VulnerabilitySourceText":{"name":"VulnerabilitySourceText","value":"Line text max length 48 characters."},"AssessmentCheckText":{"name":"AssessmentCheckText","value":"Line text max length 48 characters."},"ScannerText":{"name":"ScannerText","value":"Line text max length 48 characters."},"RecommendationText":{"name":"RecommendationText","value":"Paragraph text max length 512 characters."},"VulnerabilityReference":{"name":"VulnerabilityReference","TypeOfReferenceText":{"name":"TypeOfReferenceText","value":"Line text max length 48 characters."},"ReferenceSourceText":{"name":"ReferenceSourceText","value":"Line text max length 48 characters."},"URIText":{"name":"URIText","value":"good:URI"},"ReferenceText":{"name":"ReferenceText","value":"Paragraph text max length 512 characters."}},"VulnerabilityModifiedDate":{"name":"VulnerabilityModifiedDate","value":"2018-02-15T09:00:00"},"VulnerabilityPublishedDate":{"name":"VulnerabilityPublishedDate","value":"2018-02-15T09:00:00"}}},"VirusInformation":{"name":"VirusInformation","KnownVirusQuantity":{"name":"KnownVirusQuantity","value":"100"},"EngineVersionText":{"name":"EngineVersionText","value":"Line text max length 48 characters."},"VirusEngineText":{"name":"VirusEngineText","value":"Line text max length 48 characters."},"ScannedDirectoryQuantity":{"name":"ScannedDirectoryQuantity","value":"100"},"ScannedFileQuantity":{"name":"ScannedFileQuantity","value":"100"},"InfectedFileQuantity":{"name":"InfectedFileQuantity","value":"100"},"DataScannedText":{"name":"DataScannedText","value":"Line text max length 48 characters."},"DataReadText":{"name":"DataReadText","value":"Line text max length 48 characters."},"TimeText":{"name":"TimeText","value":"Line text max length 48 characters."},"FileNotesText":{"name":"FileNotesText","value":"Paragraph text max length 512 characters."},"EngineDetails":{"name":"EngineDetails","EngineVersionText":{"name":"EngineVersionText","value":"Line text max length 48 characters."},"DatabaseVersionText":{"name":"DatabaseVersionText","value":"Line text max length 48 characters."}}}},"GovernanceRiskCompliance":{"name":"GovernanceRiskCompliance","RiskCode":{"name":"RiskCode","value":"medium"},"StatementOfAssuranceText":{"name":"StatementOfAssuranceText","value":"Paragraph text max length 512 characters."}},"DeliveryInformation":{"name":"DeliveryInformation","DeliveringOrganizationText":{"name":"DeliveringOrganizationText","value":"Line text max length 48 characters."},"DestinationText":{"name":"DestinationText","value":"Line text max length 48 characters."},"HashText":{"name":"HashText","value":"49FE985C79ACECDAC8AC147A88E872FF4E134650367A9D7FC1EFCBAD8C28B47C"},"LastRegistryUpdateDate":{"name":"LastRegistryUpdateDate","value":"2018-02-15T09:00:00"}}}}