{"1540022460626823511":{"entrytype":"Load Remote Match","status":"Pass","timestamp":1540022460273560445,"filepath":"tmp/spdx-doc-iepd/xml/xsd/spdx-xml-ref.xsd","digest":"026e646a857a1eb3b91291594d746cee5e17560bf46cd43f797c3788d7f36141","message":"Loaded Remote Resource"},"1540022460629352617":{"entrytype":"Authenticity Check","status":"Pass","timestamp":1540022460629349498,"filepath":"xml/xsd/spdx-xml-ref.xsd","digest":"026e646a857a1eb3b91291594d746cee5e17560bf46cd43f797c3788d7f36141","message":"spdx-xml-ref.xsd matches authoritative source"},"1540022460761434518":{"entrytype":"Load Remote Match","status":"Pass","timestamp":1540022460631521529,"filepath":"tmp/spdx-doc-iepd/xml/instance/spdx-doc-test-data.xml","digest":"a07f3c4e4cbff51467b486eb8dc2d2dddf75bf7098ad74ae166bff7fc67c7d83","message":"Loaded Remote Resource"},"1540022460780212771":{"entrytype":"Authenticity Check","status":"Pass","timestamp":1540022460780208848,"filepath":"xml/instance/spdx-doc-test-data.xml","digest":"a07f3c4e4cbff51467b486eb8dc2d2dddf75bf7098ad74ae166bff7fc67c7d83","message":"spdx-doc-test-data.xml matches authoritative source"},"1540022460931582255":{"entrytype":"GenerateResource","status":"Pass","timestamp":1540022460782459069,"filepath":"spdx-doc-iep.xsd","xslpath":"tmp/spdx-doc-iepd/xml/xsl/spdx-doc-iep.xsl","digest":"fa16f865aec2df5a606a35995af783650c1410e36ac0764e5f4e76c40511474c"},"1540022460941705363":{"entrytype":"GenerateResource","status":"Pass","timestamp":1540022460934670128,"filepath":"spdx-doc-instance.xml","xslpath":"tmp/spdx-doc-iepd/xml/xsl/spdx-doc-instance.xsl","digest":"da7dc734f14ae4f25a41ce1a326879a0653fb58ab573187012a0123535b49908"},"1540022461101602173":{"entrytype":"GenerateResource","status":"Pass","timestamp":1540022460943300390,"filepath":"spdx-xml-ref-xsd.json","xslpath":"tmp/spdx-doc-iepd/xml/xsl/common/xsd-json.xsl","digest":"8bc866bddd29e98ecc67f1c2b8f1d2a0b86b75a4c0a228343fd9e2baa4e0a7c3"},"1540022461110715587":{"entrytype":"GenerateResource","status":"Pass","timestamp":1540022461104677161,"filepath":"spdx-doc-iep-xsd.json","xslpath":"tmp/spdx-doc-iepd/xml/xsl/common/xsd-json.xsl","digest":"356c61e92a833fdc9086615835e339fbef4c3fd0bdddbe574dec83ea8845e39e"},"1540022461115114568":{"entrytype":"GenerateResource","status":"Pass","timestamp":1540022461112404377,"filepath":"spdx-doc-instance.json","xslpath":"tmp/spdx-doc-iepd/xml/xsl/common/xml-json.xsl","digest":"aad3b90e99c7ab95c02605df03adcad9799398c2c000d08a890e82b1266518e5"},"1540022461122429561":{"entrytype":"GenerateResource","status":"Pass","timestamp":1540022461116692574,"filepath":"spdx-doc-struct.go","xslpath":"tmp/spdx-doc-iepd/xml/xsl/spdx-doc-go-gen.xsl","digest":"90d1b0fb2ae7cf1739e5083df3b227b28f0c57f1d0af85dc0b706514bb30f463"},"1540022461145243184":{"entrytype":"GenerateResource","status":"Pass","timestamp":1540022461139721224,"filepath":"spdx-doc-struct_test.go","xslpath":"tmp/spdx-doc-iepd/xml/xsl/spdx-doc-go-test-gen.xsl","digest":"0f427baba510bb9023cfbfb05496a4efab824403b48bb01243c677294eefd87a"},"1540022461147193717":{"entrytype":"Marshal Data","status":"Pass","timestamp":1540022461147160140,"filepath":"spdx-doc-instance-golang.xml","digest":"9bb5d9df173ff9f2a24c7bdf282ecd4fa6308989a4784258a04b3ded11f6e34e"},"1540022476361853954":{"entrytype":"Validate","status":"Pass","timestamp":1540022461148808291,"filepath":"tmp/spdx-doc-iepd/xml/xsd/spdx-xml-ref.xsd","xsdpath":"tmp/spdx-doc-iepd/xml/xsd/ext/w3c/XMLSchema.xsd","valid":true},"1540022491570509165":{"entrytype":"Validate","status":"Pass","timestamp":1540022476364889553,"filepath":"tmp/spdx-doc-iepd/xml/xsd/spdx-doc-iep.xsd","xsdpath":"tmp/spdx-doc-iepd/xml/xsd/ext/w3c/XMLSchema.xsd","valid":true},"1540022491574361585":{"entrytype":"Validate","status":"Pass","timestamp":1540022491573589053,"filepath":"tmp/spdx-doc-iepd/xml/instance/spdx-doc-instance.xml","xsdpath":"tmp/spdx-doc-iepd/xml/xsd/spdx-doc-iep.xsd","valid":true},"1540022491583393025":{"entrytype":"Validate","status":"Pass","timestamp":1540022491575893959,"filepath":"tmp/spdx-doc-iepd/xml/instance/spdx-doc-instance.xml","xsdpath":"tmp/spdx-doc-iepd/xml/xsd/spdx-xml-ref.xsd","valid":true},"1540022491585793378":{"entrytype":"Validate","status":"Pass","timestamp":1540022491585077222,"filepath":"tmp/spdx-doc-iepd/xml/instance/spdx-doc-instance-golang.xml","xsdpath":"tmp/spdx-doc-iepd/xml/xsd/spdx-doc-iep.xsd","valid":true},"1540022491594461299":{"entrytype":"Validate","status":"Pass","timestamp":1540022491587418557,"filepath":"tmp/spdx-doc-iepd/xml/instance/spdx-doc-instance-golang.xml","xsdpath":"tmp/spdx-doc-iepd/xml/xsd/spdx-xml-ref.xsd","valid":true},"1540022491725640241":{"entrytype":"Load Remote Match","status":"Pass","timestamp":1540022491696957490,"filepath":"tmp/spdx-license-iepd/xml/xsd/spdx-xml-ref.xsd","digest":"026e646a857a1eb3b91291594d746cee5e17560bf46cd43f797c3788d7f36141","message":"Loaded Remote Resource"},"1540022491743208021":{"entrytype":"Authenticity Check","status":"Pass","timestamp":1540022491743205294,"filepath":"xml/xsd/spdx-xml-ref.xsd","digest":"026e646a857a1eb3b91291594d746cee5e17560bf46cd43f797c3788d7f36141","message":"spdx-xml-ref.xsd matches authoritative source"},"1540022491878119691":{"entrytype":"Load Remote Match","status":"Pass","timestamp":1540022491745302648,"filepath":"tmp/spdx-license-iepd/xml/instance/spdx-license-test-data.xml","digest":"39dff9fb41d4d5d34fb1bdd9055e3adcd6de67f5498c0313b597d28221ade722","message":"Loaded Remote Resource"},"1540022491881121222":{"entrytype":"Authenticity Check","status":"Pass","timestamp":1540022491881120220,"filepath":"xml/instance/spdx-license-test-data.xml","digest":"39dff9fb41d4d5d34fb1bdd9055e3adcd6de67f5498c0313b597d28221ade722","message":"spdx-license-test-data.xml matches authoritative source"},"1540022491922966184":{"entrytype":"GenerateResource","status":"Pass","timestamp":1540022491882745574,"filepath":"spdx-license-iep.xsd","xslpath":"tmp/spdx-license-iepd/xml/xsl/spdx-license-iep.xsl","digest":"72d25f59322879b0a50271ce16b4939bd4eff0698e4a551971353924f136cb95"},"1540022491928364929":{"entrytype":"GenerateResource","status":"Pass","timestamp":1540022491924844756,"filepath":"spdx-license-instance.xml","xslpath":"tmp/spdx-license-iepd/xml/xsl/spdx-license-instance.xsl","digest":"daa125f832cff329a77dde2817cf90b0efbdb4335a454adb18540cf808553fc8"},"1540022492090588631":{"entrytype":"GenerateResource","status":"Pass","timestamp":1540022491930020665,"filepath":"spdx-xml-ref-xsd.json","xslpath":"tmp/spdx-license-iepd/xml/xsl/common/xsd-json.xsl","digest":"8bc866bddd29e98ecc67f1c2b8f1d2a0b86b75a4c0a228343fd9e2baa4e0a7c3"},"1540022492097462875":{"entrytype":"GenerateResource","status":"Pass","timestamp":1540022492093744705,"filepath":"spdx-license-iep-xsd.json","xslpath":"tmp/spdx-license-iepd/xml/xsl/common/xsd-json.xsl","digest":"c124023868a91f25eacd2fb76baaa324da7fe5f32b8a60aa73e68f0490781709"},"1540022492124980948":{"entrytype":"GenerateResource","status":"Pass","timestamp":1540022492114767636,"filepath":"spdx-license-instance.json","xslpath":"tmp/spdx-license-iepd/xml/xsl/common/xml-json.xsl","digest":"a28519fc4dfc96d63e7ae420eca1202af28b45a2c4eec8c3229e3dd5717aaef3"},"1540022492135117177":{"entrytype":"GenerateResource","status":"Pass","timestamp":1540022492126800001,"filepath":"spdx-license-struct.go","xslpath":"tmp/spdx-license-iepd/xml/xsl/spdx-license-go-gen.xsl","digest":"1824720fcd3ce3c71e6f7f20bcdf7efd3ab191b315b3c263f67f51143ecaed44"},"1540022492143376572":{"entrytype":"GenerateResource","status":"Pass","timestamp":1540022492136806102,"filepath":"spdx-license-struct_test.go","xslpath":"tmp/spdx-license-iepd/xml/xsl/spdx-license-go-test-gen.xsl","digest":"072aa72b94cf86b6b300b539af869b537e0adfb51cb2e0df3e1b6c23ef23acf8"},"1540022492145234023":{"entrytype":"Marshal Data","status":"Pass","timestamp":1540022492145204011,"filepath":"spdx-license-instance-golang.xml","digest":"a3d5a1bcf210c2a3fb46890a60843c7ee434a8d6efc9f86cc69d78bf357b963d"},"1540022507370022426":{"entrytype":"Validate","status":"Pass","timestamp":1540022492146814334,"filepath":"tmp/spdx-license-iepd/xml/xsd/spdx-xml-ref.xsd","xsdpath":"tmp/spdx-license-iepd/xml/xsd/ext/w3c/XMLSchema.xsd","valid":true},"1540022522566293696":{"entrytype":"Validate","status":"Pass","timestamp":1540022507373104943,"filepath":"tmp/spdx-license-iepd/xml/xsd/spdx-license-iep.xsd","xsdpath":"tmp/spdx-license-iepd/xml/xsd/ext/w3c/XMLSchema.xsd","valid":true},"1540022522569637605":{"entrytype":"Validate","status":"Pass","timestamp":1540022522569287143,"filepath":"tmp/spdx-license-iepd/xml/instance/spdx-license-instance.xml","xsdpath":"tmp/spdx-license-iepd/xml/xsd/spdx-license-iep.xsd","valid":true},"1540022522578073482":{"entrytype":"Validate","status":"Pass","timestamp":1540022522571203036,"filepath":"tmp/spdx-license-iepd/xml/instance/spdx-license-instance.xml","xsdpath":"tmp/spdx-license-iepd/xml/xsd/spdx-xml-ref.xsd","valid":true},"1540022522595792710":{"entrytype":"Validate","status":"Pass","timestamp":1540022522595191055,"filepath":"tmp/spdx-license-iepd/xml/instance/spdx-license-instance-golang.xml","xsdpath":"tmp/spdx-license-iepd/xml/xsd/spdx-license-iep.xsd","valid":true},"1540022522604389401":{"entrytype":"Validate","status":"Pass","timestamp":1540022522597426551,"filepath":"tmp/spdx-license-iepd/xml/instance/spdx-license-instance-golang.xml","xsdpath":"tmp/spdx-license-iepd/xml/xsd/spdx-xml-ref.xsd","valid":true},"1540022522703758821":{"entrytype":"Load Remote Match","status":"Pass","timestamp":1540022522685251874,"filepath":"tmp/spdx-security-iepd/xml/xsd/spdx-xml-ref.xsd","digest":"026e646a857a1eb3b91291594d746cee5e17560bf46cd43f797c3788d7f36141","message":"Loaded Remote Resource"},"1540022522721225000":{"entrytype":"Authenticity Check","status":"Pass","timestamp":1540022522721222009,"filepath":"xml/xsd/spdx-xml-ref.xsd","digest":"026e646a857a1eb3b91291594d746cee5e17560bf46cd43f797c3788d7f36141","message":"spdx-xml-ref.xsd matches authoritative source"},"1540022522860740555":{"entrytype":"Load Remote Match","status":"Pass","timestamp":1540022522723126917,"filepath":"tmp/spdx-security-iepd/xml/instance/spdx-security-test-data.xml","digest":"e76aadd1a163f2e562fb4ae321c265223ef025bdea3fcf976aaa0c733b0c66f1","message":"Loaded Remote Resource"},"1540022522863029428":{"entrytype":"Authenticity Check","status":"Pass","timestamp":1540022522863026121,"filepath":"xml/instance/spdx-security-test-data.xml","digest":"e76aadd1a163f2e562fb4ae321c265223ef025bdea3fcf976aaa0c733b0c66f1","message":"spdx-security-test-data.xml matches authoritative source"},"1540022523169064032":{"entrytype":"GenerateResource","status":"Pass","timestamp":1540022522865256699,"filepath":"spdx-security-iep.xsd","xslpath":"tmp/spdx-security-iepd/xml/xsl/spdx-security-iep.xsl","digest":"8acf35a67b2c970490c310b5917328ec4ce449c4ed0e3e533765e3e5c6cbb872"},"1540022523279478204":{"entrytype":"GenerateResource","status":"Pass","timestamp":1540022523170951878,"filepath":"spdx-security-instance.xml","xslpath":"tmp/spdx-security-iepd/xml/xsl/spdx-security-instance.xsl","digest":"a1b01ef7553d0d5bf45830ba634517d60b80c3487f30c3412861d39d11eb0820"},"1540022523435463294":{"entrytype":"GenerateResource","status":"Pass","timestamp":1540022523281130311,"filepath":"spdx-security-ref-xsd.json","xslpath":"tmp/spdx-security-iepd/xml/xsl/common/xsd-json.xsl","digest":"8bc866bddd29e98ecc67f1c2b8f1d2a0b86b75a4c0a228343fd9e2baa4e0a7c3"},"1540022523506133290":{"entrytype":"GenerateResource","status":"Pass","timestamp":1540022523437253707,"filepath":"spdx-security-iep-xsd.json","xslpath":"tmp/spdx-security-iepd/xml/xsl/common/xsd-json.xsl","digest":"90243f7aa91616175a5a48b4d2a1910ffde3840c6847a81ba2f34f81081499aa"},"1540022523528825461":{"entrytype":"GenerateResource","status":"Pass","timestamp":1540022523523743252,"filepath":"spdx-security-instance.json","xslpath":"tmp/spdx-security-iepd/xml/xsl/common/xml-json.xsl","digest":"cf2459bdb33a6f762d2718769cdf18debb6c0c25d69b42030363f1fe4092b254"},"1540022523561730459":{"entrytype":"GenerateResource","status":"Pass","timestamp":1540022523530536924,"filepath":"spdx-security-struct.go","xslpath":"tmp/spdx-security-iepd/xml/xsl/spdx-security-go-gen.xsl","digest":"8537a547448cf413b627f8609e87cadd3d7a7914f5049f60577455f151e5d0fc"},"1540022523580995426":{"entrytype":"GenerateResource","status":"Pass","timestamp":1540022523563344705,"filepath":"spdx-security-struct_test.go","xslpath":"tmp/spdx-security-iepd/xml/xsl/spdx-security-go-test-gen.xsl","digest":"f8251fa32a49dbabb3ee93fd1e5fab13681e73bfb00decf5c80b0a822e4f9746"},"1540022523583442495":{"entrytype":"Marshal Data","status":"Pass","timestamp":1540022523583387272,"filepath":"spdx-security-instance-golang.xml","digest":"5e6824a4c18224975bc6d23752446ba55712378e6c57499c16fda05dc827590b"},"1540022538799247191":{"entrytype":"Validate","status":"Pass","timestamp":1540022523585024140,"filepath":"tmp/spdx-security-iepd/xml/xsd/spdx-xml-ref.xsd","xsdpath":"tmp/spdx-security-iepd/xml/xsd/ext/w3c/XMLSchema.xsd","valid":true},"1540022554008084005":{"entrytype":"Validate","status":"Pass","timestamp":1540022538802642629,"filepath":"tmp/spdx-security-iepd/xml/xsd/spdx-security-iep.xsd","xsdpath":"tmp/spdx-security-iepd/xml/xsd/ext/w3c/XMLSchema.xsd","valid":true},"1540022554016291208":{"entrytype":"Validate","status":"Pass","timestamp":1540022554012392669,"filepath":"tmp/spdx-security-iepd/xml/instance/spdx-security-instance.xml","xsdpath":"tmp/spdx-security-iepd/xml/xsd/spdx-security-iep.xsd","valid":true},"1540022554041597505":{"entrytype":"Validate","status":"Pass","timestamp":1540022554033783819,"filepath":"tmp/spdx-security-iepd/xml/instance/spdx-security-instance.xml","xsdpath":"tmp/spdx-security-iepd/xml/xsd/spdx-xml-ref.xsd","valid":true},"1540022554047435333":{"entrytype":"Validate","status":"Pass","timestamp":1540022554043198038,"filepath":"tmp/spdx-security-iepd/xml/instance/spdx-security-instance-golang.xml","xsdpath":"tmp/spdx-security-iepd/xml/xsd/spdx-security-iep.xsd","valid":true},"1540022554056339467":{"entrytype":"Validate","status":"Pass","timestamp":1540022554049120004,"filepath":"tmp/spdx-security-iepd/xml/instance/spdx-security-instance-golang.xml","xsdpath":"tmp/spdx-security-iepd/xml/xsd/spdx-xml-ref.xsd","valid":true}}