{"config":"config/spdx-security-cfg.json","gogenxsdxsl":"xml/xsl/spdx-security-go-gen.xsl","gogenxsl":"xml/xsl/common/go-gen.xsl","gotestgenxsl":"xml/xsl/spdx-security-go-test-gen.xsl","iepxsd":"xml/xsd/spdx-security-iep.xsd","iepxsdjson":"json/spdx-security-iep-xsd.json","iepxsdxsl":"xml/xsl/spdx-security-iep.xsl","iepxsl":"xml/xsl/common/iep.xsl","instancegolangxml":"xml/instance/spdx-security-instance-golang.xml","instancejson":"json/spdx-security-instance.json","instancexml":"xml/instance/spdx-security-instance.xml","instancexsl":"xml/xsl/spdx-security-instance.xsl","maingo":"src/spdx-security/spdx-security.go","provenancereportjson":"json/spdx-security-provenance-report.json","reftestdataxml":"xml/instance/spdx-test-data.xml","refxsd":"xml/xsd/spdx-xml-ref.xsd","refxsdjson":"json/spdx-security-ref-xsd.json","resourcesjson":"json/spdx-security-resources.json","structgo":"src/spdx-security/spdx-security-struct.go","structtestgo":"src/spdx-security/spdx-security-struct_test.go","testdataxml":"xml/instance/spdx-security-test-data.xml","xmlinstancexsl":"xml/xsl/common/xml-instance.xsl","xmljsonxsl":"xml/xsl/common/xml-json.xsl","xmlschemaxsd":"xml/xsd/ext/w3c/XMLSchema.xsd","xsdjsonxsl":"xml/xsl/common/xsd-json.xsl","xsltxsd":"xml/xsd/ext/w3c/xslt.xsd","zipiepd":"spdx-security-iepd.zip"}