{"1539839156303025446":{"entrytype":"Load Remote Match","status":"Pass","timestamp":1539839155870281399,"filepath":"tmp/spdx-doc-iepd/xml/xsd/spdx-xml-ref.xsd","digest":"026e646a857a1eb3b91291594d746cee5e17560bf46cd43f797c3788d7f36141","message":"Loaded Remote Resource"},"1539839156305284453":{"entrytype":"Authenticity Check","status":"Pass","timestamp":1539839156305281740,"filepath":"xml/xsd/spdx-xml-ref.xsd","digest":"026e646a857a1eb3b91291594d746cee5e17560bf46cd43f797c3788d7f36141","message":"spdx-xml-ref.xsd matches authoritative source"},"1539839156441021153":{"entrytype":"Load Remote Match","status":"Pass","timestamp":1539839156307160611,"filepath":"tmp/spdx-doc-iepd/xml/instance/spdx-doc-test-data.xml","digest":"a07f3c4e4cbff51467b486eb8dc2d2dddf75bf7098ad74ae166bff7fc67c7d83","message":"Loaded Remote Resource"},"1539839156442742987":{"entrytype":"Authenticity Check","status":"Pass","timestamp":1539839156442741843,"filepath":"xml/instance/spdx-doc-test-data.xml","digest":"a07f3c4e4cbff51467b486eb8dc2d2dddf75bf7098ad74ae166bff7fc67c7d83","message":"spdx-doc-test-data.xml matches authoritative source"},"1539839156565966145":{"entrytype":"GenerateResource","status":"Pass","timestamp":1539839156459883980,"filepath":"spdx-doc-iep.xsd","xslpath":"tmp/spdx-doc-iepd/xml/xsl/spdx-doc-iep.xsl","digest":"fa16f865aec2df5a606a35995af783650c1410e36ac0764e5f4e76c40511474c"},"1539839156603102644":{"entrytype":"GenerateResource","status":"Pass","timestamp":1539839156583425653,"filepath":"spdx-doc-instance.xml","xslpath":"tmp/spdx-doc-iepd/xml/xsl/spdx-doc-instance.xsl","digest":"a088961a997c1b012ab315f44c18e8be953756492017859f0ccc9abd07c92ea3"},"1539839156766292974":{"entrytype":"GenerateResource","status":"Pass","timestamp":1539839156604843714,"filepath":"spdx-xml-ref-xsd.json","xslpath":"tmp/spdx-doc-iepd/xml/xsl/common/xsd-json.xsl","digest":"8bc866bddd29e98ecc67f1c2b8f1d2a0b86b75a4c0a228343fd9e2baa4e0a7c3"},"1539839156774038223":{"entrytype":"GenerateResource","status":"Pass","timestamp":1539839156768060617,"filepath":"spdx-doc-iep-xsd.json","xslpath":"tmp/spdx-doc-iepd/xml/xsl/common/xsd-json.xsl","digest":"356c61e92a833fdc9086615835e339fbef4c3fd0bdddbe574dec83ea8845e39e"},"1539839156778327947":{"entrytype":"GenerateResource","status":"Pass","timestamp":1539839156775636191,"filepath":"spdx-doc-instance.json","xslpath":"tmp/spdx-doc-iepd/xml/xsl/common/xml-json.xsl","digest":"be9b857a10514b1df8ddc5405c1f32316a1d68f310831039adf4e669198dbebe"},"1539839156785631143":{"entrytype":"GenerateResource","status":"Pass","timestamp":1539839156779986405,"filepath":"spdx-doc-struct.go","xslpath":"tmp/spdx-doc-iepd/xml/xsl/spdx-doc-go-gen.xsl","digest":"c79513ed49796819dc0fcb34ceea3d9af9bdb2c828c9b83c8ce2ea513660e1ff"},"1539839156792846284":{"entrytype":"GenerateResource","status":"Pass","timestamp":1539839156787288519,"filepath":"spdx-doc-struct_test.go","xslpath":"tmp/spdx-doc-iepd/xml/xsl/spdx-doc-go-test-gen.xsl","digest":"8c5172d50bc9da5ef83aae08ec40d14a5ab0345cecee85573d9d7ecf86239532"},"1539839156794779613":{"entrytype":"Marshal Data","status":"Pass","timestamp":1539839156794755796,"filepath":"spdx-doc-instance-golang.xml","digest":"9bb5d9df173ff9f2a24c7bdf282ecd4fa6308989a4784258a04b3ded11f6e34e"},"1539839172000473513":{"entrytype":"Validate","status":"Pass","timestamp":1539839156796332153,"filepath":"tmp/spdx-doc-iepd/xml/xsd/spdx-xml-ref.xsd","xsdpath":"tmp/spdx-doc-iepd/xml/xsd/ext/w3c/XMLSchema.xsd","valid":true},"1539839187226532700":{"entrytype":"Validate","status":"Pass","timestamp":1539839172003614817,"filepath":"tmp/spdx-doc-iepd/xml/xsd/spdx-doc-iep.xsd","xsdpath":"tmp/spdx-doc-iepd/xml/xsd/ext/w3c/XMLSchema.xsd","valid":true},"1539839187232097829":{"entrytype":"Validate","status":"Pass","timestamp":1539839187228683988,"filepath":"tmp/spdx-doc-iepd/xml/instance/spdx-doc-instance.xml","xsdpath":"tmp/spdx-doc-iepd/xml/xsd/spdx-doc-iep.xsd","valid":true},"1539839187258083952":{"entrytype":"Validate","status":"Pass","timestamp":1539839187234118216,"filepath":"tmp/spdx-doc-iepd/xml/instance/spdx-doc-instance.xml","xsdpath":"tmp/spdx-doc-iepd/xml/xsd/spdx-xml-ref.xsd","valid":true},"1539839187277048171":{"entrytype":"Validate","status":"Pass","timestamp":1539839187275643867,"filepath":"tmp/spdx-doc-iepd/xml/instance/spdx-doc-instance-golang.xml","xsdpath":"tmp/spdx-doc-iepd/xml/xsd/spdx-doc-iep.xsd","valid":true},"1539839187309543218":{"entrytype":"Validate","status":"Pass","timestamp":1539839187294465943,"filepath":"tmp/spdx-doc-iepd/xml/instance/spdx-doc-instance-golang.xml","xsdpath":"tmp/spdx-doc-iepd/xml/xsd/spdx-xml-ref.xsd","valid":true},"1539839187461231511":{"entrytype":"Load Remote Match","status":"Pass","timestamp":1539839187417549143,"filepath":"tmp/spdx-license-iepd/xml/xsd/spdx-xml-ref.xsd","digest":"026e646a857a1eb3b91291594d746cee5e17560bf46cd43f797c3788d7f36141","message":"Loaded Remote Resource"},"1539839187463605848":{"entrytype":"Authenticity Check","status":"Pass","timestamp":1539839187463602698,"filepath":"xml/xsd/spdx-xml-ref.xsd","digest":"026e646a857a1eb3b91291594d746cee5e17560bf46cd43f797c3788d7f36141","message":"spdx-xml-ref.xsd matches authoritative source"},"1539839187595889860":{"entrytype":"Load Remote Match","status":"Pass","timestamp":1539839187465621039,"filepath":"tmp/spdx-license-iepd/xml/instance/spdx-license-test-data.xml","digest":"39dff9fb41d4d5d34fb1bdd9055e3adcd6de67f5498c0313b597d28221ade722","message":"Loaded Remote Resource"},"1539839187598079520":{"entrytype":"Authenticity Check","status":"Pass","timestamp":1539839187598076431,"filepath":"xml/instance/spdx-license-test-data.xml","digest":"39dff9fb41d4d5d34fb1bdd9055e3adcd6de67f5498c0313b597d28221ade722","message":"spdx-license-test-data.xml matches authoritative source"},"1539839187696621349":{"entrytype":"GenerateResource","status":"Pass","timestamp":1539839187615844189,"filepath":"spdx-license-iep.xsd","xslpath":"tmp/spdx-license-iepd/xml/xsl/spdx-license-iep.xsl","digest":"72d25f59322879b0a50271ce16b4939bd4eff0698e4a551971353924f136cb95"},"1539839187730374470":{"entrytype":"GenerateResource","status":"Pass","timestamp":1539839187713955875,"filepath":"spdx-license-instance.xml","xslpath":"tmp/spdx-license-iepd/xml/xsl/spdx-license-instance.xsl","digest":"ff844be7b43f008def99a3503f6ad02d82c57c26ce0d927bc76565a9d7493e1e"},"1539839187919683001":{"entrytype":"GenerateResource","status":"Pass","timestamp":1539839187732388825,"filepath":"spdx-xml-ref-xsd.json","xslpath":"tmp/spdx-license-iepd/xml/xsl/common/xsd-json.xsl","digest":"8bc866bddd29e98ecc67f1c2b8f1d2a0b86b75a4c0a228343fd9e2baa4e0a7c3"},"1539839187924848971":{"entrytype":"GenerateResource","status":"Pass","timestamp":1539839187921274244,"filepath":"spdx-license-iep-xsd.json","xslpath":"tmp/spdx-license-iepd/xml/xsl/common/xsd-json.xsl","digest":"c124023868a91f25eacd2fb76baaa324da7fe5f32b8a60aa73e68f0490781709"},"1539839187929091552":{"entrytype":"GenerateResource","status":"Pass","timestamp":1539839187926687224,"filepath":"spdx-license-instance.json","xslpath":"tmp/spdx-license-iepd/xml/xsl/common/xml-json.xsl","digest":"939c60c70df1c1fe4d57d1d7c166b7949db00ee1dadebf6f7efe5cc6797d80af"},"1539839187934497871":{"entrytype":"GenerateResource","status":"Pass","timestamp":1539839187930676227,"filepath":"spdx-license-struct.go","xslpath":"tmp/spdx-license-iepd/xml/xsl/spdx-license-go-gen.xsl","digest":"b4319fbe5d82a4fe074c97eb8deff34785368961df5b0dfecab15fd4d869ba2d"},"1539839187940014274":{"entrytype":"GenerateResource","status":"Pass","timestamp":1539839187936118620,"filepath":"spdx-license-struct_test.go","xslpath":"tmp/spdx-license-iepd/xml/xsl/spdx-license-go-test-gen.xsl","digest":"442e2c563d9632d0b309d396f86db1bd4180c57dee9c8969aa5c10b8c4871832"},"1539839187941871001":{"entrytype":"Marshal Data","status":"Pass","timestamp":1539839187941848367,"filepath":"spdx-license-instance-golang.xml","digest":"a3d5a1bcf210c2a3fb46890a60843c7ee434a8d6efc9f86cc69d78bf357b963d"},"1539839203299433341":{"entrytype":"Validate","status":"Pass","timestamp":1539839187943368190,"filepath":"tmp/spdx-license-iepd/xml/xsd/spdx-xml-ref.xsd","xsdpath":"tmp/spdx-license-iepd/xml/xsd/ext/w3c/XMLSchema.xsd","valid":true},"1539839218509632757":{"entrytype":"Validate","status":"Pass","timestamp":1539839203302555763,"filepath":"tmp/spdx-license-iepd/xml/xsd/spdx-license-iep.xsd","xsdpath":"tmp/spdx-license-iepd/xml/xsd/ext/w3c/XMLSchema.xsd","valid":true},"1539839218513041148":{"entrytype":"Validate","status":"Pass","timestamp":1539839218512715303,"filepath":"tmp/spdx-license-iepd/xml/instance/spdx-license-instance.xml","xsdpath":"tmp/spdx-license-iepd/xml/xsd/spdx-license-iep.xsd","valid":true},"1539839218522290206":{"entrytype":"Validate","status":"Pass","timestamp":1539839218514590414,"filepath":"tmp/spdx-license-iepd/xml/instance/spdx-license-instance.xml","xsdpath":"tmp/spdx-license-iepd/xml/xsd/spdx-xml-ref.xsd","valid":true},"1539839218539976347":{"entrytype":"Validate","status":"Pass","timestamp":1539839218539492043,"filepath":"tmp/spdx-license-iepd/xml/instance/spdx-license-instance-golang.xml","xsdpath":"tmp/spdx-license-iepd/xml/xsd/spdx-license-iep.xsd","valid":true},"1539839218568479724":{"entrytype":"Validate","status":"Pass","timestamp":1539839218557359103,"filepath":"tmp/spdx-license-iepd/xml/instance/spdx-license-instance-golang.xml","xsdpath":"tmp/spdx-license-iepd/xml/xsd/spdx-xml-ref.xsd","valid":true},"1539839218708664255":{"entrytype":"Load Remote Match","status":"Pass","timestamp":1539839218675902818,"filepath":"tmp/spdx-security-iepd/xml/xsd/spdx-xml-ref.xsd","digest":"026e646a857a1eb3b91291594d746cee5e17560bf46cd43f797c3788d7f36141","message":"Loaded Remote Resource"},"1539839218710560019":{"entrytype":"Authenticity Check","status":"Pass","timestamp":1539839218710558623,"filepath":"xml/xsd/spdx-xml-ref.xsd","digest":"026e646a857a1eb3b91291594d746cee5e17560bf46cd43f797c3788d7f36141","message":"spdx-xml-ref.xsd matches authoritative source"},"1539839218850536562":{"entrytype":"Load Remote Match","status":"Pass","timestamp":1539839218712243247,"filepath":"tmp/spdx-security-iepd/xml/instance/spdx-security-test-data.xml","digest":"957a13ffe44f2bc08a5199f2491fb38a523bdf2aed4fcf692e5ac8d01207e0cb","message":"Loaded Remote Resource"},"1539839218852559534":{"entrytype":"Authenticity Check","status":"Pass","timestamp":1539839218852556653,"filepath":"xml/instance/spdx-security-test-data.xml","digest":"957a13ffe44f2bc08a5199f2491fb38a523bdf2aed4fcf692e5ac8d01207e0cb","message":"spdx-security-test-data.xml matches authoritative source"},"1539839219177346693":{"entrytype":"GenerateResource","status":"Pass","timestamp":1539839218870367022,"filepath":"spdx-security-iep.xsd","xslpath":"tmp/spdx-security-iepd/xml/xsl/spdx-security-iep.xsl","digest":"8acf35a67b2c970490c310b5917328ec4ce449c4ed0e3e533765e3e5c6cbb872"},"1539839219305514730":{"entrytype":"GenerateResource","status":"Pass","timestamp":1539839219194920760,"filepath":"spdx-security-instance.xml","xslpath":"tmp/spdx-security-iepd/xml/xsl/spdx-security-instance.xsl","digest":"8294cbb8bf1d73962d6ec6c56823bdacdc71bf98f140bb9d353657b9dfbb31ee"},"1539839219466107670":{"entrytype":"GenerateResource","status":"Pass","timestamp":1539839219307115674,"filepath":"spdx-security-ref-xsd.json","xslpath":"tmp/spdx-security-iepd/xml/xsl/common/xsd-json.xsl","digest":"8bc866bddd29e98ecc67f1c2b8f1d2a0b86b75a4c0a228343fd9e2baa4e0a7c3"},"1539839219536434035":{"entrytype":"GenerateResource","status":"Pass","timestamp":1539839219467674128,"filepath":"spdx-security-iep-xsd.json","xslpath":"tmp/spdx-security-iepd/xml/xsl/common/xsd-json.xsl","digest":"90243f7aa91616175a5a48b4d2a1910ffde3840c6847a81ba2f34f81081499aa"},"1539839219543140757":{"entrytype":"GenerateResource","status":"Pass","timestamp":1539839219538146392,"filepath":"spdx-security-instance.json","xslpath":"tmp/spdx-security-iepd/xml/xsl/common/xml-json.xsl","digest":"f6e737c874e73e8e5dca2caa1fc0d41611b919eeee702477c47e65ce849606ed"},"1539839219577560666":{"entrytype":"GenerateResource","status":"Pass","timestamp":1539839219544678720,"filepath":"spdx-security-struct.go","xslpath":"tmp/spdx-security-iepd/xml/xsl/spdx-security-go-gen.xsl","digest":"377f34db556f2a22b6bb3fabed67e9c5d0009b12d82fe7335725a3bd8489ed2b"},"1539839219596606835":{"entrytype":"GenerateResource","status":"Pass","timestamp":1539839219579223180,"filepath":"spdx-security-struct_test.go","xslpath":"tmp/spdx-security-iepd/xml/xsl/spdx-security-go-test-gen.xsl","digest":"b46dbf73d3e3d891b0afbacc5ba32fdfb8bf2bfaae35abf460089a1b2ae99d7b"},"1539839219598908305":{"entrytype":"Marshal Data","status":"Pass","timestamp":1539839219598854447,"filepath":"spdx-security-instance-golang.xml","digest":"5e6824a4c18224975bc6d23752446ba55712378e6c57499c16fda05dc827590b"},"1539839234825171800":{"entrytype":"Validate","status":"Pass","timestamp":1539839219600478238,"filepath":"tmp/spdx-security-iepd/xml/xsd/spdx-xml-ref.xsd","xsdpath":"tmp/spdx-security-iepd/xml/xsd/ext/w3c/XMLSchema.xsd","valid":true},"1539839250046201195":{"entrytype":"Validate","status":"Pass","timestamp":1539839234828589846,"filepath":"tmp/spdx-security-iepd/xml/xsd/spdx-security-iep.xsd","xsdpath":"tmp/spdx-security-iepd/xml/xsd/ext/w3c/XMLSchema.xsd","valid":true},"1539839250053638008":{"entrytype":"Validate","status":"Pass","timestamp":1539839250049554889,"filepath":"tmp/spdx-security-iepd/xml/instance/spdx-security-instance.xml","xsdpath":"tmp/spdx-security-iepd/xml/xsd/spdx-security-iep.xsd","valid":true},"1539839250083730284":{"entrytype":"Validate","status":"Pass","timestamp":1539839250071062498,"filepath":"tmp/spdx-security-iepd/xml/instance/spdx-security-instance.xml","xsdpath":"tmp/spdx-security-iepd/xml/xsd/spdx-xml-ref.xsd","valid":true},"1539839250109536313":{"entrytype":"Validate","status":"Pass","timestamp":1539839250101178265,"filepath":"tmp/spdx-security-iepd/xml/instance/spdx-security-instance-golang.xml","xsdpath":"tmp/spdx-security-iepd/xml/xsd/spdx-security-iep.xsd","valid":true},"1539839250124624686":{"entrytype":"Validate","status":"Pass","timestamp":1539839250111334062,"filepath":"tmp/spdx-security-iepd/xml/instance/spdx-security-instance-golang.xml","xsdpath":"tmp/spdx-security-iepd/xml/xsd/spdx-xml-ref.xsd","valid":true}}