{"1540414844513807446":{"entrytype":"Load Remote Match","status":"Pass","timestamp":1540414844101033396,"filepath":"tmp/spdx-xml/xml/xsd/spdx-xml-ref.xsd","digest":"026e646a857a1eb3b91291594d746cee5e17560bf46cd43f797c3788d7f36141","message":"Loaded Remote Resource"},"1540414844516325722":{"entrytype":"Authenticity Check","status":"Pass","timestamp":1540414844516323218,"filepath":"xml/xsd/spdx-xml-ref.xsd","digest":"026e646a857a1eb3b91291594d746cee5e17560bf46cd43f797c3788d7f36141","message":"spdx-xml-ref.xsd matches authoritative source"},"1540414844708021192":{"entrytype":"Load Remote Match","status":"Pass","timestamp":1540414844518304557,"filepath":"tmp/spdx-xml/xml/instance/spdx-test-data.xml","digest":"903e02e2f86d4a0d2137d46092ff7373cb171940c1f70e3e5f965fe125add7ca","message":"Loaded Remote Resource"},"1540414844711220712":{"entrytype":"Authenticity Check","status":"Pass","timestamp":1540414844711217321,"filepath":"xml/instance/spdx-test-data.xml","digest":"903e02e2f86d4a0d2137d46092ff7373cb171940c1f70e3e5f965fe125add7ca","message":"spdx-test-data.xml matches authoritative source"},"1540414844791697467":{"entrytype":"Load Remote Match","status":"Pass","timestamp":1540414844771901952,"filepath":"tmp/spdx-doc-iepd/xml/xsd/spdx-xml-ref.xsd","digest":"026e646a857a1eb3b91291594d746cee5e17560bf46cd43f797c3788d7f36141","message":"Loaded Remote Resource"},"1540414844793645669":{"entrytype":"Authenticity Check","status":"Pass","timestamp":1540414844793644786,"filepath":"xml/xsd/spdx-xml-ref.xsd","digest":"026e646a857a1eb3b91291594d746cee5e17560bf46cd43f797c3788d7f36141","message":"spdx-xml-ref.xsd matches authoritative source"},"1540414844979507127":{"entrytype":"Load Remote Match","status":"Pass","timestamp":1540414844795244143,"filepath":"tmp/spdx-doc-iepd/xml/instance/spdx-doc-test-data.xml","digest":"a07f3c4e4cbff51467b486eb8dc2d2dddf75bf7098ad74ae166bff7fc67c7d83","message":"Loaded Remote Resource"},"1540414844982368893":{"entrytype":"Authenticity Check","status":"Pass","timestamp":1540414844982368043,"filepath":"xml/instance/spdx-doc-test-data.xml","digest":"a07f3c4e4cbff51467b486eb8dc2d2dddf75bf7098ad74ae166bff7fc67c7d83","message":"spdx-doc-test-data.xml matches authoritative source"},"1540414845114266456":{"entrytype":"GenerateResource","status":"Pass","timestamp":1540414844984106596,"filepath":"spdx-doc-iep.xsd","xslpath":"tmp/spdx-doc-iepd/xml/xsl/spdx-doc-iep.xsl","digest":"fa16f865aec2df5a606a35995af783650c1410e36ac0764e5f4e76c40511474c"},"1540414845123099579":{"entrytype":"GenerateResource","status":"Pass","timestamp":1540414845116322902,"filepath":"spdx-doc-instance.xml","xslpath":"tmp/spdx-doc-iepd/xml/xsl/spdx-doc-instance.xsl","digest":"da7dc734f14ae4f25a41ce1a326879a0653fb58ab573187012a0123535b49908"},"1540414845425326531":{"entrytype":"GenerateResource","status":"Pass","timestamp":1540414845124742235,"filepath":"spdx-xml-ref-xsd.json","xslpath":"tmp/spdx-doc-iepd/xml/xsl/common/xsd-json.xsl","digest":"93ddf4370fb992fb7b602284e499d176d44520fdf548757ecbde6f0d0ffc3e4f"},"1540414845477467367":{"entrytype":"GenerateResource","status":"Pass","timestamp":1540414845446576343,"filepath":"spdx-doc-iep-xsd.json","xslpath":"tmp/spdx-doc-iepd/xml/xsl/common/xsd-json.xsl","digest":"b8fe9d70b5ca0b9fc529385f7dd0214d2e45c1ff85674d3333717cacf7aa7d59"},"1540414845483564718":{"entrytype":"GenerateResource","status":"Pass","timestamp":1540414845479420846,"filepath":"spdx-doc-instance.json","xslpath":"tmp/spdx-doc-iepd/xml/xsl/common/xml-json.xsl","digest":"aad3b90e99c7ab95c02605df03adcad9799398c2c000d08a890e82b1266518e5"},"1540414845491492555":{"entrytype":"GenerateResource","status":"Pass","timestamp":1540414845485206595,"filepath":"spdx-doc-struct.go","xslpath":"tmp/spdx-doc-iepd/xml/xsl/spdx-doc-go-gen.xsl","digest":"ecdaa942d8bdc4ea01f74d019c3d896d866204ee3c08ce5c7cde433674c9d2f2"},"1540414845508306165":{"entrytype":"GenerateResource","status":"Pass","timestamp":1540414845493309597,"filepath":"spdx-doc-struct_test.go","xslpath":"tmp/spdx-doc-iepd/xml/xsl/spdx-doc-go-test-gen.xsl","digest":"0f427baba510bb9023cfbfb05496a4efab824403b48bb01243c677294eefd87a"},"1540414845517863695":{"entrytype":"GenerateResource","status":"Pass","timestamp":1540414845509960557,"filepath":"spdx-doc-documentation.html","xslpath":"tmp/spdx-doc-iepd/xml/xsl/common/docgen.xsl","digest":"24ee174a0e199e07ddad62d14f2d354309717aee55c3348b166b2c25b72c9aa1"},"1540414845520043052":{"entrytype":"Marshal Data","status":"Pass","timestamp":1540414845520007950,"filepath":"spdx-doc-instance-golang.xml","digest":"9bb5d9df173ff9f2a24c7bdf282ecd4fa6308989a4784258a04b3ded11f6e34e"},"1540414860787968752":{"entrytype":"Validate","status":"Pass","timestamp":1540414845521574766,"filepath":"tmp/spdx-doc-iepd/xml/xsd/spdx-xml-ref.xsd","xsdpath":"tmp/spdx-doc-iepd/xml/xsd/ext/w3c/XMLSchema.xsd","valid":true},"1540414875999749833":{"entrytype":"Validate","status":"Pass","timestamp":1540414860791092030,"filepath":"tmp/spdx-doc-iepd/xml/xsd/spdx-doc-iep.xsd","xsdpath":"tmp/spdx-doc-iepd/xml/xsd/ext/w3c/XMLSchema.xsd","valid":true},"1540414876022281196":{"entrytype":"Validate","status":"Pass","timestamp":1540414876018995508,"filepath":"tmp/spdx-doc-iepd/xml/instance/spdx-doc-instance.xml","xsdpath":"tmp/spdx-doc-iepd/xml/xsd/spdx-doc-iep.xsd","valid":true},"1540414876055173165":{"entrytype":"Validate","status":"Pass","timestamp":1540414876024469503,"filepath":"tmp/spdx-doc-iepd/xml/instance/spdx-doc-instance.xml","xsdpath":"tmp/spdx-doc-iepd/xml/xsd/spdx-xml-ref.xsd","valid":true},"1540414876060522944":{"entrytype":"Validate","status":"Pass","timestamp":1540414876058750116,"filepath":"tmp/spdx-doc-iepd/xml/instance/spdx-doc-instance-golang.xml","xsdpath":"tmp/spdx-doc-iepd/xml/xsd/spdx-doc-iep.xsd","valid":true},"1540414876072990946":{"entrytype":"Validate","status":"Pass","timestamp":1540414876062287468,"filepath":"tmp/spdx-doc-iepd/xml/instance/spdx-doc-instance-golang.xml","xsdpath":"tmp/spdx-doc-iepd/xml/xsd/spdx-xml-ref.xsd","valid":true},"1540414876182453352":{"entrytype":"Load Remote Match","status":"Pass","timestamp":1540414876163087240,"filepath":"tmp/spdx-license-iepd/xml/xsd/spdx-xml-ref.xsd","digest":"026e646a857a1eb3b91291594d746cee5e17560bf46cd43f797c3788d7f36141","message":"Loaded Remote Resource"},"1540414876184595144":{"entrytype":"Authenticity Check","status":"Pass","timestamp":1540414876184594304,"filepath":"xml/xsd/spdx-xml-ref.xsd","digest":"026e646a857a1eb3b91291594d746cee5e17560bf46cd43f797c3788d7f36141","message":"spdx-xml-ref.xsd matches authoritative source"},"1540414876376596618":{"entrytype":"Load Remote Match","status":"Pass","timestamp":1540414876186041563,"filepath":"tmp/spdx-license-iepd/xml/instance/spdx-license-test-data.xml","digest":"39dff9fb41d4d5d34fb1bdd9055e3adcd6de67f5498c0313b597d28221ade722","message":"Loaded Remote Resource"},"1540414876378874399":{"entrytype":"Authenticity Check","status":"Pass","timestamp":1540414876378871545,"filepath":"xml/instance/spdx-license-test-data.xml","digest":"39dff9fb41d4d5d34fb1bdd9055e3adcd6de67f5498c0313b597d28221ade722","message":"spdx-license-test-data.xml matches authoritative source"},"1540414876465594481":{"entrytype":"GenerateResource","status":"Pass","timestamp":1540414876381080992,"filepath":"spdx-license-iep.xsd","xslpath":"tmp/spdx-license-iepd/xml/xsl/spdx-license-iep.xsl","digest":"72d25f59322879b0a50271ce16b4939bd4eff0698e4a551971353924f136cb95"},"1540414876470908694":{"entrytype":"GenerateResource","status":"Pass","timestamp":1540414876467308984,"filepath":"spdx-license-instance.xml","xslpath":"tmp/spdx-license-iepd/xml/xsl/spdx-license-instance.xsl","digest":"daa125f832cff329a77dde2817cf90b0efbdb4335a454adb18540cf808553fc8"},"1540414876794054300":{"entrytype":"GenerateResource","status":"Pass","timestamp":1540414876488777797,"filepath":"spdx-xml-ref-xsd.json","xslpath":"tmp/spdx-license-iepd/xml/xsl/common/xsd-json.xsl","digest":"93ddf4370fb992fb7b602284e499d176d44520fdf548757ecbde6f0d0ffc3e4f"},"1540414876800971890":{"entrytype":"GenerateResource","status":"Pass","timestamp":1540414876796011829,"filepath":"spdx-license-iep-xsd.json","xslpath":"tmp/spdx-license-iepd/xml/xsl/common/xsd-json.xsl","digest":"c8fd9f8a88341980d035e2d55661c3101ae3d412a0e5c65aabdf72182390fe7c"},"1540414876805134057":{"entrytype":"GenerateResource","status":"Pass","timestamp":1540414876802571431,"filepath":"spdx-license-instance.json","xslpath":"tmp/spdx-license-iepd/xml/xsl/common/xml-json.xsl","digest":"a28519fc4dfc96d63e7ae420eca1202af28b45a2c4eec8c3229e3dd5717aaef3"},"1540414876810589928":{"entrytype":"GenerateResource","status":"Pass","timestamp":1540414876806824979,"filepath":"spdx-license-struct.go","xslpath":"tmp/spdx-license-iepd/xml/xsl/spdx-license-go-gen.xsl","digest":"2b4232f1933b2abc0d5c29e20a1c62969e2811dd6e0fb72f162a137a1defaf4d"},"1540414876816112532":{"entrytype":"GenerateResource","status":"Pass","timestamp":1540414876812193962,"filepath":"spdx-license-struct_test.go","xslpath":"tmp/spdx-license-iepd/xml/xsl/spdx-license-go-test-gen.xsl","digest":"072aa72b94cf86b6b300b539af869b537e0adfb51cb2e0df3e1b6c23ef23acf8"},"1540414876821284932":{"entrytype":"GenerateResource","status":"Pass","timestamp":1540414876817872575,"filepath":"spdx-license-documentation.html","xslpath":"tmp/spdx-license-iepd/xml/xsl/common/docgen.xsl","digest":"d8037e8c4c03a09726f8ae33e89a701bea3248e4429661b2f9b39753197a1744"},"1540414876838900622":{"entrytype":"Marshal Data","status":"Pass","timestamp":1540414876838874311,"filepath":"spdx-license-instance-golang.xml","digest":"a3d5a1bcf210c2a3fb46890a60843c7ee434a8d6efc9f86cc69d78bf357b963d"},"1540414892084385929":{"entrytype":"Validate","status":"Pass","timestamp":1540414876840496553,"filepath":"tmp/spdx-license-iepd/xml/xsd/spdx-xml-ref.xsd","xsdpath":"tmp/spdx-license-iepd/xml/xsd/ext/w3c/XMLSchema.xsd","valid":true},"1540414907305299337":{"entrytype":"Validate","status":"Pass","timestamp":1540414892087546991,"filepath":"tmp/spdx-license-iepd/xml/xsd/spdx-license-iep.xsd","xsdpath":"tmp/spdx-license-iepd/xml/xsd/ext/w3c/XMLSchema.xsd","valid":true},"1540414907312432945":{"entrytype":"Validate","status":"Pass","timestamp":1540414907310182726,"filepath":"tmp/spdx-license-iepd/xml/instance/spdx-license-instance.xml","xsdpath":"tmp/spdx-license-iepd/xml/xsd/spdx-license-iep.xsd","valid":true},"1540414907351179662":{"entrytype":"Validate","status":"Pass","timestamp":1540414907314523366,"filepath":"tmp/spdx-license-iepd/xml/instance/spdx-license-instance.xml","xsdpath":"tmp/spdx-license-iepd/xml/xsd/spdx-xml-ref.xsd","valid":true},"1540414907353642750":{"entrytype":"Validate","status":"Pass","timestamp":1540414907352845440,"filepath":"tmp/spdx-license-iepd/xml/instance/spdx-license-instance-golang.xml","xsdpath":"tmp/spdx-license-iepd/xml/xsd/spdx-license-iep.xsd","valid":true},"1540414907366507919":{"entrytype":"Validate","status":"Pass","timestamp":1540414907355254842,"filepath":"tmp/spdx-license-iepd/xml/instance/spdx-license-instance-golang.xml","xsdpath":"tmp/spdx-license-iepd/xml/xsd/spdx-xml-ref.xsd","valid":true},"1540414907484136470":{"entrytype":"Load Remote Match","status":"Pass","timestamp":1540414907462574312,"filepath":"tmp/spdx-security-iepd/xml/xsd/spdx-xml-ref.xsd","digest":"026e646a857a1eb3b91291594d746cee5e17560bf46cd43f797c3788d7f36141","message":"Loaded Remote Resource"},"1540414907486267651":{"entrytype":"Authenticity Check","status":"Pass","timestamp":1540414907486266725,"filepath":"xml/xsd/spdx-xml-ref.xsd","digest":"026e646a857a1eb3b91291594d746cee5e17560bf46cd43f797c3788d7f36141","message":"spdx-xml-ref.xsd matches authoritative source"},"1540414907676699706":{"entrytype":"Load Remote Match","status":"Pass","timestamp":1540414907487722329,"filepath":"tmp/spdx-security-iepd/xml/instance/spdx-security-test-data.xml","digest":"e76aadd1a163f2e562fb4ae321c265223ef025bdea3fcf976aaa0c733b0c66f1","message":"Loaded Remote Resource"},"1540414907679695895":{"entrytype":"Authenticity Check","status":"Pass","timestamp":1540414907679693047,"filepath":"xml/instance/spdx-security-test-data.xml","digest":"e76aadd1a163f2e562fb4ae321c265223ef025bdea3fcf976aaa0c733b0c66f1","message":"spdx-security-test-data.xml matches authoritative source"},"1540414908006362052":{"entrytype":"GenerateResource","status":"Pass","timestamp":1540414907681623595,"filepath":"spdx-security-iep.xsd","xslpath":"tmp/spdx-security-iepd/xml/xsl/spdx-security-iep.xsl","digest":"8acf35a67b2c970490c310b5917328ec4ce449c4ed0e3e533765e3e5c6cbb872"},"1540414908116693266":{"entrytype":"GenerateResource","status":"Pass","timestamp":1540414908009496815,"filepath":"spdx-security-instance.xml","xslpath":"tmp/spdx-security-iepd/xml/xsl/spdx-security-instance.xsl","digest":"a1b01ef7553d0d5bf45830ba634517d60b80c3487f30c3412861d39d11eb0820"},"1540414908426906402":{"entrytype":"GenerateResource","status":"Pass","timestamp":1540414908135388345,"filepath":"spdx-security-ref-xsd.json","xslpath":"tmp/spdx-security-iepd/xml/xsl/common/xsd-json.xsl","digest":"93ddf4370fb992fb7b602284e499d176d44520fdf548757ecbde6f0d0ffc3e4f"},"1540414908541290020":{"entrytype":"GenerateResource","status":"Pass","timestamp":1540414908430061913,"filepath":"spdx-security-iep-xsd.json","xslpath":"tmp/spdx-security-iepd/xml/xsl/common/xsd-json.xsl","digest":"bd9bc87a589c054b74543df69ad566548240007e53240d8eb7983754bb32fb1b"},"1540414908549355495":{"entrytype":"GenerateResource","status":"Pass","timestamp":1540414908544349422,"filepath":"spdx-security-instance.json","xslpath":"tmp/spdx-security-iepd/xml/xsl/common/xml-json.xsl","digest":"cf2459bdb33a6f762d2718769cdf18debb6c0c25d69b42030363f1fe4092b254"},"1540414908581399021":{"entrytype":"GenerateResource","status":"Pass","timestamp":1540414908550911173,"filepath":"spdx-security-struct.go","xslpath":"tmp/spdx-security-iepd/xml/xsl/spdx-security-go-gen.xsl","digest":"2ca27d7b324c934c2b6a3ee6d61d270420c060a605ef92e214aa4489a33ccd82"},"1540414908600327659":{"entrytype":"GenerateResource","status":"Pass","timestamp":1540414908583032750,"filepath":"spdx-security-struct_test.go","xslpath":"tmp/spdx-security-iepd/xml/xsl/spdx-security-go-test-gen.xsl","digest":"f8251fa32a49dbabb3ee93fd1e5fab13681e73bfb00decf5c80b0a822e4f9746"},"1540414908659710293":{"entrytype":"GenerateResource","status":"Pass","timestamp":1540414908602132090,"filepath":"spdx-security-documentation.html","xslpath":"tmp/spdx-security-iepd/xml/xsl/common/docgen.xsl","digest":"3c8bf6a966f20312e27aab50544b0c9a00809aaeca4b507da89c375a3fc24abf"},"1540414908681561461":{"entrytype":"Marshal Data","status":"Pass","timestamp":1540414908681256673,"filepath":"spdx-security-instance-golang.xml","digest":"5e6824a4c18224975bc6d23752446ba55712378e6c57499c16fda05dc827590b"},"1540414923912077177":{"entrytype":"Validate","status":"Pass","timestamp":1540414908683708258,"filepath":"tmp/spdx-security-iepd/xml/xsd/spdx-xml-ref.xsd","xsdpath":"tmp/spdx-security-iepd/xml/xsd/ext/w3c/XMLSchema.xsd","valid":true},"1540414939151947815":{"entrytype":"Validate","status":"Pass","timestamp":1540414923914979466,"filepath":"tmp/spdx-security-iepd/xml/xsd/spdx-security-iep.xsd","xsdpath":"tmp/spdx-security-iepd/xml/xsd/ext/w3c/XMLSchema.xsd","valid":true},"1540414939175745610":{"entrytype":"Validate","status":"Pass","timestamp":1540414939162583229,"filepath":"tmp/spdx-security-iepd/xml/instance/spdx-security-instance.xml","xsdpath":"tmp/spdx-security-iepd/xml/xsd/spdx-security-iep.xsd","valid":true},"1540414939201964533":{"entrytype":"Validate","status":"Pass","timestamp":1540414939177605246,"filepath":"tmp/spdx-security-iepd/xml/instance/spdx-security-instance.xml","xsdpath":"tmp/spdx-security-iepd/xml/xsd/spdx-xml-ref.xsd","valid":true},"1540414939211433227":{"entrytype":"Validate","status":"Pass","timestamp":1540414939203605089,"filepath":"tmp/spdx-security-iepd/xml/instance/spdx-security-instance-golang.xml","xsdpath":"tmp/spdx-security-iepd/xml/xsd/spdx-security-iep.xsd","valid":true},"1540414939225424022":{"entrytype":"Validate","status":"Pass","timestamp":1540414939213084443,"filepath":"tmp/spdx-security-iepd/xml/instance/spdx-security-instance-golang.xml","xsdpath":"tmp/spdx-security-iepd/xml/xsd/spdx-xml-ref.xsd","valid":true}}