{"1539757384425178469":{"entrytype":"Load Remote Match","status":"Pass","timestamp":1539757384132656487,"filepath":"tmp/spdx-security-iepd/xml/xsd/spdx-xml-ref.xsd","digest":"026e646a857a1eb3b91291594d746cee5e17560bf46cd43f797c3788d7f36141","message":"Loaded Remote Resource"},"1539757384427179788":{"entrytype":"Authenticity Check","status":"Pass","timestamp":1539757384427178352,"filepath":"xml/xsd/spdx-xml-ref.xsd","digest":"026e646a857a1eb3b91291594d746cee5e17560bf46cd43f797c3788d7f36141","message":"spdx-xml-ref.xsd matches authoritative source"},"1539757384585385875":{"entrytype":"Load Remote Match","status":"Pass","timestamp":1539757384428978264,"filepath":"tmp/spdx-security-iepd/xml/instance/spdx-security-test-data.xml","digest":"957a13ffe44f2bc08a5199f2491fb38a523bdf2aed4fcf692e5ac8d01207e0cb","message":"Loaded Remote Resource"},"1539757384587523787":{"entrytype":"Authenticity Check","status":"Pass","timestamp":1539757384587519702,"filepath":"xml/instance/spdx-security-test-data.xml","digest":"957a13ffe44f2bc08a5199f2491fb38a523bdf2aed4fcf692e5ac8d01207e0cb","message":"spdx-security-test-data.xml matches authoritative source"},"1539757384908285464":{"entrytype":"GenerateResource","status":"Pass","timestamp":1539757384589759360,"filepath":"spdx-security-iep.xsd","xslpath":"tmp/spdx-security-iepd/xml/xsl/spdx-security-iep.xsl","digest":"8acf35a67b2c970490c310b5917328ec4ce449c4ed0e3e533765e3e5c6cbb872"},"1539757385033452214":{"entrytype":"GenerateResource","status":"Pass","timestamp":1539757384925932681,"filepath":"spdx-security-instance.xml","xslpath":"tmp/spdx-security-iepd/xml/xsl/spdx-security-instance.xsl","digest":"8294cbb8bf1d73962d6ec6c56823bdacdc71bf98f140bb9d353657b9dfbb31ee"},"1539757385190664427":{"entrytype":"GenerateResource","status":"Pass","timestamp":1539757385035100579,"filepath":"spdx-security-ref-xsd.json","xslpath":"tmp/spdx-security-iepd/xml/xsl/common/xsd-json.xsl","digest":"8bc866bddd29e98ecc67f1c2b8f1d2a0b86b75a4c0a228343fd9e2baa4e0a7c3"},"1539757385263473407":{"entrytype":"GenerateResource","status":"Pass","timestamp":1539757385192520434,"filepath":"spdx-security-iep-xsd.json","xslpath":"tmp/spdx-security-iepd/xml/xsl/common/xsd-json.xsl","digest":"90243f7aa91616175a5a48b4d2a1910ffde3840c6847a81ba2f34f81081499aa"},"1539757385270537977":{"entrytype":"GenerateResource","status":"Pass","timestamp":1539757385265485134,"filepath":"spdx-security-instance.json","xslpath":"tmp/spdx-security-iepd/xml/xsl/common/xml-json.xsl","digest":"f6e737c874e73e8e5dca2caa1fc0d41611b919eeee702477c47e65ce849606ed"},"1539757385304826342":{"entrytype":"GenerateResource","status":"Pass","timestamp":1539757385272234063,"filepath":"spdx-security-struct.go","xslpath":"tmp/spdx-security-iepd/xml/xsl/spdx-security-go-gen.xsl","digest":"377f34db556f2a22b6bb3fabed67e9c5d0009b12d82fe7335725a3bd8489ed2b"},"1539757385324816135":{"entrytype":"GenerateResource","status":"Pass","timestamp":1539757385306604043,"filepath":"spdx-security-struct_test.go","xslpath":"tmp/spdx-security-iepd/xml/xsl/spdx-security-go-test-gen.xsl","digest":"b46dbf73d3e3d891b0afbacc5ba32fdfb8bf2bfaae35abf460089a1b2ae99d7b"},"1539757385343176855":{"entrytype":"Marshal Data","status":"Pass","timestamp":1539757385343119770,"filepath":"spdx-security-instance-golang.xml","digest":"5e6824a4c18224975bc6d23752446ba55712378e6c57499c16fda05dc827590b"},"1539757400549876910":{"entrytype":"Validate","status":"Pass","timestamp":1539757385345048655,"filepath":"tmp/spdx-security-iepd/xml/xsd/spdx-xml-ref.xsd","xsdpath":"tmp/spdx-security-iepd/xml/xsd/ext/w3c/XMLSchema.xsd","valid":true},"1539757415777753654":{"entrytype":"Validate","status":"Pass","timestamp":1539757400551849308,"filepath":"tmp/spdx-security-iepd/xml/xsd/spdx-security-iep.xsd","xsdpath":"tmp/spdx-security-iepd/xml/xsd/ext/w3c/XMLSchema.xsd","valid":true},"1539757415792708637":{"entrytype":"Validate","status":"Pass","timestamp":1539757415781334362,"filepath":"tmp/spdx-security-iepd/xml/instance/spdx-security-instance.xml","xsdpath":"tmp/spdx-security-iepd/xml/xsd/spdx-security-iep.xsd","valid":true},"1539757415807759490":{"entrytype":"Validate","status":"Pass","timestamp":1539757415794388159,"filepath":"tmp/spdx-security-iepd/xml/instance/spdx-security-instance.xml","xsdpath":"tmp/spdx-security-iepd/xml/xsd/spdx-xml-ref.xsd","valid":true},"1539757415814679171":{"entrytype":"Validate","status":"Pass","timestamp":1539757415809343587,"filepath":"tmp/spdx-security-iepd/xml/instance/spdx-security-instance-golang.xml","xsdpath":"tmp/spdx-security-iepd/xml/xsd/spdx-security-iep.xsd","valid":true},"1539757415828077137":{"entrytype":"Validate","status":"Pass","timestamp":1539757415816293683,"filepath":"tmp/spdx-security-iepd/xml/instance/spdx-security-instance-golang.xml","xsdpath":"tmp/spdx-security-iepd/xml/xsd/spdx-xml-ref.xsd","valid":true}}