{"1542078386064898733":{"entrytype":"Load Remote Match","status":"Pass","timestamp":1542078385762918408,"filepath":"tmp/spdx-xml/xml/xsd/spdx-xml-ref.xsd","digest":"0898d07fc83ae4517c2c758912f43f6788a623275e8161a7f99fac5b3e7d2799","message":"Loaded Remote Resource"},"1542078386067332440":{"entrytype":"Authenticity Check","status":"Pass","timestamp":1542078386067329624,"filepath":"xml/xsd/spdx-xml-ref.xsd","digest":"0898d07fc83ae4517c2c758912f43f6788a623275e8161a7f99fac5b3e7d2799","message":"spdx-xml-ref.xsd matches authoritative source"},"1542078386209434237":{"entrytype":"Load Remote Match","status":"Pass","timestamp":1542078386069212361,"filepath":"tmp/spdx-xml/xml/instance/spdx-test-data.xml","digest":"903e02e2f86d4a0d2137d46092ff7373cb171940c1f70e3e5f965fe125add7ca","message":"Loaded Remote Resource"},"1542078386226902943":{"entrytype":"Authenticity Check","status":"Pass","timestamp":1542078386226901297,"filepath":"xml/instance/spdx-test-data.xml","digest":"903e02e2f86d4a0d2137d46092ff7373cb171940c1f70e3e5f965fe125add7ca","message":"spdx-test-data.xml matches authoritative source"},"1542078386279722919":{"entrytype":"Load Remote Match","status":"Pass","timestamp":1542078386259476809,"filepath":"tmp/spdx-doc-iepd/xml/xsd/spdx-xml-ref.xsd","digest":"0898d07fc83ae4517c2c758912f43f6788a623275e8161a7f99fac5b3e7d2799","message":"Loaded Remote Resource"},"1542078386281458612":{"entrytype":"Authenticity Check","status":"Pass","timestamp":1542078386281457959,"filepath":"xml/xsd/spdx-xml-ref.xsd","digest":"0898d07fc83ae4517c2c758912f43f6788a623275e8161a7f99fac5b3e7d2799","message":"spdx-xml-ref.xsd matches authoritative source"},"1542078386415918995":{"entrytype":"Load Remote Match","status":"Pass","timestamp":1542078386283046113,"filepath":"tmp/spdx-doc-iepd/xml/instance/spdx-doc-test-data.xml","digest":"a07f3c4e4cbff51467b486eb8dc2d2dddf75bf7098ad74ae166bff7fc67c7d83","message":"Loaded Remote Resource"},"1542078386434167233":{"entrytype":"Authenticity Check","status":"Pass","timestamp":1542078386434163872,"filepath":"xml/instance/spdx-doc-test-data.xml","digest":"a07f3c4e4cbff51467b486eb8dc2d2dddf75bf7098ad74ae166bff7fc67c7d83","message":"spdx-doc-test-data.xml matches authoritative source"},"1542078386570631830":{"entrytype":"GenerateResource","status":"Pass","timestamp":1542078386436331692,"filepath":"spdx-doc-iep.xsd","xslpath":"tmp/spdx-doc-iepd/xml/xsl/spdx-doc-iep.xsl","digest":"fa16f865aec2df5a606a35995af783650c1410e36ac0764e5f4e76c40511474c"},"1542078386579067668":{"entrytype":"GenerateResource","status":"Pass","timestamp":1542078386572420887,"filepath":"spdx-doc-instance.xml","xslpath":"tmp/spdx-doc-iepd/xml/xsl/spdx-doc-instance.xsl","digest":"da7dc734f14ae4f25a41ce1a326879a0653fb58ab573187012a0123535b49908"},"1542078386885889521":{"entrytype":"GenerateResource","status":"Pass","timestamp":1542078386583622361,"filepath":"spdx-xml-ref-xsd.json","xslpath":"tmp/spdx-doc-iepd/xml/xsl/common/xsd-json.xsl","digest":"e744712c3678c6bcc848f6b12f34f92f0badcac123bfdecbf4981c9741da6d09"},"1542078386900583090":{"entrytype":"GenerateResource","status":"Pass","timestamp":1542078386890552367,"filepath":"spdx-doc-iep-xsd.json","xslpath":"tmp/spdx-doc-iepd/xml/xsl/common/xsd-json.xsl","digest":"b8fe9d70b5ca0b9fc529385f7dd0214d2e45c1ff85674d3333717cacf7aa7d59"},"1542078386905054049":{"entrytype":"GenerateResource","status":"Pass","timestamp":1542078386902429544,"filepath":"spdx-doc-instance.json","xslpath":"tmp/spdx-doc-iepd/xml/xsl/common/xml-json.xsl","digest":"aad3b90e99c7ab95c02605df03adcad9799398c2c000d08a890e82b1266518e5"},"1542078386912637441":{"entrytype":"GenerateResource","status":"Pass","timestamp":1542078386906691694,"filepath":"spdx-doc-struct.go","xslpath":"tmp/spdx-doc-iepd/xml/xsl/spdx-doc-go-gen.xsl","digest":"ecdaa942d8bdc4ea01f74d019c3d896d866204ee3c08ce5c7cde433674c9d2f2"},"1542078386935363704":{"entrytype":"GenerateResource","status":"Pass","timestamp":1542078386929800448,"filepath":"spdx-doc-struct_test.go","xslpath":"tmp/spdx-doc-iepd/xml/xsl/spdx-doc-go-test-gen.xsl","digest":"0f427baba510bb9023cfbfb05496a4efab824403b48bb01243c677294eefd87a"},"1542078386941909873":{"entrytype":"GenerateResource","status":"Pass","timestamp":1542078386937067663,"filepath":"spdx-doc-documentation.html","xslpath":"tmp/spdx-doc-iepd/xml/xsl/common/docgen.xsl","digest":"24ee174a0e199e07ddad62d14f2d354309717aee55c3348b166b2c25b72c9aa1"},"1542078386943850126":{"entrytype":"Marshal Data","status":"Pass","timestamp":1542078386943834990,"filepath":"spdx-doc-instance-golang.xml","digest":"ec2cde015ada717f3192b6da48753d947cab920ce11058cfd93e9c5b6c775165"},"1542078402199022309":{"entrytype":"Validate","status":"Pass","timestamp":1542078386945403690,"filepath":"tmp/spdx-doc-iepd/xml/xsd/spdx-xml-ref.xsd","xsdpath":"tmp/spdx-doc-iepd/xml/xsd/ext/w3c/XMLSchema.xsd","valid":true},"1542078417425907138":{"entrytype":"Validate","status":"Pass","timestamp":1542078402202495838,"filepath":"tmp/spdx-doc-iepd/xml/xsd/spdx-doc-iep.xsd","xsdpath":"tmp/spdx-doc-iepd/xml/xsd/ext/w3c/XMLSchema.xsd","valid":true},"1542078417434612783":{"entrytype":"Validate","status":"Pass","timestamp":1542078417429669192,"filepath":"tmp/spdx-doc-iepd/xml/instance/spdx-doc-instance.xml","xsdpath":"tmp/spdx-doc-iepd/xml/xsd/spdx-doc-iep.xsd","valid":true},"1542078417462996040":{"entrytype":"Validate","status":"Pass","timestamp":1542078417436958688,"filepath":"tmp/spdx-doc-iepd/xml/instance/spdx-doc-instance.xml","xsdpath":"tmp/spdx-doc-iepd/xml/xsd/spdx-xml-ref.xsd","valid":true},"1542078417465994216":{"entrytype":"Validate","status":"Pass","timestamp":1542078417464740182,"filepath":"tmp/spdx-doc-iepd/xml/instance/spdx-doc-instance-golang.xml","xsdpath":"tmp/spdx-doc-iepd/xml/xsd/spdx-doc-iep.xsd","valid":true},"1542078417492438493":{"entrytype":"Validate","status":"Pass","timestamp":1542078417483242384,"filepath":"tmp/spdx-doc-iepd/xml/instance/spdx-doc-instance-golang.xml","xsdpath":"tmp/spdx-doc-iepd/xml/xsd/spdx-xml-ref.xsd","valid":true},"1542078417596300640":{"entrytype":"Load Remote Match","status":"Pass","timestamp":1542078417576108510,"filepath":"tmp/spdx-license-iepd/xml/xsd/spdx-xml-ref.xsd","digest":"0898d07fc83ae4517c2c758912f43f6788a623275e8161a7f99fac5b3e7d2799","message":"Loaded Remote Resource"},"1542078417613962592":{"entrytype":"Authenticity Check","status":"Pass","timestamp":1542078417613961109,"filepath":"xml/xsd/spdx-xml-ref.xsd","digest":"0898d07fc83ae4517c2c758912f43f6788a623275e8161a7f99fac5b3e7d2799","message":"spdx-xml-ref.xsd matches authoritative source"},"1542078417754169065":{"entrytype":"Load Remote Match","status":"Pass","timestamp":1542078417615634662,"filepath":"tmp/spdx-license-iepd/xml/instance/spdx-license-test-data.xml","digest":"39dff9fb41d4d5d34fb1bdd9055e3adcd6de67f5498c0313b597d28221ade722","message":"Loaded Remote Resource"},"1542078417757251453":{"entrytype":"Authenticity Check","status":"Pass","timestamp":1542078417757248437,"filepath":"xml/instance/spdx-license-test-data.xml","digest":"39dff9fb41d4d5d34fb1bdd9055e3adcd6de67f5498c0313b597d28221ade722","message":"spdx-license-test-data.xml matches authoritative source"},"1542078417841217970":{"entrytype":"GenerateResource","status":"Pass","timestamp":1542078417759484485,"filepath":"spdx-license-iep.xsd","xslpath":"tmp/spdx-license-iepd/xml/xsl/spdx-license-iep.xsl","digest":"72d25f59322879b0a50271ce16b4939bd4eff0698e4a551971353924f136cb95"},"1542078417851320778":{"entrytype":"GenerateResource","status":"Pass","timestamp":1542078417847671332,"filepath":"spdx-license-instance.xml","xslpath":"tmp/spdx-license-iepd/xml/xsl/spdx-license-instance.xsl","digest":"daa125f832cff329a77dde2817cf90b0efbdb4335a454adb18540cf808553fc8"},"1542078418163724357":{"entrytype":"GenerateResource","status":"Pass","timestamp":1542078417852931577,"filepath":"spdx-xml-ref-xsd.json","xslpath":"tmp/spdx-license-iepd/xml/xsl/common/xsd-json.xsl","digest":"e744712c3678c6bcc848f6b12f34f92f0badcac123bfdecbf4981c9741da6d09"},"1542078418170829318":{"entrytype":"GenerateResource","status":"Pass","timestamp":1542078418165679936,"filepath":"spdx-license-iep-xsd.json","xslpath":"tmp/spdx-license-iepd/xml/xsl/common/xsd-json.xsl","digest":"c8fd9f8a88341980d035e2d55661c3101ae3d412a0e5c65aabdf72182390fe7c"},"1542078418190954547":{"entrytype":"GenerateResource","status":"Pass","timestamp":1542078418188106963,"filepath":"spdx-license-instance.json","xslpath":"tmp/spdx-license-iepd/xml/xsl/common/xml-json.xsl","digest":"a28519fc4dfc96d63e7ae420eca1202af28b45a2c4eec8c3229e3dd5717aaef3"},"1542078418196084229":{"entrytype":"GenerateResource","status":"Pass","timestamp":1542078418192525640,"filepath":"spdx-license-struct.go","xslpath":"tmp/spdx-license-iepd/xml/xsl/spdx-license-go-gen.xsl","digest":"2b4232f1933b2abc0d5c29e20a1c62969e2811dd6e0fb72f162a137a1defaf4d"},"1542078418201894785":{"entrytype":"GenerateResource","status":"Pass","timestamp":1542078418197856710,"filepath":"spdx-license-struct_test.go","xslpath":"tmp/spdx-license-iepd/xml/xsl/spdx-license-go-test-gen.xsl","digest":"072aa72b94cf86b6b300b539af869b537e0adfb51cb2e0df3e1b6c23ef23acf8"},"1542078418207111760":{"entrytype":"GenerateResource","status":"Pass","timestamp":1542078418203578033,"filepath":"spdx-license-documentation.html","xslpath":"tmp/spdx-license-iepd/xml/xsl/common/docgen.xsl","digest":"d8037e8c4c03a09726f8ae33e89a701bea3248e4429661b2f9b39753197a1744"},"1542078418209024585":{"entrytype":"Marshal Data","status":"Pass","timestamp":1542078418208998260,"filepath":"spdx-license-instance-golang.xml","digest":"41680eb9d7f59a607c4a27934cd7ca71efb03327c6a9706db61206a76a6cb183"},"1542078433453564462":{"entrytype":"Validate","status":"Pass","timestamp":1542078418210573696,"filepath":"tmp/spdx-license-iepd/xml/xsd/spdx-xml-ref.xsd","xsdpath":"tmp/spdx-license-iepd/xml/xsd/ext/w3c/XMLSchema.xsd","valid":true},"1542078448676187253":{"entrytype":"Validate","status":"Pass","timestamp":1542078433456963767,"filepath":"tmp/spdx-license-iepd/xml/xsd/spdx-license-iep.xsd","xsdpath":"tmp/spdx-license-iepd/xml/xsd/ext/w3c/XMLSchema.xsd","valid":true},"1542078448698440681":{"entrytype":"Validate","status":"Pass","timestamp":1542078448695445788,"filepath":"tmp/spdx-license-iepd/xml/instance/spdx-license-instance.xml","xsdpath":"tmp/spdx-license-iepd/xml/xsd/spdx-license-iep.xsd","valid":true},"1542078448734597580":{"entrytype":"Validate","status":"Pass","timestamp":1542078448701341839,"filepath":"tmp/spdx-license-iepd/xml/instance/spdx-license-instance.xml","xsdpath":"tmp/spdx-license-iepd/xml/xsd/spdx-xml-ref.xsd","valid":true},"1542078448736911127":{"entrytype":"Validate","status":"Pass","timestamp":1542078448736346815,"filepath":"tmp/spdx-license-iepd/xml/instance/spdx-license-instance-golang.xml","xsdpath":"tmp/spdx-license-iepd/xml/xsd/spdx-license-iep.xsd","valid":true},"1542078448748002861":{"entrytype":"Validate","status":"Pass","timestamp":1542078448738526359,"filepath":"tmp/spdx-license-iepd/xml/instance/spdx-license-instance-golang.xml","xsdpath":"tmp/spdx-license-iepd/xml/xsd/spdx-xml-ref.xsd","valid":true},"1542078448924168638":{"entrytype":"Load Remote Match","status":"Pass","timestamp":1542078448833940024,"filepath":"tmp/spdx-security-iepd/xml/xsd/spdx-xml-ref.xsd","digest":"0898d07fc83ae4517c2c758912f43f6788a623275e8161a7f99fac5b3e7d2799","message":"Loaded Remote Resource"},"1542078448942432058":{"entrytype":"Authenticity Check","status":"Pass","timestamp":1542078448942428672,"filepath":"xml/xsd/spdx-xml-ref.xsd","digest":"0898d07fc83ae4517c2c758912f43f6788a623275e8161a7f99fac5b3e7d2799","message":"spdx-xml-ref.xsd matches authoritative source"},"1542078449079695869":{"entrytype":"Load Remote Match","status":"Pass","timestamp":1542078448944550001,"filepath":"tmp/spdx-security-iepd/xml/instance/spdx-security-test-data.xml","digest":"e76aadd1a163f2e562fb4ae321c265223ef025bdea3fcf976aaa0c733b0c66f1","message":"Loaded Remote Resource"},"1542078449082802699":{"entrytype":"Authenticity Check","status":"Pass","timestamp":1542078449082800014,"filepath":"xml/instance/spdx-security-test-data.xml","digest":"e76aadd1a163f2e562fb4ae321c265223ef025bdea3fcf976aaa0c733b0c66f1","message":"spdx-security-test-data.xml matches authoritative source"},"1542078449421687807":{"entrytype":"GenerateResource","status":"Pass","timestamp":1542078449084883243,"filepath":"spdx-security-iep.xsd","xslpath":"tmp/spdx-security-iepd/xml/xsl/spdx-security-iep.xsl","digest":"8acf35a67b2c970490c310b5917328ec4ce449c4ed0e3e533765e3e5c6cbb872"},"1542078449538485850":{"entrytype":"GenerateResource","status":"Pass","timestamp":1542078449424828602,"filepath":"spdx-security-instance.xml","xslpath":"tmp/spdx-security-iepd/xml/xsl/spdx-security-instance.xsl","digest":"a1b01ef7553d0d5bf45830ba634517d60b80c3487f30c3412861d39d11eb0820"},"1542078449840118961":{"entrytype":"GenerateResource","status":"Pass","timestamp":1542078449541481851,"filepath":"spdx-security-ref-xsd.json","xslpath":"tmp/spdx-security-iepd/xml/xsl/common/xsd-json.xsl","digest":"e744712c3678c6bcc848f6b12f34f92f0badcac123bfdecbf4981c9741da6d09"},"1542078449955196220":{"entrytype":"GenerateResource","status":"Pass","timestamp":1542078449843360939,"filepath":"spdx-security-iep-xsd.json","xslpath":"tmp/spdx-security-iepd/xml/xsl/common/xsd-json.xsl","digest":"bd9bc87a589c054b74543df69ad566548240007e53240d8eb7983754bb32fb1b"},"1542078449979310892":{"entrytype":"GenerateResource","status":"Pass","timestamp":1542078449974126906,"filepath":"spdx-security-instance.json","xslpath":"tmp/spdx-security-iepd/xml/xsl/common/xml-json.xsl","digest":"cf2459bdb33a6f762d2718769cdf18debb6c0c25d69b42030363f1fe4092b254"},"1542078450011575983":{"entrytype":"GenerateResource","status":"Pass","timestamp":1542078449980943431,"filepath":"spdx-security-struct.go","xslpath":"tmp/spdx-security-iepd/xml/xsl/spdx-security-go-gen.xsl","digest":"2ca27d7b324c934c2b6a3ee6d61d270420c060a605ef92e214aa4489a33ccd82"},"1542078450030929200":{"entrytype":"GenerateResource","status":"Pass","timestamp":1542078450013171667,"filepath":"spdx-security-struct_test.go","xslpath":"tmp/spdx-security-iepd/xml/xsl/spdx-security-go-test-gen.xsl","digest":"f8251fa32a49dbabb3ee93fd1e5fab13681e73bfb00decf5c80b0a822e4f9746"},"1542078450089983837":{"entrytype":"GenerateResource","status":"Pass","timestamp":1542078450032497131,"filepath":"spdx-security-documentation.html","xslpath":"tmp/spdx-security-iepd/xml/xsl/common/docgen.xsl","digest":"3c8bf6a966f20312e27aab50544b0c9a00809aaeca4b507da89c375a3fc24abf"},"1542078450092592543":{"entrytype":"Marshal Data","status":"Pass","timestamp":1542078450092537575,"filepath":"spdx-security-instance-golang.xml","digest":"fdd4d612ce6c97237c92ddd7ea34ac0a728d90cecbf48db9fe4925bcc859c700"},"1542078465448359145":{"entrytype":"Validate","status":"Pass","timestamp":1542078450094141307,"filepath":"tmp/spdx-security-iepd/xml/xsd/spdx-xml-ref.xsd","xsdpath":"tmp/spdx-security-iepd/xml/xsd/ext/w3c/XMLSchema.xsd","valid":true},"1542078480690562971":{"entrytype":"Validate","status":"Pass","timestamp":1542078465451502190,"filepath":"tmp/spdx-security-iepd/xml/xsd/spdx-security-iep.xsd","xsdpath":"tmp/spdx-security-iepd/xml/xsd/ext/w3c/XMLSchema.xsd","valid":true},"1542078480723496424":{"entrytype":"Validate","status":"Pass","timestamp":1542078480709692620,"filepath":"tmp/spdx-security-iepd/xml/instance/spdx-security-instance.xml","xsdpath":"tmp/spdx-security-iepd/xml/xsd/spdx-security-iep.xsd","valid":true},"1542078480747767878":{"entrytype":"Validate","status":"Pass","timestamp":1542078480725326846,"filepath":"tmp/spdx-security-iepd/xml/instance/spdx-security-instance.xml","xsdpath":"tmp/spdx-security-iepd/xml/xsd/spdx-xml-ref.xsd","valid":true},"1542078480756450480":{"entrytype":"Validate","status":"Pass","timestamp":1542078480749477926,"filepath":"tmp/spdx-security-iepd/xml/instance/spdx-security-instance-golang.xml","xsdpath":"tmp/spdx-security-iepd/xml/xsd/spdx-security-iep.xsd","valid":true},"1542078480767662526":{"entrytype":"Validate","status":"Pass","timestamp":1542078480758171417,"filepath":"tmp/spdx-security-iepd/xml/instance/spdx-security-instance-golang.xml","xsdpath":"tmp/spdx-security-iepd/xml/xsd/spdx-xml-ref.xsd","valid":true}}