{
    "project": "spdx-sec-ism",
    "configfile": "spdx-sec-ism-cfg.json",
    "reflink": "https://raw.githubusercontent.com/mil-oss/spdx-xsd/master/xml/xsd/spdx-xml-ref.xsd",
    "testlink": "https://raw.githubusercontent.com/mil-oss/spdx-xsd/master/iepd/spdx-sec-ism/xml/instance/spdx-sec-ism-test-data.xml",
    "host": "https://spdx-xml.specchain.org/spdx-sec-ism/",
    "port": ":8080",
    "dbloc": "tmp/spdx-sec-ism-iepd/db/spdx-sec-ism.db",
    "tempdir": "tmp/",
    "temppath": "tmp/spdx-sec-ism-iepd/",
    "resources": [
        {
            "name": "config",
            "filename": "spdx-sec-ism-cfg.json",
            "src": "config/spdx-sec-ism-cfg.json",
            "path": "config/spdx-sec-ism-cfg.json",
            "description": "Configuration Information"
        },
        {
            "name": "refxsd",
            "filename": "spdx-xml-ref.xsd",
            "src": "xml/xsd/spdx-xml-ref.xsd",
            "path": "xml/xsd/spdx-xml-ref.xsd",
            "description": "NIEM Conformant Reference XML Schema for SPDX data"
        },
        {
            "name": "reftestdataxml",
            "filename": "spdx-test-data.xml",
            "src": "xml/instance/spdx-test-data.xml",
            "path": "xml/instance/spdx-test-data.xml",
            "description": "Test values for all SPDX data items"
        },
        {
            "name": "iepxsd",
            "filename": "spdx-sec-ism-iep.xsd",
            "src": "iepd/spdx-sec-ism/xml/xsd/spdx-sec-ism-iep.xsd",
            "path": "xml/xsd/spdx-sec-ism-iep.xsd",
            "description": "XML Schema for SPDX Software Evaluation Data information exchange"
        },
        {
            "name": "xmlschemaxsd",
            "filename": "XMLSchema.xsd",
            "src": "xml/xsd/ext/w3c/XMLSchema.xsd",
            "path": "xml/xsd/ext/w3c/XMLSchema.xsd",
            "description": "W3C XML Schema for XSD validation"
        },
        {
            "name": "xsltxsd",
            "filename": "xslt.xsd",
            "src": "xml/xsd/ext/w3c/xslt.xsd",
            "path": "xml/xsd/ext/w3c/xslt.xsd",
            "description": "W3C XSLT Schema for XSLT validation"
        },
        {
            "name": "iepxsdxsl",
            "filename": "spdx-sec-ism-iep.xsl",
            "src": "iepd/spdx-sec-ism/xml/xsl/spdx-sec-ism-iep.xsl",
            "path": "xml/xsl/spdx-sec-ism-iep.xsl",
            "description": "XSLT to generate the SPDX Security with ISM Implementation Schema"
        
        },
        {
            "name": "instancexsl",
            "filename": "spdx-sec-ism-instance.xsl",
            "src": "iepd/spdx-sec-ism/xml/xsl/spdx-sec-ism-instance.xsl",
            "path": "xml/xsl/spdx-sec-ism-instance.xsl",
            "description": "XSLT to generate a SPDX Security with ISM instance using test values"
        
        },
        {
            "name": "gogenxsdxsl",
            "filename": "spdx-sec-ism-go-gen.xsl",
            "src": "iepd/spdx-sec-ism/xml/xsl/spdx-sec-ism-go-gen.xsl",
            "path": "xml/xsl/spdx-sec-ism-go-gen.xsl",
            "description": "XSLT to generate a GOLANG Struct for SPDX Security information"
        
        },
        {
            "name": "gotestgenxsl",
            "filename": "spdx-sec-ism-go-test-gen.xsl",
            "src": "iepd/spdx-sec-ism/xml/xsl/spdx-sec-ism-go-test-gen.xsl",
            "path": "xml/xsl/spdx-sec-ism-go-test-gen.xsl",
            "description": "XSLT to generate GOLANG Unit Tests for SPDX Security information using test data"
        },
        {
            "name": "testdataxml",
            "filename":"spdx-sec-ism-test-data.xml",
            "src": "iepd/spdx-sec-ism/xml/instance/spdx-sec-ism-test-data.xml",
            "path": "xml/instance/spdx-sec-ism-test-data.xml",
            "description": "Test data for SPDX Security information"
        
        },
        {
            "name": "instancexml",
            "filename": "spdx-sec-ism-instance.xml",
            "src": "iepd/spdx-sec-ism/xml/instance/spdx-sec-ism-instance.xml",
            "path": "xml/instance/spdx-sec-ism-instance.xml",
            "description": "SPDX Security XML Instance generated using XSLT"
        },
        {
            "name": "instancegolangxml",
            "filename": "spdx-sec-ism-instance-golang.xml",
            "src": "iepd/spdx-sec-ism/xml/instance/spdx-sec-ism-instance-golang.xml",
            "path": "xml/instance/spdx-sec-ism-instance-golang.xml",
            "description": "SPDX Security XML Instance created by marshalling XML instance using GOLANG struct"
        },
        {
            "name": "ismstructgo",
            "filename": "ism-struct.go",
            "src": "src/spdx-sec-ism/ism-struct.go",
            "path": "src/spdx-sec-ism/ism-struct.go",
            "description": "Golang STRUCT for ISM security attributes"
        
        },
        {
            "name": "structgo",
            "filename": "spdx-sec-ism-struct.go",
            "src": "src/spdx-sec-ism/spdx-sec-ism-struct.go",
            "path": "src/spdx-sec-ism/spdx-sec-ism-struct.go",
            "description": "Auto-generated code structure for marshalling and unmarshalling XML Instances using Golang"
        
        },
        {
            "name": "structtestgo",
            "filename": "spdx-sec-ism-struct_test.go",
            "src": "src/spdx-sec-ism/spdx-sec-ism-struct_test.go",
            "path": "src/spdx-sec-ism/spdx-sec-ism-struct_test.go",
            "description": "Auto-generated code tests for marshalling and unmarshalling XML Instances using Golang"
       
        },
        {
            "name": "maingo",
            "filename": "spdx-sec-ism.go",
            "src": "src/spdx-sec-ism/spdx-sec-ism.go",
            "path": "src/spdx-sec-ism/spdx-sec-ism.go",
            "description": "Golang start class"
        },
        {
            "name": "iepxsdjson",
            "filename": "spdx-sec-ism-iep-xsd.json",
            "src": "iepd/spdx-sec-ism/json/spdx-sec-ism-iep-xsd.json",
            "path": "json/spdx-sec-ism-iep-xsd.json",
            "description": "JSON Representation of SPDX Document Schema"
        },
        {
            "name": "refxsdjson",
            "filename": "spdx-xml-ref-xsd.json",
            "src": "iepd/spdx-sec-ism/json/spdx-xml-ref-xsd.json",
            "path": "json/spdx-sec-ism-ref-xsd.json",
            "description": "JSON Representation of SPDX Reference XML Schema"
        },
        {
            "name": "instancejson",
            "filename": "spdx-sec-ism-instance.json",
            "src": "iepd/spdx-sec-ism/json/spdx-sec-ism-instance.json",
            "path": "json/spdx-sec-ism-instance.json",
            "description": "JSON Representation of SPDX Security XML Test Instance"
        },
        {
            "name": "provenancereportjson",
            "filename": "spdx-sec-ism-provenance-report.json",
            "src": "iepd/spdx-sec-ism/json/spdx-sec-ism-provenance-report.json",
            "path": "json/spdx-sec-ism-provenance-report.json", 
            "description": "Report on all generation, verification and validation events"
       
        },
        {
            "name": "resourcesjson",
            "filename": "spdx-sec-ism-resources.json",
            "src": "iepd/spdx-sec-ism/json/spdx-sec-ism-resources.json",
            "path": "json/spdx-sec-ism-resources.json",
            "description": "List of resources uses to Implement SPDX Security XML"
        },
        {
            "name": "iepxsl",
            "filename": "iep.xsl",
            "src": "xml/xsl/iep.xsl",
            "path": "xml/xsl/common/iep.xsl",
            "description": "Common XSLT utility for generating Implementaion XSDs from Reference XSDs"
        },
        {
            "name": "xmlinstancexsl",
            "filename": "xml-instance.xsl",
            "src": "xml/xsl/xml-instance.xsl",
            "path": "xml/xsl/common/xml-instance.xsl",
            "description": "Common XSLT utility for generating XML Instances from Implemtation XSDs using test data"
        },
        {
            "name": "gogenxsl",
            "filename": "go-gen.xsl",
            "src": "xml/xsl/go-gen.xsl",
            "path": "xml/xsl/common/go-gen.xsl",
            "description": "Common XSLT utility for generating GOLANG structs and Unit Tests from Implemtation XSDs using test data"
        },
        {
            "name": "xsdjsonxsl",
            "filename": "xsd-json.xsl",
            "src": "xml/xsl/xsd-json.xsl",
            "path": "xml/xsl/common/xsd-json.xsl",
            "description": "Common XSLT utility for generating a JSON representation of an XML Schema"
       
        },
        {
            "name": "xmljsonxsl",
            "filename": "xml-json.xsl",
            "src": "xml/xsl/xml-json.xsl",
            "path": "xml/xsl/common/xml-json.xsl",
            "description": "Common XSLT utility for generating a JSON representation of an XML Instance"
        },
        {
            "name": "zipiepd",
            "filename": "spdx-sec-ism-iepd.zip",
            "src": "",
            "path": "spdx-sec-ism-iepd.zip",
            "description": "Zipped archive of all Resources"
        }
    ],
    "directories": [
        {
            "name": "niem",
            "src": "xml/xsd/ext/niem",
            "path": "xml/xsd/ext/niem"
        },
        {
            "name": "w3c",
            "src": "xml/xsd/ext/w3c",
            "path": "xml/xsd/ext/w3c"
        },
        {
            "name": "ic-xml",
            "src": "xml/xsd/ext/ic-xml",
            "path": "xml/xsd/ext/ic-xml"
        },
        {
            "name": "gostruct",
            "src": "src/spdx-sec-ism",
            "path": "src/spdx-sec-ism"
        },
        {
            "name": "gocode",
            "src": "src/xsdprov",
            "path": "src/xsdprov"
        }
    ]
}