<?xml version="1.0"?>
<SpdxDocument xmlns:xsi="http://www.w3.org/2001/XMLSchema-instance" xmlns="urn:spdx-xml:1.0" xsi:schemaLocation="urn:spdx-xml:1.0 ../xsd/spdx-doc-iep.xsd">
  <SpdxID/>
  <Annotation>
    <Date/>
    <AnnotationTypeCode/>
    <CommentText/>
    <AnnotatorText/>
  </Annotation>
  <Name/>
  <CommentText/>
  <Relationship>
    <RelationshipTypeCode/>
    <CommentText/>
    <RelatedSpdxElementID/>
  </Relationship>
  <DescribesPackageID/>
  <DescribesFileID/>
  <HasExtractedLicensingInfoID/>
  <CreationInfo>
    <LicenseListVersionText/>
    <CreatedDateTime/>
    <CommentText/>
    <CreatorText/>
  </CreationInfo>
  <SpecVersionText/>
  <ExternalDocumentRef>
    <Checksum>
      <ChecksumValue/>
      <AlgorithmCode/>
    </Checksum>
    <ExternalDocumentID/>
    <SpdxDocumentID/>
  </ExternalDocumentRef>
  <DataLicenseID/>
</SpdxDocument>
