<?xml version="1.0"?>
<SoftwareEvidenceArchive xmlns:xsi="http://www.w3.org/2001/XMLSchema-instance" xmlns:ism="urn:us:gov:ic:ism" xmlns="urn:spdx-xml:1.0" xsi:schemaLocation="urn:spdx-xml:1.0 file:./../xsd/spdx-sec-ism-iep.xsd" ism:classification="U">
  <SoftwareInformation ism:classification="U">
    <ProductTitleText ism:classification="U"/>
    <SoftwareNameText ism:classification="U"/>
    <SoftwareOrgText ism:classification="U"/>
    <VersionInformation ism:classification="U">
      <SoftwareVersionText ism:classification="U"/>
      <SemanticVersionIndicator ism:classification="U"/>
      <SemanticVersionText ism:classification="U"/>
      <SemanticVersionInformation ism:classification="U">
        <APIName ism:classification="U"/>
        <MajorVersionNumeric ism:classification="U"/>
        <MinorVersionNumeric ism:classification="U"/>
        <PatchVersionText ism:classification="U"/>
        <PreReleaseVersionText ism:classification="U"/>
        <BuildMetaText ism:classification="U"/>
      </SemanticVersionInformation>
      <SemanticVersionDate ism:classification="U"/>
      <PythonSemanticVersionIndicator ism:classification="U"/>
      <PythonSemanticVersion ism:classification="U">
        <PythonEpochSegmentText ism:classification="U"/>
        <PythonReleaseSegmentText ism:classification="U"/>
        <PythonPreReleaseSegmentText ism:classification="U"/>
        <PythonPostReleaseSegmentText ism:classification="U"/>
        <PythonDevelopmentReleaseSegmentText ism:classification="U"/>
      </PythonSemanticVersion>
      <PythonVersionText ism:classification="U"/>
    </VersionInformation>
    <GroupingText ism:classification="U"/>
    <ReleaseNotesText ism:classification="U"/>
  </SoftwareInformation>
  <FileInformation ism:classification="U">
    <ComputerFileNameText ism:classification="U"/>
    <FileExtensionText ism:classification="U"/>
  </FileInformation>
  <AuthoritativeSourceInformation ism:classification="U">
    <SourceHashText ism:classification="U"/>
    <SourceURIText ism:classification="U"/>
    <AuthoritativeDigitalSignatureIndicator ism:classification="U"/>
  </AuthoritativeSourceInformation>
  <EcosystemInformation ism:classification="U">
    <Ecosystem ism:classification="U">
      <CommitterQuantity ism:classification="U"/>
      <Languages ism:classification="U">
        <LanguageText ism:classification="U"/>
      </Languages>
      <CommitLogs ism:classification="U">
        <CommitLogText ism:classification="U"/>
      </CommitLogs>
    </Ecosystem>
    <CompanyInformation ism:classification="U">
      <NameText ism:classification="U"/>
    </CompanyInformation>
  </EcosystemInformation>
  <DependencyInformation ism:classification="U">
    <Dependencies ism:classification="U">
      <Dependency ism:classification="U">
        <NameText ism:classification="U"/>
        <DependencyVersionText ism:classification="U"/>
      </Dependency>
    </Dependencies>
    <Compiler ism:classification="U">
      <NameText ism:classification="U"/>
      <CompilerVersionText ism:classification="U"/>
    </Compiler>
  </DependencyInformation>
  <LicenseInformation ism:classification="U">
    <LicenseCategoryCode ism:classification="U"/>
    <LicenseCode ism:classification="U"/>
    <EndOfLifeIndicator ism:classification="U"/>
  </LicenseInformation>
  <VulnerabilityInformation ism:classification="U">
    <Vulnerabilities ism:classification="U">
      <Vulnerability ism:classification="U">
        <VulnerabilityIdentifierText ism:classification="U"/>
        <SourceText ism:classification="U"/>
        <VulnerabilityTitleText ism:classification="U"/>
        <VulnerabilitySummaryText ism:classification="U"/>
        <VulnerabilityScoreValue ism:classification="U"/>
        <VulnerabilityScoreVersionValue ism:classification="U"/>
        <VulnerabilityScoreSystemText ism:classification="U"/>
        <ScoreDetails ism:classification="U">
          <CommonVulnerabilityScoringSystemV2 ism:classification="U">
            <VectorStringText ism:classification="U"/>
            <AccessVectorText ism:classification="U"/>
            <AccessComplexityText ism:classification="U"/>
            <VulnerabilityAuthenticationText ism:classification="U"/>
            <ConfidentialityImpactText ism:classification="U"/>
            <IntegrityImpactText ism:classification="U"/>
            <AvailabilityImpactText ism:classification="U"/>
            <VulnerabilityBaseScoreValue ism:classification="U"/>
          </CommonVulnerabilityScoringSystemV2>
          <CommonVulnerabilityScoringSystemV3 ism:classification="U">
            <VectorStringText ism:classification="U"/>
            <AccessVectorText ism:classification="U"/>
            <AccessComplexityText ism:classification="U"/>
            <PrivilegesRequiredText ism:classification="U"/>
            <UserInteractionText ism:classification="U"/>
            <VulnerabilityScopeText ism:classification="U"/>
            <ConfidentialityImpactText ism:classification="U"/>
            <IntegrityImpactText ism:classification="U"/>
            <AvailabilityImpactText ism:classification="U"/>
            <VulnerabilityBaseScoreValue ism:classification="U"/>
            <BaseSeverityText ism:classification="U"/>
          </CommonVulnerabilityScoringSystemV3>
        </ScoreDetails>
        <VulnerabilityVectorText ism:classification="U"/>
        <AccessComplexityText ism:classification="U"/>
        <VulnerabilityAuthenticationText ism:classification="U"/>
        <ConfidentialityImpactText ism:classification="U"/>
        <IntegrityImpactText ism:classification="U"/>
        <AvailabilityImpactText ism:classification="U"/>
        <VulnerabilitySourceText ism:classification="U"/>
        <AssessmentCheckText ism:classification="U"/>
        <ScannerText ism:classification="U"/>
        <RecommendationText ism:classification="U"/>
        <VulnerabilityReference ism:classification="U">
          <TypeOfReferenceText ism:classification="U"/>
          <ReferenceSourceText ism:classification="U"/>
          <URIText ism:classification="U"/>
          <ReferenceText ism:classification="U"/>
        </VulnerabilityReference>
        <VulnerabilityModifiedDate ism:classification="U"/>
        <VulnerabilityPublishedDate ism:classification="U"/>
      </Vulnerability>
    </Vulnerabilities>
    <VirusInformation ism:classification="U">
      <KnownVirusQuantity ism:classification="U"/>
      <EngineVersionText ism:classification="U"/>
      <VirusEngineText ism:classification="U"/>
      <ScannedDirectoryQuantity ism:classification="U"/>
      <ScannedFileQuantity ism:classification="U"/>
      <InfectedFileQuantity ism:classification="U"/>
      <DataScannedText ism:classification="U"/>
      <DataReadText ism:classification="U"/>
      <TimeText ism:classification="U"/>
      <FileNotesText ism:classification="U"/>
      <EngineDetails ism:classification="U">
        <EngineVersionText ism:classification="U"/>
        <DatabaseVersionText ism:classification="U"/>
      </EngineDetails>
    </VirusInformation>
  </VulnerabilityInformation>
  <GovernanceRiskCompliance ism:classification="U">
    <RiskCode ism:classification="U"/>
    <StatementOfAssuranceText ism:classification="U"/>
  </GovernanceRiskCompliance>
  <DeliveryInformation ism:classification="U">
    <DeliveringOrganizationText ism:classification="U"/>
    <DestinationText ism:classification="U"/>
    <HashText ism:classification="U"/>
    <LastRegistryUpdateDate ism:classification="U"/>
  </DeliveryInformation>
</SoftwareEvidenceArchive>
