<?xml version="1.0" encoding="UTF-8"?>
  <SoftwareEvidenceArchive xmlns:xsi="http://www.w3.org/2001/XMLSchema-instance" xmlns="urn:spdx-xml:1.0" xmlns:ism="urn:us:gov:ic:ism" ism:classification="U">
      <SoftwareInformation ism:classification="U">
          <ProductTitleText ism:classification="U">Line text max length 48 characters.</ProductTitleText>
          <SoftwareNameText ism:classification="U">Line text max length 48 characters.</SoftwareNameText>
          <SoftwareOrgText ism:classification="U">Line text max length 48 characters.</SoftwareOrgText>
          <VersionInformation ism:classification="U">
              <SoftwareVersionText ism:classification="U">Line text max length 48 characters.</SoftwareVersionText>
              <SemanticVersionIndicator ism:classification="U">true</SemanticVersionIndicator>
              <SemanticVersionText ism:classification="U">1.0.0-alpha.beta</SemanticVersionText>
              <SemanticVersionInformation ism:classification="U">
                  <APIName ism:classification="U">APIname</APIName>
                  <MajorVersionNumeric ism:classification="U">1</MajorVersionNumeric>
                  <MinorVersionNumeric ism:classification="U">1</MinorVersionNumeric>
                  <PatchVersionText ism:classification="U">1</PatchVersionText>
                  <PreReleaseVersionText ism:classification="U">-alpha</PreReleaseVersionText>
                  <BuildMetaText ism:classification="U">+exp.sha.5114f85</BuildMetaText>
              </SemanticVersionInformation>
              <SemanticVersionDate ism:classification="U">2018-02-15T09:00:00</SemanticVersionDate>
              <PythonSemanticVersionIndicator ism:classification="U">true</PythonSemanticVersionIndicator>
              <PythonSemanticVersion ism:classification="U">
                  <PythonEpochSegmentText ism:classification="U">1</PythonEpochSegmentText>
                  <PythonReleaseSegmentText ism:classification="U">0</PythonReleaseSegmentText>
                  <PythonPreReleaseSegmentText ism:classification="U">3</PythonPreReleaseSegmentText>
                  <PythonPostReleaseSegmentText ism:classification="U">2</PythonPostReleaseSegmentText>
                  <PythonDevelopmentReleaseSegmentText ism:classification="U">3</PythonDevelopmentReleaseSegmentText>
              </PythonSemanticVersion>
              <PythonVersionText ism:classification="U">1.0.3.2.3</PythonVersionText>
          </VersionInformation>
          <GroupingText ism:classification="U">Line text max length 48 characters.</GroupingText>
          <ReleaseNotesText ism:classification="U">Paragraph text max length 512 characters.</ReleaseNotesText>
      </SoftwareInformation>
      <FileInformation ism:classification="U">
          <ComputerFileNameText ism:classification="U">filename</ComputerFileNameText>
          <FileExtensionText ism:classification="U">.xml</FileExtensionText>
      </FileInformation>
      <AuthoritativeSourceInformation ism:classification="U">
          <SourceHashText ism:classification="U">49FE985C79ACECDAC8AC147A88E872FF4E134650367A9D7FC1EFCBAD8C28B47C</SourceHashText>
          <SourceURIText ism:classification="U">good:URI</SourceURIText>
          <AuthoritativeDigitalSignatureIndicator ism:classification="U">true</AuthoritativeDigitalSignatureIndicator>
      </AuthoritativeSourceInformation>
      <EcosystemInformation ism:classification="U">
          <Ecosystem ism:classification="U">
              <CommitterQuantity ism:classification="U">100</CommitterQuantity>
              <Languages ism:classification="U">
                  <LanguageText ism:classification="U">Line text max length 48 characters.</LanguageText>
              </Languages>
              <CommitLogs ism:classification="U">
                  <CommitLogText ism:classification="U">Line text max length 48 characters.</CommitLogText>
              </CommitLogs>
          </Ecosystem>
          <CompanyInformation ism:classification="U">
              <NameText ism:classification="U">Line text max length 48 characters.</NameText>
          </CompanyInformation>
      </EcosystemInformation>
      <DependencyInformation ism:classification="U">
          <Dependencies ism:classification="U">
              <Dependency ism:classification="U">
                  <NameText ism:classification="U">Line text max length 48 characters.</NameText>
                  <DependencyVersionText ism:classification="U">Line text max length 48 characters.</DependencyVersionText>
              </Dependency>
          </Dependencies>
          <Compiler ism:classification="U">
              <NameText ism:classification="U">Line text max length 48 characters.</NameText>
              <CompilerVersionText ism:classification="U">Line text max length 48 characters.</CompilerVersionText>
          </Compiler>
      </DependencyInformation>
      <LicenseInformation ism:classification="U">
          <LicenseCategoryCode ism:classification="U">FOSS</LicenseCategoryCode>
          <LicenseCode ism:classification="U">LGPL</LicenseCode>
          <EndOfLifeIndicator ism:classification="U">true</EndOfLifeIndicator>
      </LicenseInformation>
      <VulnerabilityInformation ism:classification="U">
          <Vulnerabilities ism:classification="U">
              <Vulnerability ism:classification="U">
                  <VulnerabilityIdentifierText ism:classification="U">Line text max length 48 characters.</VulnerabilityIdentifierText>
                  <SourceText ism:classification="U">Line text max length 48 characters.</SourceText>
                  <VulnerabilityTitleText ism:classification="U">Paragraph text max length 512 characters.</VulnerabilityTitleText>
                  <VulnerabilitySummaryText ism:classification="U">Paragraph text max length 512 characters.</VulnerabilitySummaryText>
                  <VulnerabilityScoreValue ism:classification="U">123.456</VulnerabilityScoreValue>
                  <VulnerabilityScoreVersionValue ism:classification="U">123.456</VulnerabilityScoreVersionValue>
                  <VulnerabilityScoreSystemText ism:classification="U">Line text max length 48 characters.</VulnerabilityScoreSystemText>
                  <ScoreDetails ism:classification="U">
                      <CommonVulnerabilityScoringSystemV2 ism:classification="U">
                          <VectorStringText ism:classification="U">Line text max length 48 characters.</VectorStringText>
                          <AccessVectorText ism:classification="U">Line text max length 48 characters.</AccessVectorText>
                          <AccessComplexityText ism:classification="U">Line text max length 48 characters.</AccessComplexityText>
                          <VulnerabilityAuthenticationText ism:classification="U">Line text max length 48 characters.</VulnerabilityAuthenticationText>
                          <ConfidentialityImpactText ism:classification="U">Line text max length 48 characters.</ConfidentialityImpactText>
                          <IntegrityImpactText ism:classification="U">Line text max length 48 characters.</IntegrityImpactText>
                          <AvailabilityImpactText ism:classification="U">Line text max length 48 characters.</AvailabilityImpactText>
                          <VulnerabilityBaseScoreValue ism:classification="U">123.456</VulnerabilityBaseScoreValue>
                      </CommonVulnerabilityScoringSystemV2>
                      <CommonVulnerabilityScoringSystemV3 ism:classification="U">
                          <VectorStringText ism:classification="U">Line text max length 48 characters.</VectorStringText>
                          <AccessVectorText ism:classification="U">Line text max length 48 characters.</AccessVectorText>
                          <AccessComplexityText ism:classification="U">Line text max length 48 characters.</AccessComplexityText>
                          <PrivilegesRequiredText ism:classification="U">Line text max length 48 characters.</PrivilegesRequiredText>
                          <UserInteractionText ism:classification="U">Line text max length 48 characters.</UserInteractionText>
                          <VulnerabilityScopeText ism:classification="U">Line text max length 48 characters.</VulnerabilityScopeText>
                          <ConfidentialityImpactText ism:classification="U">Line text max length 48 characters.</ConfidentialityImpactText>
                          <IntegrityImpactText ism:classification="U">Line text max length 48 characters.</IntegrityImpactText>
                          <AvailabilityImpactText ism:classification="U">Line text max length 48 characters.</AvailabilityImpactText>
                          <VulnerabilityBaseScoreValue ism:classification="U">123.456</VulnerabilityBaseScoreValue>
                          <BaseSeverityText ism:classification="U">Line text max length 48 characters.</BaseSeverityText>
                      </CommonVulnerabilityScoringSystemV3>
                  </ScoreDetails>
                  <VulnerabilityVectorText ism:classification="U">Line text max length 48 characters.</VulnerabilityVectorText>
                  <AccessComplexityText ism:classification="U">Line text max length 48 characters.</AccessComplexityText>
                  <VulnerabilityAuthenticationText ism:classification="U">Line text max length 48 characters.</VulnerabilityAuthenticationText>
                  <ConfidentialityImpactText ism:classification="U">Line text max length 48 characters.</ConfidentialityImpactText>
                  <IntegrityImpactText ism:classification="U">Line text max length 48 characters.</IntegrityImpactText>
                  <AvailabilityImpactText ism:classification="U">Line text max length 48 characters.</AvailabilityImpactText>
                  <VulnerabilitySourceText ism:classification="U">Line text max length 48 characters.</VulnerabilitySourceText>
                  <AssessmentCheckText ism:classification="U">Line text max length 48 characters.</AssessmentCheckText>
                  <ScannerText ism:classification="U">Line text max length 48 characters.</ScannerText>
                  <RecommendationText ism:classification="U">Paragraph text max length 512 characters.</RecommendationText>
                  <VulnerabilityReference ism:classification="U">
                      <TypeOfReferenceText ism:classification="U">Line text max length 48 characters.</TypeOfReferenceText>
                      <ReferenceSourceText ism:classification="U">Line text max length 48 characters.</ReferenceSourceText>
                      <URIText ism:classification="U">good:URI</URIText>
                      <ReferenceText ism:classification="U">Paragraph text max length 512 characters.</ReferenceText>
                  </VulnerabilityReference>
                  <VulnerabilityModifiedDate ism:classification="U">2018-02-15T09:00:00</VulnerabilityModifiedDate>
                  <VulnerabilityPublishedDate ism:classification="U">2018-02-15T09:00:00</VulnerabilityPublishedDate>
              </Vulnerability>
          </Vulnerabilities>
          <VirusInformation ism:classification="U">
              <KnownVirusQuantity ism:classification="U">100</KnownVirusQuantity>
              <EngineVersionText ism:classification="U">Line text max length 48 characters.</EngineVersionText>
              <VirusEngineText ism:classification="U">Line text max length 48 characters.</VirusEngineText>
              <ScannedDirectoryQuantity ism:classification="U">100</ScannedDirectoryQuantity>
              <ScannedFileQuantity ism:classification="U">100</ScannedFileQuantity>
              <InfectedFileQuantity ism:classification="U">100</InfectedFileQuantity>
              <DataScannedText ism:classification="U">Line text max length 48 characters.</DataScannedText>
              <DataReadText ism:classification="U">Line text max length 48 characters.</DataReadText>
              <TimeText ism:classification="U">Line text max length 48 characters.</TimeText>
              <FileNotesText ism:classification="U">Paragraph text max length 512 characters.</FileNotesText>
              <EngineDetails ism:classification="U">
                  <EngineVersionText ism:classification="U">Line text max length 48 characters.</EngineVersionText>
                  <DatabaseVersionText ism:classification="U">Line text max length 48 characters.</DatabaseVersionText>
              </EngineDetails>
          </VirusInformation>
      </VulnerabilityInformation>
      <GovernanceRiskCompliance ism:classification="U">
          <RiskCode ism:classification="U">medium</RiskCode>
          <StatementOfAssuranceText ism:classification="U">Paragraph text max length 512 characters.</StatementOfAssuranceText>
      </GovernanceRiskCompliance>
      <DeliveryInformation ism:classification="U">
          <DeliveringOrganizationText ism:classification="U">Line text max length 48 characters.</DeliveringOrganizationText>
          <DestinationText ism:classification="U">Line text max length 48 characters.</DestinationText>
          <HashText ism:classification="U">49FE985C79ACECDAC8AC147A88E872FF4E134650367A9D7FC1EFCBAD8C28B47C</HashText>
          <LastRegistryUpdateDate ism:classification="U">2018-02-15T09:00:00</LastRegistryUpdateDate>
      </DeliveryInformation>
  </SoftwareEvidenceArchive>