{"1539742064856726614":{"entrytype":"Load Remote Match","status":"Pass","timestamp":1539742064501781412,"filepath":"tmp/spdx-doc-iepd/xml/xsd/spdx-xml-ref.xsd","digest":"026e646a857a1eb3b91291594d746cee5e17560bf46cd43f797c3788d7f36141","message":"Loaded Remote Resource"},"1539742064856733967":{"entrytype":"Authenticity Check","status":"Pass","timestamp":1539742064856731391,"filepath":"xml/xsd/spdx-xml-ref.xsd","digest":"026e646a857a1eb3b91291594d746cee5e17560bf46cd43f797c3788d7f36141","message":"spdx-xml-ref.xsd matches authoritative source"},"1539742065007689649":{"entrytype":"Load Remote Match","status":"Pass","timestamp":1539742064856736671,"filepath":"tmp/spdx-doc-iepd/xml/instance/spdx-doc-test-data.xml","digest":"a07f3c4e4cbff51467b486eb8dc2d2dddf75bf7098ad74ae166bff7fc67c7d83","message":"Loaded Remote Resource"},"1539742065007698242":{"entrytype":"Authenticity Check","status":"Pass","timestamp":1539742065007695820,"filepath":"xml/instance/spdx-doc-test-data.xml","digest":"a07f3c4e4cbff51467b486eb8dc2d2dddf75bf7098ad74ae166bff7fc67c7d83","message":"spdx-doc-test-data.xml matches authoritative source"},"1539742065007717046":{"entrytype":"GenerateResource","status":"Pass","timestamp":1539742065007730337,"filepath":"spdx-doc-iep.xsd","xslpath":"tmp/spdx-doc-iepd/xml/xsl/spdx-doc-iep.xsl","digest":"fa16f865aec2df5a606a35995af783650c1410e36ac0764e5f4e76c40511474c"},"1539742065158466541":{"entrytype":"GenerateResource","status":"Pass","timestamp":1539742065158478467,"filepath":"spdx-doc-instance.xml","xslpath":"tmp/spdx-doc-iepd/xml/xsl/spdx-doc-instance.xsl","digest":"a088961a997c1b012ab315f44c18e8be953756492017859f0ccc9abd07c92ea3"},"1539742065164925603":{"entrytype":"GenerateResource","status":"Pass","timestamp":1539742065164939876,"filepath":"spdx-xml-ref-xsd.json","xslpath":"tmp/spdx-doc-iepd/xml/xsl/common/xsd-json.xsl","digest":"8bc866bddd29e98ecc67f1c2b8f1d2a0b86b75a4c0a228343fd9e2baa4e0a7c3"},"1539742065322324979":{"entrytype":"GenerateResource","status":"Pass","timestamp":1539742065322337849,"filepath":"spdx-doc-iep-xsd.json","xslpath":"tmp/spdx-doc-iepd/xml/xsl/common/xsd-json.xsl","digest":"356c61e92a833fdc9086615835e339fbef4c3fd0bdddbe574dec83ea8845e39e"},"1539742065328519453":{"entrytype":"GenerateResource","status":"Pass","timestamp":1539742065328530147,"filepath":"spdx-doc-instance.json","xslpath":"tmp/spdx-doc-iepd/xml/xsl/common/xml-json.xsl","digest":"be9b857a10514b1df8ddc5405c1f32316a1d68f310831039adf4e669198dbebe"},"1539742065331212273":{"entrytype":"GenerateResource","status":"Pass","timestamp":1539742065331225584,"filepath":"spdx-doc-struct.go","xslpath":"tmp/spdx-doc-iepd/xml/xsl/spdx-doc-go-gen.xsl","digest":"c79513ed49796819dc0fcb34ceea3d9af9bdb2c828c9b83c8ce2ea513660e1ff"},"1539742065336948610":{"entrytype":"GenerateResource","status":"Pass","timestamp":1539742065336959063,"filepath":"spdx-doc-struct_test.go","xslpath":"tmp/spdx-doc-iepd/xml/xsl/spdx-doc-go-test-gen.xsl","digest":"8c5172d50bc9da5ef83aae08ec40d14a5ab0345cecee85573d9d7ecf86239532"},"1539742065342373960":{"entrytype":"Marshal Data","status":"Pass","timestamp":1539742065342570879,"filepath":"spdx-doc-instance-golang.xml","digest":"9bb5d9df173ff9f2a24c7bdf282ecd4fa6308989a4784258a04b3ded11f6e34e"},"1539742065342599782":{"entrytype":"Validate","status":"Pass","timestamp":1539742065342600835,"filepath":"tmp/spdx-doc-iepd/xml/xsd/spdx-xml-ref.xsd","xsdpath":"tmp/spdx-doc-iepd/xml/xsd/ext/w3c/XMLSchema.xsd","valid":true},"1539742080658443351":{"entrytype":"Validate","status":"Pass","timestamp":1539742080658445918,"filepath":"tmp/spdx-doc-iepd/xml/xsd/spdx-doc-iep.xsd","xsdpath":"tmp/spdx-doc-iepd/xml/xsd/ext/w3c/XMLSchema.xsd","valid":true},"1539742095872160074":{"entrytype":"Validate","status":"Pass","timestamp":1539742095872168267,"filepath":"tmp/spdx-doc-iepd/xml/instance/spdx-doc-instance.xml","xsdpath":"tmp/spdx-doc-iepd/xml/xsd/spdx-doc-iep.xsd","valid":true},"1539742095876086283":{"entrytype":"Validate","status":"Pass","timestamp":1539742095876091417,"filepath":"tmp/spdx-doc-iepd/xml/instance/spdx-doc-instance.xml","xsdpath":"tmp/spdx-doc-iepd/xml/xsd/spdx-xml-ref.xsd","valid":true},"1539742095886541693":{"entrytype":"Validate","status":"Pass","timestamp":1539742095886543738,"filepath":"tmp/spdx-doc-iepd/xml/instance/spdx-doc-instance-golang.xml","xsdpath":"tmp/spdx-doc-iepd/xml/xsd/spdx-doc-iep.xsd","valid":true},"1539742095887170265":{"entrytype":"Validate","status":"Pass","timestamp":1539742095887171183,"filepath":"tmp/spdx-doc-iepd/xml/instance/spdx-doc-instance-golang.xml","xsdpath":"tmp/spdx-doc-iepd/xml/xsd/spdx-xml-ref.xsd","valid":true}}