{"1539145019780414918":{"entrytype":"Load Remote Match","status":"Pass","timestamp":1539145019392119220,"filepath":"tmp/spdx-doc-iepd/xml/xsd/spdx-seva-ref.xsd","digest":"8bc00be06da1e07a6478cedeaee3f134ee341e9c0742b775273ea346f6d21324","message":"Loaded Remote Resource"},"1539145019780424344":{"entrytype":"Authenticity Check","status":"Pass","timestamp":1539145019780421773,"filepath":"xml/xsd/spdx-seva-ref.xsd","digest":"8bc00be06da1e07a6478cedeaee3f134ee341e9c0742b775273ea346f6d21324","message":"spdx-seva-ref.xsd matches authoritative source"},"1539145019967404617":{"entrytype":"Load Remote Match","status":"Pass","timestamp":1539145019780427107,"filepath":"tmp/spdx-doc-iepd/xml/instance/spdx-doc-test-data.xml","digest":"202666209327c8ed9c7b90fd7c657f6f5c4dd20241d6c5a9b69aa844a545572c","message":"Loaded Remote Resource"},"1539145019967412106":{"entrytype":"Authenticity Check","status":"Pass","timestamp":1539145019967409308,"filepath":"xml/instance/spdx-doc-test-data.xml","digest":"202666209327c8ed9c7b90fd7c657f6f5c4dd20241d6c5a9b69aa844a545572c","message":"spdx-doc-test-data.xml matches authoritative source"},"1539145019967439303":{"entrytype":"GenerateResource","status":"Pass","timestamp":1539145019967462445,"filepath":"spdx-doc-iep.xsd","xslpath":"tmp/spdx-doc-iepd/xml/xsl/spdx-doc-iep.xsl","digest":"6274f01f04b4bb4e92e9c43cf288c87b9cd2ea7ff9185429c2534b7079be1d1e"},"1539145020121648582":{"entrytype":"GenerateResource","status":"Pass","timestamp":1539145020121662207,"filepath":"spdx-doc-instance.xml","xslpath":"tmp/spdx-doc-iepd/xml/xsl/spdx-doc-instance.xsl","digest":"22397104d5d701370f21347ff40c38c08d3007a5570704dfbd4aad838a254445"},"1539145020126904044":{"entrytype":"GenerateResource","status":"Pass","timestamp":1539145020126916154,"filepath":"spdx-doc-ref-xsd.json","xslpath":"tmp/spdx-doc-iepd/xml/xsl/common/xsd-json.xsl","digest":"0e6d3fc93136edfc4fa16fbdc732a977f017d1511241ec23d93ff6f918eb3dca"},"1539145020284781873":{"entrytype":"GenerateResource","status":"Pass","timestamp":1539145020284795606,"filepath":"spdx-doc-iep-xsd.json","xslpath":"tmp/spdx-doc-iepd/xml/xsl/common/xsd-json.xsl","digest":"324968616e286daa2174ca09b0fcc8e5b21f0b7c88ae39b327bd116e299761ae"},"1539145020290803521":{"entrytype":"GenerateResource","status":"Pass","timestamp":1539145020290817041,"filepath":"spdx-doc-instance.json","xslpath":"tmp/spdx-doc-iepd/xml/xsl/common/xml-json.xsl","digest":"31b293590bfbce0bec2611188c1952cff599c65a842bffa29407495eb01c2fc8"},"1539145020293248163":{"entrytype":"GenerateResource","status":"Pass","timestamp":1539145020293254788,"filepath":"spdx-doc-struct.go","xslpath":"tmp/spdx-doc-iepd/xml/xsl/spdx-doc-go-gen.xsl","digest":"66846eeb1233522cbb2973378754b584a17de380629243ee2a5c94a9cf9ce4d3"},"1539145020299331788":{"entrytype":"GenerateResource","status":"Pass","timestamp":1539145020299344064,"filepath":"spdx-doc-struct_test.go","xslpath":"tmp/spdx-doc-iepd/xml/xsl/spdx-doc-go-test-gen.xsl","digest":"975806ae5e97846b3410230504320dd7daf8e72a357e003b06fbfafc5186987c"},"1539145020304985275":{"entrytype":"Marshal Data","status":"Pass","timestamp":1539145020305181507,"filepath":"spdx-doc-instance-golang.xml","digest":"f4b20a5c469cfe564bac0dd56a637a03ecef2eec26deace8dadfecce09afd8e6"},"1539145020305199923":{"entrytype":"Validate","status":"Pass","timestamp":1539145020305201032,"filepath":"tmp/spdx-doc-iepd/xml/xsd/spdx-seva-ref.xsd","xsdpath":"tmp/spdx-doc-iepd/xml/xsd/ext/w3c/XMLSchema.xsd","valid":true},"1539145035538712346":{"entrytype":"Validate","status":"Pass","timestamp":1539145035538714344,"filepath":"tmp/spdx-doc-iepd/xml/xsd/spdx-doc-iep.xsd","xsdpath":"tmp/spdx-doc-iepd/xml/xsd/ext/w3c/XMLSchema.xsd","valid":true},"1539145050735674664":{"entrytype":"Validate","status":"Pass","timestamp":1539145050735677056,"filepath":"tmp/spdx-doc-iepd/xml/instance/spdx-doc-instance.xml","xsdpath":"tmp/spdx-doc-iepd/xml/xsd/spdx-doc-iep.xsd","valid":true},"1539145050736313767":{"entrytype":"Validate","status":"Fail","timestamp":1539145050736314689,"filepath":"tmp/spdx-doc-iepd/xml/instance/spdx-doc-instance.xml","xsdpath":"tmp/spdx-doc-iepd/xml/xsd/spdx-seva-ref.xsd","errors[]":["Element '{urn:spdx-seva::1.0}Relationship': Missing child element(s). Expected is ( {urn:spdx-seva::1.0}RelatedSpdxElement )."]},"1539145050743315300":{"entrytype":"Validate","status":"Pass","timestamp":1539145050743317110,"filepath":"tmp/spdx-doc-iepd/xml/instance/spdx-doc-instance-golang.xml","xsdpath":"tmp/spdx-doc-iepd/xml/xsd/spdx-doc-iep.xsd","valid":true},"1539145050743938790":{"entrytype":"Validate","status":"Fail","timestamp":1539145050743939647,"filepath":"tmp/spdx-doc-iepd/xml/instance/spdx-doc-instance-golang.xml","xsdpath":"tmp/spdx-doc-iepd/xml/xsd/spdx-seva-ref.xsd","errors[]":["Element '{urn:spdx-seva::1.0}Relationship': Missing child element(s). Expected is ( {urn:spdx-seva::1.0}RelatedSpdxElement )."]}}