{"1539322038666803818":{"entrytype":"Load Remote Match","status":"Pass","timestamp":1539322038196736619,"filepath":"tmp/spdx-doc-iepd/xml/xsd/spdx-seva-ref.xsd","digest":"020c0f6f62af0802f8d5f9d2b43ec0737a456d69229a4672b265fdee4aed3086","message":"Loaded Remote Resource"},"1539322038666806943":{"entrytype":"Authenticity Check","status":"Pass","timestamp":1539322038666806075,"filepath":"xml/xsd/spdx-seva-ref.xsd","digest":"020c0f6f62af0802f8d5f9d2b43ec0737a456d69229a4672b265fdee4aed3086","message":"spdx-seva-ref.xsd matches authoritative source"},"1539322038805661403":{"entrytype":"Load Remote Match","status":"Pass","timestamp":1539322038666807862,"filepath":"tmp/spdx-doc-iepd/xml/instance/spdx-doc-test-data.xml","digest":"18b4d7085224567844d6095380834233318063b72eee7b7af7f53ed00ee7349c","message":"Loaded Remote Resource"},"1539322038805668585":{"entrytype":"Authenticity Check","status":"Pass","timestamp":1539322038805665741,"filepath":"xml/instance/spdx-doc-test-data.xml","digest":"18b4d7085224567844d6095380834233318063b72eee7b7af7f53ed00ee7349c","message":"spdx-doc-test-data.xml matches authoritative source"},"1539322038805687723":{"entrytype":"GenerateResource","status":"Pass","timestamp":1539322038805716474,"filepath":"spdx-doc-iep.xsd","xslpath":"tmp/spdx-doc-iepd/xml/xsl/spdx-doc-iep.xsl","digest":"6274f01f04b4bb4e92e9c43cf288c87b9cd2ea7ff9185429c2534b7079be1d1e"},"1539322038994868715":{"entrytype":"GenerateResource","status":"Pass","timestamp":1539322038994881351,"filepath":"spdx-doc-instance.xml","xslpath":"tmp/spdx-doc-iepd/xml/xsl/spdx-doc-instance.xsl","digest":"47d76469154c21ee2f05d79d76e7318d18b9c02410987242c4bfff8a4fd31f03"},"1539322039011886270":{"entrytype":"GenerateResource","status":"Pass","timestamp":1539322039011901377,"filepath":"spdx-doc-ref-xsd.json","xslpath":"tmp/spdx-doc-iepd/xml/xsl/common/xsd-json.xsl","digest":"d0cb12250e13dc19d57b8bc7ce5f2bce14ba886e3e0436997a74ffa08de53142"},"1539322039166628385":{"entrytype":"GenerateResource","status":"Pass","timestamp":1539322039166640997,"filepath":"spdx-doc-iep-xsd.json","xslpath":"tmp/spdx-doc-iepd/xml/xsl/common/xsd-json.xsl","digest":"324968616e286daa2174ca09b0fcc8e5b21f0b7c88ae39b327bd116e299761ae"},"1539322039172591687":{"entrytype":"GenerateResource","status":"Pass","timestamp":1539322039172601981,"filepath":"spdx-doc-instance.json","xslpath":"tmp/spdx-doc-iepd/xml/xsl/common/xml-json.xsl","digest":"e3297fbb7bbfe5d8d10b47d8c642cb6c8dc45ec49e5d3a1781f48540f6f8ad7c"},"1539322039177872990":{"entrytype":"GenerateResource","status":"Pass","timestamp":1539322039177883618,"filepath":"spdx-doc-struct.go","xslpath":"tmp/spdx-doc-iepd/xml/xsl/spdx-doc-go-gen.xsl","digest":"38d30c8b83abf30e4009062c58368286e7a82b358456a4775b8822028d5cbeaa"},"1539322039183482654":{"entrytype":"GenerateResource","status":"Pass","timestamp":1539322039183491985,"filepath":"spdx-doc-struct_test.go","xslpath":"tmp/spdx-doc-iepd/xml/xsl/spdx-doc-go-test-gen.xsl","digest":"9b35ce7567f7201fe242f3e03cdc725ad69588dfda2cf3bd64747abd8002ebc7"},"1539322039206594349":{"entrytype":"Marshal Data","status":"Pass","timestamp":1539322039206715146,"filepath":"spdx-doc-instance-golang.xml","digest":"e3b0c44298fc1c149afbf4c8996fb92427ae41e4649b934ca495991b7852b855"},"1539322039206729038":{"entrytype":"Validate","status":"Pass","timestamp":1539322039206729965,"filepath":"tmp/spdx-doc-iepd/xml/xsd/spdx-seva-ref.xsd","xsdpath":"tmp/spdx-doc-iepd/xml/xsd/ext/w3c/XMLSchema.xsd","valid":true},"1539322054450023488":{"entrytype":"Validate","status":"Pass","timestamp":1539322054450025398,"filepath":"tmp/spdx-doc-iepd/xml/xsd/spdx-doc-iep.xsd","xsdpath":"tmp/spdx-doc-iepd/xml/xsd/ext/w3c/XMLSchema.xsd","valid":true},"1539322069650019396":{"entrytype":"Validate","status":"Pass","timestamp":1539322069650022028,"filepath":"tmp/spdx-doc-iepd/xml/instance/spdx-doc-instance.xml","xsdpath":"tmp/spdx-doc-iepd/xml/xsd/spdx-doc-iep.xsd","valid":true},"1539322069650801628":{"entrytype":"Validate","status":"Pass","timestamp":1539322069650802531,"filepath":"tmp/spdx-doc-iepd/xml/instance/spdx-doc-instance.xml","xsdpath":"tmp/spdx-doc-iepd/xml/xsd/spdx-seva-ref.xsd","valid":true},"1539322069660861129":{"entrytype":"Validate","status":"Fail","timestamp":1539322069660863640,"filepath":"tmp/spdx-doc-iepd/xml/instance/spdx-doc-instance-golang.xml","xsdpath":"tmp/spdx-doc-iepd/xml/xsd/spdx-doc-iep.xsd","errors[]":["invalid document"]},"1539322069661575788":{"entrytype":"Validate","status":"Fail","timestamp":1539322069661576534,"filepath":"tmp/spdx-doc-iepd/xml/instance/spdx-doc-instance-golang.xml","xsdpath":"tmp/spdx-doc-iepd/xml/xsd/spdx-seva-ref.xsd","errors[]":["invalid document"]}}