{"SpdxDocument":{"name":"SpdxDocument","attributes":{"xsi:schemaLocation":"urn:spdx-xml:1.0 ../xsd/spdx-doc-iep.xsd"},"SpdxID":{"name":"SpdxID","value":""},"Annotation":{"name":"Annotation","Date":{"name":"Date","value":""},"AnnotationTypeCode":{"name":"AnnotationTypeCode","value":""},"CommentText":{"name":"CommentText","value":""},"AnnotatorText":{"name":"AnnotatorText","value":""}},"Name":{"name":"Name","value":""},"CommentText":{"name":"CommentText","value":""},"Relationship":{"name":"Relationship","RelationshipTypeCode":{"name":"RelationshipTypeCode","value":""},"CommentText":{"name":"CommentText","value":""},"RelatedSpdxElementID":{"name":"RelatedSpdxElementID","value":""}},"DescribesPackageID":{"name":"DescribesPackageID","value":""},"DescribesFileID":{"name":"DescribesFileID","value":""},"HasExtractedLicensingInfoID":{"name":"HasExtractedLicensingInfoID","value":""},"CreationInfo":{"name":"CreationInfo","LicenseListVersionText":{"name":"LicenseListVersionText","value":""},"CreatedDateTime":{"name":"CreatedDateTime","value":""},"CommentText":{"name":"CommentText","value":""},"CreatorText":{"name":"CreatorText","value":""}},"SpecVersionText":{"name":"SpecVersionText","value":""},"ExternalDocumentRef":{"name":"ExternalDocumentRef","Checksum":{"name":"Checksum","ChecksumValue":{"name":"ChecksumValue","value":""},"AlgorithmCode":{"name":"AlgorithmCode","value":""}},"ExternalDocumentID":{"name":"ExternalDocumentID","value":""},"SpdxDocumentID":{"name":"SpdxDocumentID","value":""}},"DataLicenseID":{"name":"DataLicenseID","value":""}}}