{"1539683312648417928":{"entrytype":"Load Remote Match","status":"Pass","timestamp":1539683312278367106,"filepath":"tmp/spdx-doc-iepd/xml/xsd/spdx-xml-ref.xsd","digest":"026e646a857a1eb3b91291594d746cee5e17560bf46cd43f797c3788d7f36141","message":"Loaded Remote Resource"},"1539683312648428242":{"entrytype":"Authenticity Check","status":"Pass","timestamp":1539683312648425715,"filepath":"xml/xsd/spdx-xml-ref.xsd","digest":"026e646a857a1eb3b91291594d746cee5e17560bf46cd43f797c3788d7f36141","message":"spdx-xml-ref.xsd matches authoritative source"},"1539683312784780563":{"entrytype":"Load Remote Match","status":"Pass","timestamp":1539683312648431257,"filepath":"tmp/spdx-doc-iepd/xml/instance/spdx-doc-test-data.xml","digest":"a07f3c4e4cbff51467b486eb8dc2d2dddf75bf7098ad74ae166bff7fc67c7d83","message":"Loaded Remote Resource"},"1539683312784788156":{"entrytype":"Authenticity Check","status":"Pass","timestamp":1539683312784785088,"filepath":"xml/instance/spdx-doc-test-data.xml","digest":"a07f3c4e4cbff51467b486eb8dc2d2dddf75bf7098ad74ae166bff7fc67c7d83","message":"spdx-doc-test-data.xml matches authoritative source"},"1539683312784814121":{"entrytype":"GenerateResource","status":"Pass","timestamp":1539683312784834019,"filepath":"spdx-doc-iep.xsd","xslpath":"tmp/spdx-doc-iepd/xml/xsl/spdx-doc-iep.xsl","digest":"fa16f865aec2df5a606a35995af783650c1410e36ac0764e5f4e76c40511474c"},"1539683312940128496":{"entrytype":"GenerateResource","status":"Pass","timestamp":1539683312940142828,"filepath":"spdx-doc-instance.xml","xslpath":"tmp/spdx-doc-iepd/xml/xsl/spdx-doc-instance.xsl","digest":"a088961a997c1b012ab315f44c18e8be953756492017859f0ccc9abd07c92ea3"},"1539683312946915868":{"entrytype":"GenerateResource","status":"Pass","timestamp":1539683312946927646,"filepath":"spdx-xml-ref-xsd.json","xslpath":"tmp/spdx-doc-iepd/xml/xsl/common/xsd-json.xsl","digest":"8bc866bddd29e98ecc67f1c2b8f1d2a0b86b75a4c0a228343fd9e2baa4e0a7c3"},"1539683313105232958":{"entrytype":"GenerateResource","status":"Pass","timestamp":1539683313105246623,"filepath":"spdx-doc-iep-xsd.json","xslpath":"tmp/spdx-doc-iepd/xml/xsl/common/xsd-json.xsl","digest":"356c61e92a833fdc9086615835e339fbef4c3fd0bdddbe574dec83ea8845e39e"},"1539683313111477710":{"entrytype":"GenerateResource","status":"Pass","timestamp":1539683313111488798,"filepath":"spdx-doc-instance.json","xslpath":"tmp/spdx-doc-iepd/xml/xsl/common/xml-json.xsl","digest":"be9b857a10514b1df8ddc5405c1f32316a1d68f310831039adf4e669198dbebe"},"1539683313114077780":{"entrytype":"GenerateResource","status":"Pass","timestamp":1539683313114088496,"filepath":"spdx-doc-struct.go","xslpath":"tmp/spdx-doc-iepd/xml/xsl/spdx-doc-go-gen.xsl","digest":"c79513ed49796819dc0fcb34ceea3d9af9bdb2c828c9b83c8ce2ea513660e1ff"},"1539683313119914644":{"entrytype":"GenerateResource","status":"Pass","timestamp":1539683313119929071,"filepath":"spdx-doc-struct_test.go","xslpath":"tmp/spdx-doc-iepd/xml/xsl/spdx-doc-go-test-gen.xsl","digest":"8c5172d50bc9da5ef83aae08ec40d14a5ab0345cecee85573d9d7ecf86239532"},"1539683313125432213":{"entrytype":"Marshal Data","status":"Pass","timestamp":1539683313125638976,"filepath":"spdx-doc-instance-golang.xml","digest":"9bb5d9df173ff9f2a24c7bdf282ecd4fa6308989a4784258a04b3ded11f6e34e"},"1539683313125660031":{"entrytype":"Validate","status":"Pass","timestamp":1539683313125661535,"filepath":"tmp/spdx-doc-iepd/xml/xsd/spdx-xml-ref.xsd","xsdpath":"tmp/spdx-doc-iepd/xml/xsd/ext/w3c/XMLSchema.xsd","valid":true},"1539683328379727300":{"entrytype":"Validate","status":"Pass","timestamp":1539683328379731282,"filepath":"tmp/spdx-doc-iepd/xml/xsd/spdx-doc-iep.xsd","xsdpath":"tmp/spdx-doc-iepd/xml/xsd/ext/w3c/XMLSchema.xsd","valid":true},"1539683343580126094":{"entrytype":"Validate","status":"Pass","timestamp":1539683343580133083,"filepath":"tmp/spdx-doc-iepd/xml/instance/spdx-doc-instance.xml","xsdpath":"tmp/spdx-doc-iepd/xml/xsd/spdx-doc-iep.xsd","valid":true},"1539683343583443498":{"entrytype":"Validate","status":"Pass","timestamp":1539683343583448279,"filepath":"tmp/spdx-doc-iepd/xml/instance/spdx-doc-instance.xml","xsdpath":"tmp/spdx-doc-iepd/xml/xsd/spdx-xml-ref.xsd","valid":true},"1539683343612117801":{"entrytype":"Validate","status":"Pass","timestamp":1539683343612121427,"filepath":"tmp/spdx-doc-iepd/xml/instance/spdx-doc-instance-golang.xml","xsdpath":"tmp/spdx-doc-iepd/xml/xsd/spdx-doc-iep.xsd","valid":true},"1539683343613962910":{"entrytype":"Validate","status":"Pass","timestamp":1539683343613968389,"filepath":"tmp/spdx-doc-iepd/xml/instance/spdx-doc-instance-golang.xml","xsdpath":"tmp/spdx-doc-iepd/xml/xsd/spdx-xml-ref.xsd","valid":true}}