{"1539139043616257378":{"entrytype":"Load Remote Match","status":"Pass","timestamp":1539139043297185210,"filepath":"tmp/spdx-doc-iepd/xml/xsd/spdx-seva-ref.xsd","digest":"c91a2e2823bd7bdcc80c9d0ed2aa63e076067e1346ca60e0f61bc28f662c7c04","message":"Loaded Remote Resource"},"1539139043616265346":{"entrytype":"Authenticity Check","status":"Pass","timestamp":1539139043616262432,"filepath":"xml/xsd/spdx-seva-ref.xsd","digest":"c91a2e2823bd7bdcc80c9d0ed2aa63e076067e1346ca60e0f61bc28f662c7c04","message":"spdx-seva-ref.xsd matches authoritative source"},"1539139043752948406":{"entrytype":"Load Remote Match","status":"Pass","timestamp":1539139043616268011,"filepath":"tmp/spdx-doc-iepd/xml/instance/spdx-doc-test-data.xml","digest":"395408a3dc9c3db2b5c200b8722a13a60898c861633b99e6e250186adffd1370","message":"Loaded Remote Resource"},"1539139043752950374":{"entrytype":"Authenticity Check","status":"Pass","timestamp":1539139043752949601,"filepath":"xml/instance/spdx-doc-test-data.xml","digest":"395408a3dc9c3db2b5c200b8722a13a60898c861633b99e6e250186adffd1370","message":"spdx-doc-test-data.xml matches authoritative source"},"1539139043752957008":{"entrytype":"GenerateResource","status":"Pass","timestamp":1539139043752961885,"filepath":"spdx-doc-iep.xsd","xslpath":"tmp/spdx-doc-iepd/xml/xsl/spdx-doc-iep.xsl","digest":"49de10d9eee1d917eeb8034420529c19731c9b545f4ac69ef878c68b971ff4c0"},"1539139043845290242":{"entrytype":"GenerateResource","status":"Fail","timestamp":1539139043845304279,"filepath":"spdx-doc-instance.xml","xslpath":"tmp/spdx-doc-iepd/xml/xsl/spdx-doc-instance.xsl","digest":"c581b438c5dd9ef0c723b6b28139da9ad737f1114cfbac6d98a2773d44946bf8"},"1539139044948973551":{"entrytype":"GenerateResource","status":"Pass","timestamp":1539139044948980256,"filepath":"spdx-doc-ref-xsd.json","xslpath":"tmp/spdx-doc-iepd/xml/xsl/common/xsd-json.xsl","digest":"6c880b7b4265b56fb4e04f37743054ea56bea9bc14a5258bec5625f76335b8c8"},"1539139044980742157":{"entrytype":"GenerateResource","status":"Pass","timestamp":1539139044980757766,"filepath":"spdx-doc-iep-xsd.json","xslpath":"tmp/spdx-doc-iepd/xml/xsl/common/xsd-json.xsl","digest":"77a096d1b1cd4475de31820a59e0c5a8edc0e6840880d84e425b757cf9bec011"},"1539139044986589891":{"entrytype":"GenerateResource","status":"Fail","timestamp":1539139044986600250,"filepath":"spdx-doc-instance.json","xslpath":"tmp/spdx-doc-iepd/xml/xsl/common/xml-json.xsl","digest":"e3b0c44298fc1c149afbf4c8996fb92427ae41e4649b934ca495991b7852b855"},"1539139044988857379":{"entrytype":"GenerateResource","status":"Pass","timestamp":1539139044988861823,"filepath":"spdx-doc-struct.go","xslpath":"tmp/spdx-doc-iepd/xml/xsl/spdx-doc-go-gen.xsl","digest":"504a9c9d793989cf3ddf018b20c9d9bda9cc88ab9504b8116296321ac31e45fb"},"1539139044994697485":{"entrytype":"GenerateResource","status":"Pass","timestamp":1539139044994713913,"filepath":"spdx-doc-struct_test.go","xslpath":"tmp/spdx-doc-iepd/xml/xsl/spdx-doc-go-test-gen.xsl","digest":"fc50cfdb3556523ce4b67c96d3490fd1d6d63afb2383ae00fc7b758d31b0d5d0"},"1539139044998104423":{"entrytype":"Marshal Data","status":"Pass","timestamp":1539139044998492929,"filepath":"spdx-doc-instance-golang.xml","digest":"ad1b960cf683459c217ec6567ec1d5875c2383e2fe571f8eb6901a25799eaa75"},"1539139044998507980":{"entrytype":"Validate","status":"Pass","timestamp":1539139044998508929,"filepath":"tmp/spdx-doc-iepd/xml/xsd/spdx-seva-ref.xsd","xsdpath":"tmp/spdx-doc-iepd/xml/xsd/ext/w3c/XMLSchema.xsd","valid":true},"1539139060241955551":{"entrytype":"Validate","status":"Pass","timestamp":1539139060241962061,"filepath":"tmp/spdx-doc-iepd/xml/xsd/spdx-doc-iep.xsd","xsdpath":"tmp/spdx-doc-iepd/xml/xsd/ext/w3c/XMLSchema.xsd","valid":true},"1539139075439233347":{"entrytype":"Validate","status":"Fail","timestamp":1539139075439235470,"filepath":"tmp/spdx-doc-iepd/xml/instance/spdx-doc-instance.xml","xsdpath":"tmp/spdx-doc-iepd/xml/xsd/spdx-doc-iep.xsd","errors[]":["invalid document"]},"1539139075439883822":{"entrytype":"Validate","status":"Fail","timestamp":1539139075439884571,"filepath":"tmp/spdx-doc-iepd/xml/instance/spdx-doc-instance.xml","xsdpath":"tmp/spdx-doc-iepd/xml/xsd/spdx-seva-ref.xsd","errors[]":["invalid document"]},"1539139075442304504":{"entrytype":"Validate","status":"Fail","timestamp":1539139075442305437,"filepath":"tmp/spdx-doc-iepd/xml/instance/spdx-doc-instance-golang.xml","xsdpath":"tmp/spdx-doc-iepd/xml/xsd/spdx-doc-iep.xsd","errors[]":["Element '{spdx:xsd::1.0}SpdxDocument': No matching global declaration available for the validation root."]},"1539139075442860164":{"entrytype":"Validate","status":"Fail","timestamp":1539139075442861140,"filepath":"tmp/spdx-doc-iepd/xml/instance/spdx-doc-instance-golang.xml","xsdpath":"tmp/spdx-doc-iepd/xml/xsd/spdx-seva-ref.xsd","errors[]":["Element '{spdx:xsd::1.0}SpdxDocument': Missing child element(s). Expected is one of ( {spdx:xsd::1.0}Annotation, {spdx:xsd::1.0}Name )."]}}