{"1539311940777009260":{"entrytype":"Load Remote Match","status":"Pass","timestamp":1539311940364417725,"filepath":"tmp/spdx-doc-iepd/xml/xsd/spdx-seva-ref.xsd","digest":"8bc00be06da1e07a6478cedeaee3f134ee341e9c0742b775273ea346f6d21324","message":"Loaded Remote Resource"},"1539311940777020370":{"entrytype":"Authenticity Check","status":"Pass","timestamp":1539311940777017926,"filepath":"xml/xsd/spdx-seva-ref.xsd","digest":"8bc00be06da1e07a6478cedeaee3f134ee341e9c0742b775273ea346f6d21324","message":"spdx-seva-ref.xsd matches authoritative source"},"1539311940942980836":{"entrytype":"Load Remote Match","status":"Pass","timestamp":1539311940777023154,"filepath":"tmp/spdx-doc-iepd/xml/instance/spdx-doc-test-data.xml","digest":"202666209327c8ed9c7b90fd7c657f6f5c4dd20241d6c5a9b69aa844a545572c","message":"Loaded Remote Resource"},"1539311940942989951":{"entrytype":"Authenticity Check","status":"Pass","timestamp":1539311940942987008,"filepath":"xml/instance/spdx-doc-test-data.xml","digest":"202666209327c8ed9c7b90fd7c657f6f5c4dd20241d6c5a9b69aa844a545572c","message":"spdx-doc-test-data.xml matches authoritative source"},"1539311940943015814":{"entrytype":"GenerateResource","status":"Pass","timestamp":1539311940943037965,"filepath":"spdx-doc-iep.xsd","xslpath":"tmp/spdx-doc-iepd/xml/xsl/spdx-doc-iep.xsl","digest":"6274f01f04b4bb4e92e9c43cf288c87b9cd2ea7ff9185429c2534b7079be1d1e"},"1539311941121869016":{"entrytype":"GenerateResource","status":"Pass","timestamp":1539311941121881797,"filepath":"spdx-doc-instance.xml","xslpath":"tmp/spdx-doc-iepd/xml/xsl/spdx-doc-instance.xsl","digest":"eb6ed010c6c1ae9c258ede7e53c726055ebcada064c1bd9c0d91f5b404ca5da1"},"1539311941124803917":{"entrytype":"GenerateResource","status":"Pass","timestamp":1539311941124812950,"filepath":"spdx-doc-ref-xsd.json","xslpath":"tmp/spdx-doc-iepd/xml/xsl/common/xsd-json.xsl","digest":"0e6d3fc93136edfc4fa16fbdc732a977f017d1511241ec23d93ff6f918eb3dca"},"1539311941281344584":{"entrytype":"GenerateResource","status":"Pass","timestamp":1539311941281359788,"filepath":"spdx-doc-iep-xsd.json","xslpath":"tmp/spdx-doc-iepd/xml/xsl/common/xsd-json.xsl","digest":"324968616e286daa2174ca09b0fcc8e5b21f0b7c88ae39b327bd116e299761ae"},"1539311941287323583":{"entrytype":"GenerateResource","status":"Pass","timestamp":1539311941287338549,"filepath":"spdx-doc-instance.json","xslpath":"tmp/spdx-doc-iepd/xml/xsl/common/xml-json.xsl","digest":"68501c46276fa70055be8e3f7da0c159e865c7d35816e686565ef5278799362d"},"1539311941289730932":{"entrytype":"GenerateResource","status":"Pass","timestamp":1539311941289747458,"filepath":"spdx-doc-struct.go","xslpath":"tmp/spdx-doc-iepd/xml/xsl/spdx-doc-go-gen.xsl","digest":"66846eeb1233522cbb2973378754b584a17de380629243ee2a5c94a9cf9ce4d3"},"1539311941296357687":{"entrytype":"GenerateResource","status":"Pass","timestamp":1539311941296379085,"filepath":"spdx-doc-struct_test.go","xslpath":"tmp/spdx-doc-iepd/xml/xsl/spdx-doc-go-test-gen.xsl","digest":"fc50cfdb3556523ce4b67c96d3490fd1d6d63afb2383ae00fc7b758d31b0d5d0"},"1539311941300096415":{"entrytype":"Marshal Data","status":"Pass","timestamp":1539311941300263616,"filepath":"spdx-doc-instance-golang.xml","digest":"9b8dacecc517792cca0fcc299bc6115ea865cc399f4b57f7b16a52bb524cf4b4"},"1539311941300282121":{"entrytype":"Validate","status":"Pass","timestamp":1539311941300283337,"filepath":"tmp/spdx-doc-iepd/xml/xsd/spdx-seva-ref.xsd","xsdpath":"tmp/spdx-doc-iepd/xml/xsd/ext/w3c/XMLSchema.xsd","valid":true},"1539311956578066891":{"entrytype":"Validate","status":"Pass","timestamp":1539311956578070547,"filepath":"tmp/spdx-doc-iepd/xml/xsd/spdx-doc-iep.xsd","xsdpath":"tmp/spdx-doc-iepd/xml/xsd/ext/w3c/XMLSchema.xsd","valid":true},"1539311971792987807":{"entrytype":"Validate","status":"Fail","timestamp":1539311971792990092,"filepath":"tmp/spdx-doc-iepd/xml/instance/spdx-doc-instance.xml","xsdpath":"tmp/spdx-doc-iepd/xml/xsd/spdx-doc-iep.xsd","errors[]":["Element '{urn:spdx-seva::1.0}SpdxDocument': Missing child element(s). Expected is one of ( {urn:spdx-seva::1.0}Annotation, {urn:spdx-seva::1.0}Name )."]},"1539311971793653582":{"entrytype":"Validate","status":"Fail","timestamp":1539311971793654740,"filepath":"tmp/spdx-doc-iepd/xml/instance/spdx-doc-instance.xml","xsdpath":"tmp/spdx-doc-iepd/xml/xsd/spdx-seva-ref.xsd","errors[]":["Element '{urn:spdx-seva::1.0}SpdxDocument': Missing child element(s). Expected is one of ( {urn:spdx-seva::1.0}Annotation, {urn:spdx-seva::1.0}Name )."]},"1539311971800264837":{"entrytype":"Validate","status":"Fail","timestamp":1539311971800266500,"filepath":"tmp/spdx-doc-iepd/xml/instance/spdx-doc-instance-golang.xml","xsdpath":"tmp/spdx-doc-iepd/xml/xsd/spdx-doc-iep.xsd","errors[]":["Element '{urn:spdx-seva::1.0}SpdxDocument': Missing child element(s). Expected is one of ( {urn:spdx-seva::1.0}Annotation, {urn:spdx-seva::1.0}Name )."]},"1539311971800833668":{"entrytype":"Validate","status":"Fail","timestamp":1539311971800834390,"filepath":"tmp/spdx-doc-iepd/xml/instance/spdx-doc-instance-golang.xml","xsdpath":"tmp/spdx-doc-iepd/xml/xsd/spdx-seva-ref.xsd","errors[]":["Element '{urn:spdx-seva::1.0}SpdxDocument': Missing child element(s). Expected is one of ( {urn:spdx-seva::1.0}Annotation, {urn:spdx-seva::1.0}Name )."]}}