{"SpdxDocument":{"name":"SpdxDocument","attributes":{"xsi:schemaLocation":"urn:spdx-seva::1.0 ../xsd/spdx-doc-iep.xsd"},"Annotation":{"name":"Annotation","Date":{"name":"Date","value":"2018-04-12T13:20:00"},"AnnotationTypeCode":{"name":"AnnotationTypeCode","value":"AnnotationTypeOther"},"CommentText":{"name":"CommentText","value":"Test string one"},"AnnotatorText":{"name":"AnnotatorText","value":"Test string one"}},"Name":{"name":"Name","value":"Test string one"},"CommentText":{"name":"CommentText","value":"Test string one"},"Relationship":{"name":"Relationship","RelationshipTypeCode":{"name":"RelationshipTypeCode","value":"RelationshipTypeAmendment"},"CommentText":{"name":"CommentText","value":"Test string one"},"RelatedSpdxElement":{"name":"RelatedSpdxElement","Annotation":{"name":"Annotation","Date":{"name":"Date","value":"2018-04-12T13:20:00"},"AnnotationTypeCode":{"name":"AnnotationTypeCode","value":"AnnotationTypeOther"},"CommentText":{"name":"CommentText","value":"Test string one"},"AnnotatorText":{"name":"AnnotatorText","value":"Test string one"}},"Name":{"name":"Name","value":"Test string one"},"CommentText":{"name":"CommentText","value":"Test string one"},"Relationship":{"name":"Relationship","RelationshipTypeCode":{"name":"RelationshipTypeCode","value":"RelationshipTypeAmendment"},"CommentText":{"name":"CommentText","value":"Test string one"}}}},"DescribesPackage":{"name":"DescribesPackage","Annotation":{"name":"Annotation","Date":{"name":"Date","value":"2018-04-12T13:20:00"},"AnnotationTypeCode":{"name":"AnnotationTypeCode","value":"AnnotationTypeOther"},"CommentText":{"name":"CommentText","value":"Test string one"},"AnnotatorText":{"name":"AnnotatorText","value":"Test string one"}},"Name":{"name":"Name","value":"Test string one"},"CommentText":{"name":"CommentText","value":"Test string one"},"Relationship":{"name":"Relationship","RelationshipTypeCode":{"name":"RelationshipTypeCode","value":"RelationshipTypeAmendment"},"CommentText":{"name":"CommentText","value":"Test string one"}},"CreationInfo":{"name":"CreationInfo","LicenseListVersionText":{"name":"LicenseListVersionText","value":"Test string one"},"CreatedDateTime":{"name":"CreatedDateTime","value":"2018-04-12T13:20:00"},"CommentText":{"name":"CommentText","value":"Test string one"},"CreatorText":{"name":"CreatorText","value":"Test string one"}},"SpecVersionText":{"name":"SpecVersionText","value":"Test string one"},"ExternalDocumentRef":{"name":"ExternalDocumentRef","Checksum":{"name":"Checksum","ChecksumValue":{"name":"ChecksumValue","value":""},"AlgorithmCode":{"name":"AlgorithmCode","value":"ChecksumAlgorithmMd5"}},"ExternalDocumentID":{"name":"ExternalDocumentID","value":"Test string one"},"SpdxDocument":{"name":"SpdxDocument","Name":{"name":"Name","value":"Test string one"},"CommentText":{"name":"CommentText","value":"Test string one"},"CreationInfo":{"name":"CreationInfo","CreatedDateTime":{"name":"CreatedDateTime","value":"2018-04-12T13:20:00"},"CreatorText":{"name":"CreatorText","value":"Test string one"}},"SpecVersionText":{"name":"SpecVersionText","value":"Test string one"},"DataLicense":{"name":"DataLicense","value":"http://spdx.org/licenses/CC0-1.0"}}},"DataLicense":{"name":"DataLicense","value":"http://spdx.org/licenses/CC0-1.0"}},"DescribesFile":{"name":"DescribesFile","Annotation":{"name":"Annotation","Date":{"name":"Date","value":"2018-04-12T13:20:00"},"AnnotationTypeCode":{"name":"AnnotationTypeCode","value":"AnnotationTypeOther"},"CommentText":{"name":"CommentText","value":"Test string one"},"AnnotatorText":{"name":"AnnotatorText","value":"Test string one"}},"Name":{"name":"Name","value":"Test string one"},"CommentText":{"name":"CommentText","value":"Test string one"},"Relationship":{"name":"Relationship","RelationshipTypeCode":{"name":"RelationshipTypeCode","value":"RelationshipTypeAmendment"},"CommentText":{"name":"CommentText","value":"Test string one"}},"DescribesPackage":{"name":"DescribesPackage","Name":{"name":"Name","value":"Test string one"},"CommentText":{"name":"CommentText","value":"Test string one"},"CreationInfo":{"name":"CreationInfo","CreatedDateTime":{"name":"CreatedDateTime","value":"2018-04-12T13:20:00"},"CreatorText":{"name":"CreatorText","value":"Test string one"}},"SpecVersionText":{"name":"SpecVersionText","value":"Test string one"},"DataLicense":{"name":"DataLicense","value":"http://spdx.org/licenses/CC0-1.0"}},"DescribesFile":{"name":"DescribesFile","Name":{"name":"Name","value":"Test string one"},"CommentText":{"name":"CommentText","value":"Test string one"},"CreationInfo":{"name":"CreationInfo","CreatedDateTime":{"name":"CreatedDateTime","value":"2018-04-12T13:20:00"},"CreatorText":{"name":"CreatorText","value":"Test string one"}},"SpecVersionText":{"name":"SpecVersionText","value":"Test string one"},"DataLicense":{"name":"DataLicense","value":"http://spdx.org/licenses/CC0-1.0"}},"HasExtractedLicensingInfo":{"name":"HasExtractedLicensingInfo","Name":{"name":"Name","value":"Test string one"},"CommentText":{"name":"CommentText","value":"Test string one"},"CreationInfo":{"name":"CreationInfo","CreatedDateTime":{"name":"CreatedDateTime","value":"2018-04-12T13:20:00"},"CreatorText":{"name":"CreatorText","value":"Test string one"}},"SpecVersionText":{"name":"SpecVersionText","value":"Test string one"},"DataLicense":{"name":"DataLicense","value":"http://spdx.org/licenses/CC0-1.0"}},"CreationInfo":{"name":"CreationInfo","LicenseListVersionText":{"name":"LicenseListVersionText","value":"Test string one"},"CreatedDateTime":{"name":"CreatedDateTime","value":"2018-04-12T13:20:00"},"CommentText":{"name":"CommentText","value":"Test string one"},"CreatorText":{"name":"CreatorText","value":"Test string one"}},"SpecVersionText":{"name":"SpecVersionText","value":"Test string one"},"ExternalDocumentRef":{"name":"ExternalDocumentRef","Checksum":{"name":"Checksum","ChecksumValue":{"name":"ChecksumValue","value":""},"AlgorithmCode":{"name":"AlgorithmCode","value":"ChecksumAlgorithmMd5"}},"ExternalDocumentID":{"name":"ExternalDocumentID","value":"Test string one"},"SpdxDocument":{"name":"SpdxDocument","Name":{"name":"Name","value":"Test string one"},"CommentText":{"name":"CommentText","value":"Test string one"},"CreationInfo":{"name":"CreationInfo","CreatedDateTime":{"name":"CreatedDateTime","value":"2018-04-12T13:20:00"},"CreatorText":{"name":"CreatorText","value":"Test string one"}},"SpecVersionText":{"name":"SpecVersionText","value":"Test string one"},"DataLicense":{"name":"DataLicense","value":"http://spdx.org/licenses/CC0-1.0"}}},"DataLicense":{"name":"DataLicense","value":"http://spdx.org/licenses/CC0-1.0"}},"HasExtractedLicensingInfo":{"name":"HasExtractedLicensingInfo","Annotation":{"name":"Annotation","Date":{"name":"Date","value":"2018-04-12T13:20:00"},"AnnotationTypeCode":{"name":"AnnotationTypeCode","value":"AnnotationTypeOther"},"CommentText":{"name":"CommentText","value":"Test string one"},"AnnotatorText":{"name":"AnnotatorText","value":"Test string one"}},"Name":{"name":"Name","value":"Test string one"},"CommentText":{"name":"CommentText","value":"Test string one"},"Relationship":{"name":"Relationship","RelationshipTypeCode":{"name":"RelationshipTypeCode","value":"RelationshipTypeAmendment"},"CommentText":{"name":"CommentText","value":"Test string one"}},"DescribesPackage":{"name":"DescribesPackage","Name":{"name":"Name","value":"Test string one"},"CommentText":{"name":"CommentText","value":"Test string one"},"CreationInfo":{"name":"CreationInfo","LicenseListVersionText":{"name":"LicenseListVersionText","value":"Test string one"},"CreatedDateTime":{"name":"CreatedDateTime","value":"2018-04-12T13:20:00"},"CommentText":{"name":"CommentText","value":"Test string one"},"CreatorText":{"name":"CreatorText","value":"Test string one"}},"SpecVersionText":{"name":"SpecVersionText","value":"Test string one"},"DataLicense":{"name":"DataLicense","value":"http://spdx.org/licenses/CC0-1.0"}},"DescribesFile":{"name":"DescribesFile","Name":{"name":"Name","value":"Test string one"},"CommentText":{"name":"CommentText","value":"Test string one"},"CreationInfo":{"name":"CreationInfo","LicenseListVersionText":{"name":"LicenseListVersionText","value":"Test string one"},"CreatedDateTime":{"name":"CreatedDateTime","value":"2018-04-12T13:20:00"},"CommentText":{"name":"CommentText","value":"Test string one"},"CreatorText":{"name":"CreatorText","value":"Test string one"}},"SpecVersionText":{"name":"SpecVersionText","value":"Test string one"},"DataLicense":{"name":"DataLicense","value":"http://spdx.org/licenses/CC0-1.0"}},"HasExtractedLicensingInfo":{"name":"HasExtractedLicensingInfo","Name":{"name":"Name","value":"Test string one"},"CommentText":{"name":"CommentText","value":"Test string one"},"CreationInfo":{"name":"CreationInfo","LicenseListVersionText":{"name":"LicenseListVersionText","value":"Test string one"},"CreatedDateTime":{"name":"CreatedDateTime","value":"2018-04-12T13:20:00"},"CommentText":{"name":"CommentText","value":"Test string one"},"CreatorText":{"name":"CreatorText","value":"Test string one"}},"SpecVersionText":{"name":"SpecVersionText","value":"Test string one"},"DataLicense":{"name":"DataLicense","value":"http://spdx.org/licenses/CC0-1.0"}},"CreationInfo":{"name":"CreationInfo","LicenseListVersionText":{"name":"LicenseListVersionText","value":"Test string one"},"CreatedDateTime":{"name":"CreatedDateTime","value":"2018-04-12T13:20:00"},"CommentText":{"name":"CommentText","value":"Test string one"},"CreatorText":{"name":"CreatorText","value":"Test string one"}},"SpecVersionText":{"name":"SpecVersionText","value":"Test string one"},"DataLicense":{"name":"DataLicense","value":"http://spdx.org/licenses/CC0-1.0"}},"CreationInfo":{"name":"CreationInfo","LicenseListVersionText":{"name":"LicenseListVersionText","value":"Test string one"},"CreatedDateTime":{"name":"CreatedDateTime","value":"2018-04-12T13:20:00"},"CommentText":{"name":"CommentText","value":"Test string one"},"CreatorText":{"name":"CreatorText","value":"Test string one"}},"SpecVersionText":{"name":"SpecVersionText","value":"Test string one"},"ExternalDocumentRef":{"name":"ExternalDocumentRef","Checksum":{"name":"Checksum","ChecksumValue":{"name":"ChecksumValue","value":""},"AlgorithmCode":{"name":"AlgorithmCode","value":"ChecksumAlgorithmMd5"}},"ExternalDocumentID":{"name":"ExternalDocumentID","value":"Test string one"},"SpdxDocument":{"name":"SpdxDocument","Name":{"name":"Name","value":"Test string one"},"CommentText":{"name":"CommentText","value":"Test string one"},"CreationInfo":{"name":"CreationInfo","CreatedDateTime":{"name":"CreatedDateTime","value":"2018-04-12T13:20:00"},"CreatorText":{"name":"CreatorText","value":"Test string one"}},"SpecVersionText":{"name":"SpecVersionText","value":"Test string one"},"DataLicense":{"name":"DataLicense","value":"http://spdx.org/licenses/CC0-1.0"}}},"DataLicense":{"name":"DataLicense","value":"http://spdx.org/licenses/CC0-1.0"}}}