{"1540010832820830523":{"entrytype":"Load Remote Match","status":"Pass","timestamp":1540010832461431028,"filepath":"tmp/spdx-sec-ism-iepd/xml/xsd/spdx-xml-ref.xsd","digest":"026e646a857a1eb3b91291594d746cee5e17560bf46cd43f797c3788d7f36141","message":"Loaded Remote Resource"},"1540010832822999194":{"entrytype":"Authenticity Check","status":"Pass","timestamp":1540010832822996637,"filepath":"xml/xsd/spdx-xml-ref.xsd","digest":"026e646a857a1eb3b91291594d746cee5e17560bf46cd43f797c3788d7f36141","message":"spdx-xml-ref.xsd matches authoritative source"},"1540010832962314120":{"entrytype":"Load Remote Match","status":"Pass","timestamp":1540010832824788996,"filepath":"tmp/spdx-sec-ism-iepd/xml/instance/spdx-sec-ism-test-data.xml","digest":"9f7823926838648ab97d13486edf181fb98896659c3e39ca78e817b76258508a","message":"Loaded Remote Resource"},"1540010832964032316":{"entrytype":"Authenticity Check","status":"Pass","timestamp":1540010832964030941,"filepath":"xml/instance/spdx-sec-ism-test-data.xml","digest":"9f7823926838648ab97d13486edf181fb98896659c3e39ca78e817b76258508a","message":"spdx-sec-ism-test-data.xml matches authoritative source"},"1540010833245402665":{"entrytype":"GenerateResource","status":"Pass","timestamp":1540010832965474137,"filepath":"spdx-sec-ism-iep.xsd","xslpath":"tmp/spdx-sec-ism-iepd/xml/xsl/spdx-sec-ism-iep.xsl","digest":"fd28ddf560fd06b46d71475b206364215efe21c8d5ec31c52de49b7027fcd70a"},"1540010833327396836":{"entrytype":"GenerateResource","status":"Pass","timestamp":1540010833262883374,"filepath":"spdx-sec-ism-instance.xml","xslpath":"tmp/spdx-sec-ism-iepd/xml/xsl/spdx-sec-ism-instance.xsl","digest":"8f728e4416a9197bb41acbe1a2402b68637b6abe5b423b5e3982bd57e53a4f31"},"1540010833484042593":{"entrytype":"GenerateResource","status":"Pass","timestamp":1540010833328884300,"filepath":"spdx-sec-ism-ref-xsd.json","xslpath":"tmp/spdx-sec-ism-iepd/xml/xsl/common/xsd-json.xsl","digest":"8bc866bddd29e98ecc67f1c2b8f1d2a0b86b75a4c0a228343fd9e2baa4e0a7c3"},"1540010833555005261":{"entrytype":"GenerateResource","status":"Pass","timestamp":1540010833485744970,"filepath":"spdx-sec-ism-iep-xsd.json","xslpath":"tmp/spdx-sec-ism-iepd/xml/xsl/common/xsd-json.xsl","digest":"90243f7aa91616175a5a48b4d2a1910ffde3840c6847a81ba2f34f81081499aa"},"1540010833561255216":{"entrytype":"GenerateResource","status":"Pass","timestamp":1540010833556632819,"filepath":"spdx-sec-ism-instance.json","xslpath":"tmp/spdx-sec-ism-iepd/xml/xsl/common/xml-json.xsl","digest":"ce1e3145362c2821433be76bdf62afed05b5689e8e13d814511cf57ba8d7cae9"},"1540010833595243975":{"entrytype":"GenerateResource","status":"Pass","timestamp":1540010833562709894,"filepath":"spdx-sec-ism-struct.go","xslpath":"tmp/spdx-sec-ism-iepd/xml/xsl/spdx-sec-ism-go-gen.xsl","digest":"377f34db556f2a22b6bb3fabed67e9c5d0009b12d82fe7335725a3bd8489ed2b"},"1540010833614848526":{"entrytype":"GenerateResource","status":"Pass","timestamp":1540010833596794633,"filepath":"spdx-sec-ism-struct_test.go","xslpath":"tmp/spdx-sec-ism-iepd/xml/xsl/spdx-sec-ism-go-test-gen.xsl","digest":"359fd47968d185bc99d1f848d54d80bd0db4ec96853eca9a2ab64f501df39f87"},"1540010833632597435":{"entrytype":"Marshal Data","status":"Pass","timestamp":1540010833632559236,"filepath":"spdx-sec-ism-instance-golang.xml","digest":"6a9f5cf4862958dfca2272167a5ccc26c8d8c4f5411544aa0b69db2d77249be2"},"1540010848902164647":{"entrytype":"Validate","status":"Pass","timestamp":1540010833634065852,"filepath":"tmp/spdx-sec-ism-iepd/xml/xsd/spdx-xml-ref.xsd","xsdpath":"tmp/spdx-sec-ism-iepd/xml/xsd/ext/w3c/XMLSchema.xsd","valid":true},"1540010864111001690":{"entrytype":"Validate","status":"Pass","timestamp":1540010848905479377,"filepath":"tmp/spdx-sec-ism-iepd/xml/xsd/spdx-sec-ism-iep.xsd","xsdpath":"tmp/spdx-sec-ism-iepd/xml/xsd/ext/w3c/XMLSchema.xsd","valid":true},"1540010864117662686":{"entrytype":"Validate","status":"Pass","timestamp":1540010864112930805,"filepath":"tmp/spdx-sec-ism-iepd/xml/instance/spdx-sec-ism-instance.xml","xsdpath":"tmp/spdx-sec-ism-iepd/xml/xsd/spdx-sec-ism-iep.xsd","valid":true},"1540010864126823409":{"entrytype":"Validate","status":"Pass","timestamp":1540010864119221496,"filepath":"tmp/spdx-sec-ism-iepd/xml/instance/spdx-sec-ism-instance.xml","xsdpath":"tmp/spdx-sec-ism-iepd/xml/xsd/spdx-xml-ref.xsd","valid":true},"1540010864133783750":{"entrytype":"Validate","status":"Pass","timestamp":1540010864128508546,"filepath":"tmp/spdx-sec-ism-iepd/xml/instance/spdx-sec-ism-instance-golang.xml","xsdpath":"tmp/spdx-sec-ism-iepd/xml/xsd/spdx-sec-ism-iep.xsd","valid":true},"1540010864142731521":{"entrytype":"Validate","status":"Pass","timestamp":1540010864135537934,"filepath":"tmp/spdx-sec-ism-iepd/xml/instance/spdx-sec-ism-instance-golang.xml","xsdpath":"tmp/spdx-sec-ism-iepd/xml/xsd/spdx-xml-ref.xsd","valid":true},"1540010873236071591":{"entrytype":"Load Remote Match","status":"Pass","timestamp":1540010873181694057,"filepath":"tmp/spdx-doc-iepd/xml/xsd/spdx-xml-ref.xsd","digest":"026e646a857a1eb3b91291594d746cee5e17560bf46cd43f797c3788d7f36141","message":"Loaded Remote Resource"},"1540010873238363842":{"entrytype":"Authenticity Check","status":"Pass","timestamp":1540010873238360285,"filepath":"xml/xsd/spdx-xml-ref.xsd","digest":"026e646a857a1eb3b91291594d746cee5e17560bf46cd43f797c3788d7f36141","message":"spdx-xml-ref.xsd matches authoritative source"},"1540010873379191521":{"entrytype":"Load Remote Match","status":"Pass","timestamp":1540010873240329523,"filepath":"tmp/spdx-doc-iepd/xml/instance/spdx-doc-test-data.xml","digest":"a07f3c4e4cbff51467b486eb8dc2d2dddf75bf7098ad74ae166bff7fc67c7d83","message":"Loaded Remote Resource"},"1540010873381496028":{"entrytype":"Authenticity Check","status":"Pass","timestamp":1540010873381493108,"filepath":"xml/instance/spdx-doc-test-data.xml","digest":"a07f3c4e4cbff51467b486eb8dc2d2dddf75bf7098ad74ae166bff7fc67c7d83","message":"spdx-doc-test-data.xml matches authoritative source"},"1540010873529659892":{"entrytype":"GenerateResource","status":"Pass","timestamp":1540010873383530544,"filepath":"spdx-doc-iep.xsd","xslpath":"tmp/spdx-doc-iepd/xml/xsl/spdx-doc-iep.xsl","digest":"fa16f865aec2df5a606a35995af783650c1410e36ac0764e5f4e76c40511474c"},"1540010873565186997":{"entrytype":"GenerateResource","status":"Pass","timestamp":1540010873547537950,"filepath":"spdx-doc-instance.xml","xslpath":"tmp/spdx-doc-iepd/xml/xsl/spdx-doc-instance.xsl","digest":"a088961a997c1b012ab315f44c18e8be953756492017859f0ccc9abd07c92ea3"},"1540010873730485365":{"entrytype":"GenerateResource","status":"Pass","timestamp":1540010873566920796,"filepath":"spdx-xml-ref-xsd.json","xslpath":"tmp/spdx-doc-iepd/xml/xsl/common/xsd-json.xsl","digest":"8bc866bddd29e98ecc67f1c2b8f1d2a0b86b75a4c0a228343fd9e2baa4e0a7c3"},"1540010873738535323":{"entrytype":"GenerateResource","status":"Pass","timestamp":1540010873732412484,"filepath":"spdx-doc-iep-xsd.json","xslpath":"tmp/spdx-doc-iepd/xml/xsl/common/xsd-json.xsl","digest":"356c61e92a833fdc9086615835e339fbef4c3fd0bdddbe574dec83ea8845e39e"},"1540010873743000312":{"entrytype":"GenerateResource","status":"Pass","timestamp":1540010873740308477,"filepath":"spdx-doc-instance.json","xslpath":"tmp/spdx-doc-iepd/xml/xsl/common/xml-json.xsl","digest":"be9b857a10514b1df8ddc5405c1f32316a1d68f310831039adf4e669198dbebe"},"1540010873750467569":{"entrytype":"GenerateResource","status":"Pass","timestamp":1540010873744559064,"filepath":"spdx-doc-struct.go","xslpath":"tmp/spdx-doc-iepd/xml/xsl/spdx-doc-go-gen.xsl","digest":"c79513ed49796819dc0fcb34ceea3d9af9bdb2c828c9b83c8ce2ea513660e1ff"},"1540010873757725047":{"entrytype":"GenerateResource","status":"Pass","timestamp":1540010873752209757,"filepath":"spdx-doc-struct_test.go","xslpath":"tmp/spdx-doc-iepd/xml/xsl/spdx-doc-go-test-gen.xsl","digest":"8c5172d50bc9da5ef83aae08ec40d14a5ab0345cecee85573d9d7ecf86239532"},"1540010873759448404":{"entrytype":"Marshal Data","status":"Pass","timestamp":1540010873759432971,"filepath":"spdx-doc-instance-golang.xml","digest":"e3b0c44298fc1c149afbf4c8996fb92427ae41e4649b934ca495991b7852b855"},"1540010888974196955":{"entrytype":"Validate","status":"Pass","timestamp":1540010873761031426,"filepath":"tmp/spdx-doc-iepd/xml/xsd/spdx-xml-ref.xsd","xsdpath":"tmp/spdx-doc-iepd/xml/xsd/ext/w3c/XMLSchema.xsd","valid":true},"1540010904203356337":{"entrytype":"Validate","status":"Pass","timestamp":1540010888991889057,"filepath":"tmp/spdx-doc-iepd/xml/xsd/spdx-doc-iep.xsd","xsdpath":"tmp/spdx-doc-iepd/xml/xsd/ext/w3c/XMLSchema.xsd","valid":true},"1540010904211981076":{"entrytype":"Validate","status":"Pass","timestamp":1540010904210240534,"filepath":"tmp/spdx-doc-iepd/xml/instance/spdx-doc-instance.xml","xsdpath":"tmp/spdx-doc-iepd/xml/xsd/spdx-doc-iep.xsd","valid":true},"1540010904223150367":{"entrytype":"Validate","status":"Pass","timestamp":1540010904213754766,"filepath":"tmp/spdx-doc-iepd/xml/instance/spdx-doc-instance.xml","xsdpath":"tmp/spdx-doc-iepd/xml/xsd/spdx-xml-ref.xsd","valid":true},"1540010904225609859":{"entrytype":"Validate","status":"Fail","timestamp":1540010904224757543,"filepath":"tmp/spdx-doc-iepd/xml/instance/spdx-doc-instance-golang.xml","xsdpath":"tmp/spdx-doc-iepd/xml/xsd/spdx-doc-iep.xsd","errors[]":["invalid document"]},"1540010904234588252":{"entrytype":"Validate","status":"Fail","timestamp":1540010904227337254,"filepath":"tmp/spdx-doc-iepd/xml/instance/spdx-doc-instance-golang.xml","xsdpath":"tmp/spdx-doc-iepd/xml/xsd/spdx-xml-ref.xsd","errors[]":["invalid document"]}}