{"SpdxDocument":{"name":"SpdxDocument","attributes":{"xsi:schemaLocation":"urn:spdx-xml:1.0  https://spdx-xml.specchain.org/spdx-doc/file/iepxsd"},"SpdxID":{"name":"SpdxID","value":"urn:anyuri.org"},"Annotation":{"name":"Annotation","Date":{"name":"Date","value":"2018-04-12T13:20:00"},"AnnotationTypeCode":{"name":"AnnotationTypeCode","value":"AnnotationTypeOther"},"CommentText":{"name":"CommentText","value":"Test string one"},"AnnotatorText":{"name":"AnnotatorText","value":"Test string one"}},"Name":{"name":"Name","value":"Test string one"},"CommentText":{"name":"CommentText","value":"Test string one"},"Relationship":{"name":"Relationship","RelationshipTypeCode":{"name":"RelationshipTypeCode","value":"RelationshipTypeAmendment"},"CommentText":{"name":"CommentText","value":"Test string one"},"RelatedSpdxElementID":{"name":"RelatedSpdxElementID","value":"Test string one"}},"DescribesPackageID":{"name":"DescribesPackageID","value":"Test string one"},"DescribesFileID":{"name":"DescribesFileID","value":"Test string one"},"HasExtractedLicensingInfoID":{"name":"HasExtractedLicensingInfoID","value":"Test string one"},"CreationInfo":{"name":"CreationInfo","LicenseListVersionText":{"name":"LicenseListVersionText","value":"Test string one"},"CreatedDateTime":{"name":"CreatedDateTime","value":"2018-04-12T13:20:00"},"CommentText":{"name":"CommentText","value":"Test string one"},"CreatorText":{"name":"CreatorText","value":"Test string one"}},"SpecVersionText":{"name":"SpecVersionText","value":"Test string one"},"ExternalDocumentRef":{"name":"ExternalDocumentRef","Checksum":{"name":"Checksum","ChecksumValue":{"name":"ChecksumValue","value":"6865726F6E6779616E672E636F6D"},"AlgorithmCode":{"name":"AlgorithmCode","value":"ChecksumAlgorithmMd5"}},"ExternalDocumentID":{"name":"ExternalDocumentID","value":"Test string one"},"SpdxDocumentID":{"name":"SpdxDocumentID","value":"Test string one"}},"DataLicenseID":{"name":"DataLicenseID","value":"Test string one"}}}