{"1540102876609177799":{"entrytype":"Load Remote Match","status":"Pass","timestamp":1540102876315188871,"filepath":"tmp/spdx-doc-iepd/xml/xsd/spdx-xml-ref.xsd","digest":"026e646a857a1eb3b91291594d746cee5e17560bf46cd43f797c3788d7f36141","message":"Loaded Remote Resource"},"1540102876611288701":{"entrytype":"Authenticity Check","status":"Pass","timestamp":1540102876611287845,"filepath":"xml/xsd/spdx-xml-ref.xsd","digest":"026e646a857a1eb3b91291594d746cee5e17560bf46cd43f797c3788d7f36141","message":"spdx-xml-ref.xsd matches authoritative source"},"1540102876748964919":{"entrytype":"Load Remote Match","status":"Pass","timestamp":1540102876612844449,"filepath":"tmp/spdx-doc-iepd/xml/instance/spdx-doc-test-data.xml","digest":"a07f3c4e4cbff51467b486eb8dc2d2dddf75bf7098ad74ae166bff7fc67c7d83","message":"Loaded Remote Resource"},"1540102876750720136":{"entrytype":"Authenticity Check","status":"Pass","timestamp":1540102876750719133,"filepath":"xml/instance/spdx-doc-test-data.xml","digest":"a07f3c4e4cbff51467b486eb8dc2d2dddf75bf7098ad74ae166bff7fc67c7d83","message":"spdx-doc-test-data.xml matches authoritative source"},"1540102876899221607":{"entrytype":"GenerateResource","status":"Pass","timestamp":1540102876767992254,"filepath":"spdx-doc-iep.xsd","xslpath":"tmp/spdx-doc-iepd/xml/xsl/spdx-doc-iep.xsl","digest":"fa16f865aec2df5a606a35995af783650c1410e36ac0764e5f4e76c40511474c"},"1540102876922880726":{"entrytype":"GenerateResource","status":"Pass","timestamp":1540102876916412002,"filepath":"spdx-doc-instance.xml","xslpath":"tmp/spdx-doc-iepd/xml/xsl/spdx-doc-instance.xsl","digest":"da7dc734f14ae4f25a41ce1a326879a0653fb58ab573187012a0123535b49908"},"1540102877220083114":{"entrytype":"GenerateResource","status":"Pass","timestamp":1540102876924473587,"filepath":"spdx-xml-ref-xsd.json","xslpath":"tmp/spdx-doc-iepd/xml/xsl/common/xsd-json.xsl","digest":"c2d478877d1ea3585c18057ca7fdb8c1dc97e6dfb6b73dbcaba2f160981e0f0d"},"1540102877230652750":{"entrytype":"GenerateResource","status":"Pass","timestamp":1540102877221612257,"filepath":"spdx-doc-iep-xsd.json","xslpath":"tmp/spdx-doc-iepd/xml/xsl/common/xsd-json.xsl","digest":"d449a6b7a48960236c6f135216a66d1b6fa2fd89739fff9a4e2e7033155dd1b7"},"1540102877235360384":{"entrytype":"GenerateResource","status":"Pass","timestamp":1540102877232446444,"filepath":"spdx-doc-instance.json","xslpath":"tmp/spdx-doc-iepd/xml/xsl/common/xml-json.xsl","digest":"aad3b90e99c7ab95c02605df03adcad9799398c2c000d08a890e82b1266518e5"},"1540102877242767262":{"entrytype":"GenerateResource","status":"Pass","timestamp":1540102877236921013,"filepath":"spdx-doc-struct.go","xslpath":"tmp/spdx-doc-iepd/xml/xsl/spdx-doc-go-gen.xsl","digest":"90d1b0fb2ae7cf1739e5083df3b227b28f0c57f1d0af85dc0b706514bb30f463"},"1540102877251823417":{"entrytype":"GenerateResource","status":"Pass","timestamp":1540102877244480529,"filepath":"spdx-doc-struct_test.go","xslpath":"tmp/spdx-doc-iepd/xml/xsl/spdx-doc-go-test-gen.xsl","digest":"0f427baba510bb9023cfbfb05496a4efab824403b48bb01243c677294eefd87a"},"1540102877253655947":{"entrytype":"Marshal Data","status":"Pass","timestamp":1540102877253623938,"filepath":"spdx-doc-instance-golang.xml","digest":"9bb5d9df173ff9f2a24c7bdf282ecd4fa6308989a4784258a04b3ded11f6e34e"},"1540102892480785703":{"entrytype":"Validate","status":"Pass","timestamp":1540102877255290569,"filepath":"tmp/spdx-doc-iepd/xml/xsd/spdx-xml-ref.xsd","xsdpath":"tmp/spdx-doc-iepd/xml/xsd/ext/w3c/XMLSchema.xsd","valid":true},"1540102907765945006":{"entrytype":"Validate","status":"Pass","timestamp":1540102892485370029,"filepath":"tmp/spdx-doc-iepd/xml/xsd/spdx-doc-iep.xsd","xsdpath":"tmp/spdx-doc-iepd/xml/xsd/ext/w3c/XMLSchema.xsd","valid":true},"1540102907770590809":{"entrytype":"Validate","status":"Pass","timestamp":1540102907769883561,"filepath":"tmp/spdx-doc-iepd/xml/instance/spdx-doc-instance.xml","xsdpath":"tmp/spdx-doc-iepd/xml/xsd/spdx-doc-iep.xsd","valid":true},"1540102907780350033":{"entrytype":"Validate","status":"Pass","timestamp":1540102907772199845,"filepath":"tmp/spdx-doc-iepd/xml/instance/spdx-doc-instance.xml","xsdpath":"tmp/spdx-doc-iepd/xml/xsd/spdx-xml-ref.xsd","valid":true},"1540102907798725371":{"entrytype":"Validate","status":"Pass","timestamp":1540102907797884385,"filepath":"tmp/spdx-doc-iepd/xml/instance/spdx-doc-instance-golang.xml","xsdpath":"tmp/spdx-doc-iepd/xml/xsd/spdx-doc-iep.xsd","valid":true},"1540102907824229909":{"entrytype":"Validate","status":"Pass","timestamp":1540102907816001379,"filepath":"tmp/spdx-doc-iepd/xml/instance/spdx-doc-instance-golang.xml","xsdpath":"tmp/spdx-doc-iepd/xml/xsd/spdx-xml-ref.xsd","valid":true}}