{"config":"config/spdx-doc-cfg.json","dochtml":"xml/instance/spdx-doc-documentation.html","gendocxsl":"xml/xsl/common/docgen.xsl","gogenxsdxsl":"xml/xsl/spdx-doc-go-gen.xsl","gogenxsl":"xml/xsl/common/go-gen.xsl","gotestgenxsl":"xml/xsl/spdx-doc-go-test-gen.xsl","iepxsd":"xml/xsd/spdx-doc-iep.xsd","iepxsdjson":"json/spdx-doc-iep-xsd.json","iepxsdxsl":"xml/xsl/spdx-doc-iep.xsl","iepxsl":"xml/xsl/common/iep.xsl","instancegolangxml":"xml/instance/spdx-doc-instance-golang.xml","instancejson":"json/spdx-doc-instance.json","instancexml":"xml/instance/spdx-doc-instance.xml","instancexsl":"xml/xsl/spdx-doc-instance.xsl","maingo":"src/spdx-doc/spdx-document.go","provenancereportjson":"json/spdx-doc-provenance-report.json","refxsd":"xml/xsd/spdx-xml-ref.xsd","refxsdjson":"json/spdx-xml-ref-xsd.json","resourcesjson":"json/spdx-doc-resources.json","structgo":"src/spdx-doc/spdx-doc-struct.go","structtestgo":"src/spdx-doc/spdx-doc-struct_test.go","testdataxml":"xml/instance/spdx-doc-test-data.xml","xmlinstancexsl":"xml/xsl/common/xml-instance.xsl","xmljsonxsl":"xml/xsl/common/xml-json.xsl","xmlschemaxsd":"xml/xsd/ext/w3c/XMLSchema.xsd","xsdjsonxsl":"xml/xsl/common/xsd-json.xsl","xsltxsd":"xml/xsd/ext/w3c/xslt.xsd","zipiepd":"spdx-doc-iepd.zip"}