{"1542056517387451571":{"entrytype":"Load Remote Match","status":"Pass","timestamp":1542056516815021884,"filepath":"tmp/spdx-xml/xml/xsd/spdx-xml-ref.xsd","digest":"0898d07fc83ae4517c2c758912f43f6788a623275e8161a7f99fac5b3e7d2799","message":"Loaded Remote Resource"},"1542056517405226514":{"entrytype":"Authenticity Check","status":"Pass","timestamp":1542056517405223808,"filepath":"xml/xsd/spdx-xml-ref.xsd","digest":"0898d07fc83ae4517c2c758912f43f6788a623275e8161a7f99fac5b3e7d2799","message":"spdx-xml-ref.xsd matches authoritative source"},"1542056517563578059":{"entrytype":"Load Remote Match","status":"Pass","timestamp":1542056517407011348,"filepath":"tmp/spdx-xml/xml/instance/spdx-test-data.xml","digest":"903e02e2f86d4a0d2137d46092ff7373cb171940c1f70e3e5f965fe125add7ca","message":"Loaded Remote Resource"},"1542056517566477442":{"entrytype":"Authenticity Check","status":"Pass","timestamp":1542056517566473952,"filepath":"xml/instance/spdx-test-data.xml","digest":"903e02e2f86d4a0d2137d46092ff7373cb171940c1f70e3e5f965fe125add7ca","message":"spdx-test-data.xml matches authoritative source"},"1542056517662227979":{"entrytype":"Load Remote Match","status":"Pass","timestamp":1542056517588769832,"filepath":"tmp/spdx-doc-iepd/xml/xsd/spdx-xml-ref.xsd","digest":"0898d07fc83ae4517c2c758912f43f6788a623275e8161a7f99fac5b3e7d2799","message":"Loaded Remote Resource"},"1542056517665056797":{"entrytype":"Authenticity Check","status":"Pass","timestamp":1542056517665056117,"filepath":"xml/xsd/spdx-xml-ref.xsd","digest":"0898d07fc83ae4517c2c758912f43f6788a623275e8161a7f99fac5b3e7d2799","message":"spdx-xml-ref.xsd matches authoritative source"},"1542056517797171534":{"entrytype":"Load Remote Match","status":"Pass","timestamp":1542056517666530196,"filepath":"tmp/spdx-doc-iepd/xml/instance/spdx-doc-test-data.xml","digest":"a07f3c4e4cbff51467b486eb8dc2d2dddf75bf7098ad74ae166bff7fc67c7d83","message":"Loaded Remote Resource"},"1542056517798961676":{"entrytype":"Authenticity Check","status":"Pass","timestamp":1542056517798960167,"filepath":"xml/instance/spdx-doc-test-data.xml","digest":"a07f3c4e4cbff51467b486eb8dc2d2dddf75bf7098ad74ae166bff7fc67c7d83","message":"spdx-doc-test-data.xml matches authoritative source"},"1542056517932582773":{"entrytype":"GenerateResource","status":"Pass","timestamp":1542056517816405246,"filepath":"spdx-doc-iep.xsd","xslpath":"tmp/spdx-doc-iepd/xml/xsl/spdx-doc-iep.xsl","digest":"fa16f865aec2df5a606a35995af783650c1410e36ac0764e5f4e76c40511474c"},"1542056517943425559":{"entrytype":"GenerateResource","status":"Pass","timestamp":1542056517936873508,"filepath":"spdx-doc-instance.xml","xslpath":"tmp/spdx-doc-iepd/xml/xsl/spdx-doc-instance.xsl","digest":"da7dc734f14ae4f25a41ce1a326879a0653fb58ab573187012a0123535b49908"},"1542056518244539466":{"entrytype":"GenerateResource","status":"Pass","timestamp":1542056517944920407,"filepath":"spdx-xml-ref-xsd.json","xslpath":"tmp/spdx-doc-iepd/xml/xsl/common/xsd-json.xsl","digest":"e744712c3678c6bcc848f6b12f34f92f0badcac123bfdecbf4981c9741da6d09"},"1542056518256119918":{"entrytype":"GenerateResource","status":"Pass","timestamp":1542056518246317719,"filepath":"spdx-doc-iep-xsd.json","xslpath":"tmp/spdx-doc-iepd/xml/xsl/common/xsd-json.xsl","digest":"b8fe9d70b5ca0b9fc529385f7dd0214d2e45c1ff85674d3333717cacf7aa7d59"},"1542056518260389732":{"entrytype":"GenerateResource","status":"Pass","timestamp":1542056518257738228,"filepath":"spdx-doc-instance.json","xslpath":"tmp/spdx-doc-iepd/xml/xsl/common/xml-json.xsl","digest":"aad3b90e99c7ab95c02605df03adcad9799398c2c000d08a890e82b1266518e5"},"1542056518267123163":{"entrytype":"GenerateResource","status":"Pass","timestamp":1542056518261785826,"filepath":"spdx-doc-struct.go","xslpath":"tmp/spdx-doc-iepd/xml/xsl/spdx-doc-go-gen.xsl","digest":"ecdaa942d8bdc4ea01f74d019c3d896d866204ee3c08ce5c7cde433674c9d2f2"},"1542056518274134331":{"entrytype":"GenerateResource","status":"Pass","timestamp":1542056518268732537,"filepath":"spdx-doc-struct_test.go","xslpath":"tmp/spdx-doc-iepd/xml/xsl/spdx-doc-go-test-gen.xsl","digest":"0f427baba510bb9023cfbfb05496a4efab824403b48bb01243c677294eefd87a"},"1542056518296761447":{"entrytype":"GenerateResource","status":"Pass","timestamp":1542056518291299000,"filepath":"spdx-doc-documentation.html","xslpath":"tmp/spdx-doc-iepd/xml/xsl/common/docgen.xsl","digest":"24ee174a0e199e07ddad62d14f2d354309717aee55c3348b166b2c25b72c9aa1"},"1542056518298689985":{"entrytype":"Marshal Data","status":"Pass","timestamp":1542056518298664643,"filepath":"spdx-doc-instance-golang.xml","digest":"ec2cde015ada717f3192b6da48753d947cab920ce11058cfd93e9c5b6c775165"},"1542056533636479868":{"entrytype":"Validate","status":"Pass","timestamp":1542056518300066431,"filepath":"tmp/spdx-doc-iepd/xml/xsd/spdx-xml-ref.xsd","xsdpath":"tmp/spdx-doc-iepd/xml/xsd/ext/w3c/XMLSchema.xsd","valid":true},"1542056548843592751":{"entrytype":"Validate","status":"Pass","timestamp":1542056533639629203,"filepath":"tmp/spdx-doc-iepd/xml/xsd/spdx-doc-iep.xsd","xsdpath":"tmp/spdx-doc-iepd/xml/xsd/ext/w3c/XMLSchema.xsd","valid":true},"1542056548845787676":{"entrytype":"Validate","status":"Pass","timestamp":1542056548845023333,"filepath":"tmp/spdx-doc-iepd/xml/instance/spdx-doc-instance.xml","xsdpath":"tmp/spdx-doc-iepd/xml/xsd/spdx-doc-iep.xsd","valid":true},"1542056548855045229":{"entrytype":"Validate","status":"Pass","timestamp":1542056548847385932,"filepath":"tmp/spdx-doc-iepd/xml/instance/spdx-doc-instance.xml","xsdpath":"tmp/spdx-doc-iepd/xml/xsd/spdx-xml-ref.xsd","valid":true},"1542056548857168465":{"entrytype":"Validate","status":"Pass","timestamp":1542056548856471232,"filepath":"tmp/spdx-doc-iepd/xml/instance/spdx-doc-instance-golang.xml","xsdpath":"tmp/spdx-doc-iepd/xml/xsd/spdx-doc-iep.xsd","valid":true},"1542056548864987370":{"entrytype":"Validate","status":"Pass","timestamp":1542056548858594456,"filepath":"tmp/spdx-doc-iepd/xml/instance/spdx-doc-instance-golang.xml","xsdpath":"tmp/spdx-doc-iepd/xml/xsd/spdx-xml-ref.xsd","valid":true}}