{"AlgorithmCodeSimpleType":{"xsdnode":"simpleType","name":"AlgorithmCodeSimpleType","documentation":"A data type for Algorithm properties","enumerations":{"ChecksumAlgorithmMd5":{"value":"ChecksumAlgorithmMd5","documentation":"Indicates the algorithm used was MD5"},"ChecksumAlgorithmSha1":{"value":"ChecksumAlgorithmSha1","documentation":"Indicates the algorithm used was SHA-1"},"ChecksumAlgorithmSha256":{"value":"ChecksumAlgorithmSha256","documentation":"Indicates the algorithm used was SHA256"}}},"AnnotationTypeCodeSimpleType":{"xsdnode":"simpleType","name":"AnnotationTypeCodeSimpleType","documentation":"A data type for AnnotationType properties","enumerations":{"AnnotationTypeOther":{"value":"AnnotationTypeOther","documentation":"Type of annotation which does not fit in any of the pre-defined annotation types."},"AnnotationTypeReview":{"value":"AnnotationTypeReview","documentation":"A Review represents an audit and signoff by an individual, organization or tool on the information for an SpdxElement."}}},"CopyrightTextCodeSimpleType":{"xsdnode":"simpleType","name":"CopyrightTextCodeSimpleType","documentation":"A data type for CopyrightText properties","enumerations":{"Noassertion":{"value":"Noassertion","documentation":"Indicates that the preparer of the SPDX document is not making any assertion regarding the value of this field."},"None":{"value":"None","documentation":"When this value is used as the object of a property it indicates that the preparer of the SpdxDocument believes that there is no value for the property. This value should only be used if there is sufficient evidence to support this assertion."}}},"DownloadLocationCodeSimpleType":{"xsdnode":"simpleType","name":"DownloadLocationCodeSimpleType","documentation":"A data type for DownloadLocation properties","enumerations":{"Noassertion":{"value":"Noassertion","documentation":"Indicates that the preparer of the SPDX document is not making any assertion regarding the value of this field."},"None":{"value":"None","documentation":"When this value is used as the object of a property it indicates that the preparer of the SpdxDocument believes that there is no value for the property. This value should only be used if there is sufficient evidence to support this assertion."}}},"FileTypeCodeSimpleType":{"xsdnode":"simpleType","name":"FileTypeCodeSimpleType","documentation":"A data type for FileType properties","enumerations":{"FileTypeApplication":{"value":"FileTypeApplication","documentation":"The file is associated with a specific application type (MIME type of application/* )"},"FileTypeArchive":{"value":"FileTypeArchive","documentation":"Indicates the file is an archive file."},"FileTypeAudio":{"value":"FileTypeAudio","documentation":"The file is associated with an audio file (MIME type of audio/* , ie. .mp3 ); IMAGE if the file is assoicated with an picture image file (MIME type of image/*, ie. .jpg, .gif )"},"FileTypeBinary":{"value":"FileTypeBinary","documentation":"Indicates the file is not a text file. spdx:filetype_archive is preferred for archive files even though they are binary."},"FileTypeDocumentation":{"value":"FileTypeDocumentation","documentation":"The file serves as documentation."},"FileTypeImage":{"value":"FileTypeImage","documentation":"The file is assoicated with an picture image file (MIME type of image/*, ie. .jpg, .gif )."},"FileTypeOther":{"value":"FileTypeOther","documentation":"Indicates the file is not a source, archive or binary file."},"FileTypeSource":{"value":"FileTypeSource","documentation":"Indicates the file is a source code file."},"FileTypeSpdx":{"value":"FileTypeSpdx","documentation":"The file is an SPDX document."},"FileTypeText":{"value":"FileTypeText","documentation":"The file is human readable text file (MIME type of text/*)."},"FileTypeVideo":{"value":"FileTypeVideo","documentation":"The file is associated with a video file type (MIME type of video/*)."}}},"LicenseConcludedCodeSimpleType":{"xsdnode":"simpleType","name":"LicenseConcludedCodeSimpleType","documentation":"A data type for LicenseConcluded properties","enumerations":{"Noassertion":{"value":"Noassertion","documentation":"Indicates that the preparer of the SPDX document is not making any assertion regarding the value of this field."},"None":{"value":"None","documentation":"When this value is used as the object of a property it indicates that the preparer of the SpdxDocument believes that there is no value for the property. This value should only be used if there is sufficient evidence to support this assertion."}}},"LicenseDeclaredCodeSimpleType":{"xsdnode":"simpleType","name":"LicenseDeclaredCodeSimpleType","documentation":"A data type for LicenseDeclared properties","enumerations":{"Noassertion":{"value":"Noassertion","documentation":"Indicates that the preparer of the SPDX document is not making any assertion regarding the value of this field."},"None":{"value":"None","documentation":"When this value is used as the object of a property it indicates that the preparer of the SpdxDocument believes that there is no value for the property. This value should only be used if there is sufficient evidence to support this assertion."}}},"LicenseInfoFromFilesCodeSimpleType":{"xsdnode":"simpleType","name":"LicenseInfoFromFilesCodeSimpleType","documentation":"A data type for LicenseInfoFromFiles properties","enumerations":{"Noassertion":{"value":"Noassertion","documentation":"Indicates that the preparer of the SPDX document is not making any assertion regarding the value of this field."},"None":{"value":"None","documentation":"When this value is used as the object of a property it indicates that the preparer of the SpdxDocument believes that there is no value for the property. This value should only be used if there is sufficient evidence to support this assertion."}}},"ReferenceCategoryCodeSimpleType":{"xsdnode":"simpleType","name":"ReferenceCategoryCodeSimpleType","documentation":"A data type for ReferenceCategory properties","enumerations":{"ReferenceCategoryOther":{"value":"ReferenceCategoryOther","documentation":"Reference Category"},"ReferenceCategoryPackageManager":{"value":"ReferenceCategoryPackageManager","documentation":"Reference Category"},"ReferenceCategorySecurity":{"value":"ReferenceCategorySecurity","documentation":"Reference Category"}}},"RelationshipTypeCodeSimpleType":{"xsdnode":"simpleType","name":"RelationshipTypeCodeSimpleType","documentation":"A data type for RelationshipType properties","enumerations":{"RelationshipTypeAmendment":{"value":"RelationshipTypeAmendment","documentation":"To be used when SPDXRef-A amends the SPDX information in SPDXRef-B."},"RelationshipTypeAncestorOf":{"value":"RelationshipTypeAncestorOf","documentation":"A Relationship of relationshipType_ancestorOf expresses that an SPDXElement is an ancestor of (same lineage but pre-dates) the relatedSPDXElement. For example, an upstream File is an ancestor of a modified downstream File"},"RelationshipTypeBuildToolOf":{"value":"RelationshipTypeBuildToolOf","documentation":"To be used when SPDXRef-A is used to to build SPDXRef-B."},"RelationshipTypeContainedBy":{"value":"RelationshipTypeContainedBy","documentation":"A Relationship of relationshipType_containedBy expresses that an SPDXElement is contained by the relatedSPDXElement. For example, a File contained by a Package."},"RelationshipTypeContains":{"value":"RelationshipTypeContains","documentation":"A Relationship of relationshipType_contains expresses that an SPDXElement contains the relatedSPDXElement. For example, a Package contains a File. (relationshipType_contains introduced in SPDX 2.0 deprecates property 'hasFile' from SPDX 1.2)"},"RelationshipTypeCopyOf":{"value":"RelationshipTypeCopyOf","documentation":"A Relationship of relationshipType_copyOf expresses that the SPDXElement is an exact copy of the relatedSDPXElement. For example, a downstream distribution of a binary library which was copied from the upstream package."},"RelationshipTypeDataFileOf":{"value":"RelationshipTypeDataFileOf","documentation":"Is to be used when SPDXRef-A is a data file used in SPDXRef-B."},"RelationshipTypeDescendantOf":{"value":"RelationshipTypeDescendantOf","documentation":"A Relationship of relationshipType_descendantOf expresses that an SPDXElement is a descendant of (same lineage but post-dates) the relatedSPDXElement. For example, an downstream File that was modified is a descendant of an upstream File"},"RelationshipTypeDescribedBy":{"value":"RelationshipTypeDescribedBy","documentation":"Is to be used an SPDXRef-A is described by SPDXRef-Document."},"RelationshipTypeDescribes":{"value":"RelationshipTypeDescribes","documentation":"Is to be used when SPDXRef-DOCUMENT describes SPDXRef-A."},"RelationshipTypeDistributionArtifact":{"value":"RelationshipTypeDistributionArtifact","documentation":"A Relationship of relationshipType_distributionArtifact expresses that distributing the SPDXElement requires that the relatedSPDXElement also be distributed. For example, distributing a binary File may require that a source tarball (another File) be made available with the distribuiton."},"RelationshipTypeDocumentation":{"value":"RelationshipTypeDocumentation","documentation":"To be used when SPDXRef-A provides documentation of SPDXRef-B."},"RelationshipTypeDynamicLink":{"value":"RelationshipTypeDynamicLink","documentation":"Is to be used when SPDXRef-A dynamically links to SPDXRef-B."},"RelationshipTypeExpandedFromArchive":{"value":"RelationshipTypeExpandedFromArchive","documentation":"A Relationship of relationshipType_expandedFromArchive expresses that the SPDXElement is a file which was epanded from a relatedSPDXElement file. For example, if there is an archive file xyz.tar.gz containing a file foo.c the archive file was expanded in a directory arch/xyz, the file arch/xyz/foo.c would have a relationshipType_expandedFromArchive with the file xyz.tar.gz."},"RelationshipTypeFileAdded":{"value":"RelationshipTypeFileAdded","documentation":"A Relationship of relationshipType_fileAdded expresses that the SPDXElement is a file which has been added to the relatedSPDXElement package. For example, a package (the relatedSPDXElement) has been patched to remove a file (the SPDXElement). This relationship is typically used to express the result of a patched package when the actual patchfile is not present."},"RelationshipTypeFileDeleted":{"value":"RelationshipTypeFileDeleted","documentation":"A Relationship of relationshipType_fileDeleted expresses that the SPDXElement is a package where the relatedSPDXElement file has been removed. For example, a package has been patched to remove a file a file (the relatedSPDXElement resulting in the patched package (the SPDXElement). This relationship is typically used to express the result of a patched package when the actual patchfile is not present."},"RelationshipTypeFileModified":{"value":"RelationshipTypeFileModified","documentation":"A Relationship of relationshipType_fileModified expresses that the SPDXElement is a file which is a modified version of the relatedSPDXElement file. For example, a file (the SPDXElement) has been patched to modify the contents of the original file (the SPDXElement). This relationship is typically used to express the result of a patched package when the actual patchfile is not present."},"RelationshipTypeGeneratedFrom":{"value":"RelationshipTypeGeneratedFrom","documentation":"A Relationship of relationshipType_generatedFrom expresses that an SPDXElement was generated from the relatedSPDXElement. For example, a binary File might have been generated from a source File."},"RelationshipTypeGenerates":{"value":"RelationshipTypeGenerates","documentation":"A Relationship of relationshipType_generates expresses that an SPDXElement generates the relatedSPDXElement. For example, a source File generates a binary File."},"RelationshipTypeHasPrerequisite":{"value":"RelationshipTypeHasPrerequisite","documentation":"Is to be used when SPDXRef-A has as a prerequisite SPDXRef-B."},"RelationshipTypeMetafileOf":{"value":"RelationshipTypeMetafileOf","documentation":"To be used when SPDXRef-A is a metafile of SPDXRef-B."},"RelationshipTypeOptionalComponentOf":{"value":"RelationshipTypeOptionalComponentOf","documentation":"To be used when SPDXRef-A is an optional component of SPDXRef-B."},"RelationshipTypeOther":{"value":"RelationshipTypeOther","documentation":"to be used for a relationship which has not been defined in the formal SPDX specification. A description of the relationship should be included in the Relationship comments field."},"RelationshipTypePackageOf":{"value":"RelationshipTypePackageOf","documentation":"To be used when SPDXRef-A is used as a package as part of SPDXRef-B."},"RelationshipTypePatchApplied":{"value":"RelationshipTypePatchApplied","documentation":"A Relationship of relationshipType_patchApplied expresses that the SPDXElement is a 'patchfile' that was applied and produced the relatedSPDXElement. For example, a .diff File relates to a specific file where the diff was applied."},"RelationshipTypePatchFor":{"value":"RelationshipTypePatchFor","documentation":"A Relationship of relationshipType_patchFor expresses that the SPDXElement is a 'patchfile' that is designed to patch (apply modifications to) the relatedSPDXElement. For example, relationship from a .diff File to a Package it is designed to patch."},"RelationshipTypePrerequisiteFor":{"value":"RelationshipTypePrerequisiteFor","documentation":"Is to be used when SPDXRef-A is a prerequisite for SPDXRef-B"},"RelationshipTypeStaticLink":{"value":"RelationshipTypeStaticLink","documentation":"Is to be used when SPDXRef-A statically links to SPDXRef-B."},"RelationshipTypeTestcaseOf":{"value":"RelationshipTypeTestcaseOf","documentation":"Is to be used when SPDXRef-A is a test case used in testing SPDXRef-B."},"RelationshipTypeVariantOf":{"value":"RelationshipTypeVariantOf","documentation":"A Relationship of relationshipType_variantOf expresses that an SPDXElement is a variant of the relatedSPDXElement, but it is not clear which came first. For example, if the content of two Files differs by some edit, but there is no way to tell which came first (no reliable date information), then one File is a variant of the other File."}}},"AlgorithmCodeType":{"xsdnode":"complexType","name":"AlgorithmCodeType","documentation":"A data type for Algorithm properties","datatype":"AlgorithmCodeSimpleType"},"AnnotationDateType":{"xsdnode":"complexType","name":"AnnotationDateType","documentation":"A data type for Identify when the comment was made. This is to be specified according to the combined date and time in the UTC format, as specified in the ISO 8601 standard.","datatype":"dateTime"},"AnnotationType":{"xsdnode":"complexType","name":"AnnotationType","documentation":"A data type for Annotation type","sequence":{"Date":{"xsdnode":"element","ref":"Date","minOccurs":"1","maxOccurs":"1"},"AnnotationTypeCode":{"xsdnode":"element","ref":"AnnotationTypeCode"},"CommentText":{"xsdnode":"element","ref":"CommentText","minOccurs":"1","maxOccurs":"1"},"AnnotatorText":{"xsdnode":"element","ref":"AnnotatorText","minOccurs":"1","maxOccurs":"1"},"AnnotationAugmentationPoint":{"xsdnode":"element","ref":"AnnotationAugmentationPoint","minOccurs":"0","maxOccurs":"unbounded"}}},"AnnotationTypeCodeType":{"xsdnode":"complexType","name":"AnnotationTypeCodeType","documentation":"A data type for AnnotationType properties","datatype":"AnnotationTypeCodeSimpleType"},"AnnotatorTextType":{"xsdnode":"complexType","name":"AnnotatorTextType","documentation":"A data type for This field identifies the person, organization or tool that has commented on a file, package, or entire document.","datatype":"string"},"AnyLicenseInfoType":{"xsdnode":"complexType","name":"AnyLicenseInfoType","documentation":"A data type for AnyLicenseInfo type","sequence":{"AnyLicenseInfoAugmentationPoint":{"xsdnode":"element","ref":"AnyLicenseInfoAugmentationPoint","minOccurs":"0","maxOccurs":"unbounded"}}},"ByteOffsetPointerType":{"xsdnode":"complexType","name":"ByteOffsetPointerType","documentation":"A data type for ByteOffsetPointer type","sequence":{"ByteOffsetPointerAugmentationPoint":{"xsdnode":"element","ref":"ByteOffsetPointerAugmentationPoint","minOccurs":"0","maxOccurs":"unbounded"}}},"ChecksumType":{"xsdnode":"complexType","name":"ChecksumType","documentation":"A data type for Checksum type","sequence":{"ChecksumValue":{"xsdnode":"element","ref":"ChecksumValue","minOccurs":"1","maxOccurs":"1"},"AlgorithmCode":{"xsdnode":"element","ref":"AlgorithmCode"},"ChecksumAugmentationPoint":{"xsdnode":"element","ref":"ChecksumAugmentationPoint","minOccurs":"0","maxOccurs":"unbounded"}}},"ChecksumValueType":{"xsdnode":"complexType","name":"ChecksumValueType","documentation":"A data type for The checksumValue property provides a lower case hexidecimal encoded digest value produced using a specific algorithm.","datatype":"hexBinary"},"CommentTextType":{"xsdnode":"complexType","name":"CommentTextType","documentation":"A data type for CommentText"},"CompoundPointerType":{"xsdnode":"complexType","name":"CompoundPointerType","documentation":"A data type for CompoundPointer type","sequence":{"CompoundPointerAugmentationPoint":{"xsdnode":"element","ref":"CompoundPointerAugmentationPoint","minOccurs":"0","maxOccurs":"unbounded"}}},"ConjunctiveLicenseSetType":{"xsdnode":"complexType","name":"ConjunctiveLicenseSetType","documentation":"A data type for ConjunctiveLicenseSet type","sequence":{"Member":{"xsdnode":"element","ref":"Member","minOccurs":"2","maxOccurs":"unbounded"},"ConjunctiveLicenseSetAugmentationPoint":{"xsdnode":"element","ref":"ConjunctiveLicenseSetAugmentationPoint","minOccurs":"0","maxOccurs":"unbounded"}}},"ContainerType":{"xsdnode":"complexType","name":"ContainerType","documentation":"A data type for Container type","sequence":{"ContainerAugmentationPoint":{"xsdnode":"element","ref":"ContainerAugmentationPoint","minOccurs":"0","maxOccurs":"unbounded"}}},"ContextualExampleTextType":{"xsdnode":"complexType","name":"ContextualExampleTextType","documentation":"A data type for Example for use of the external repository identifier","datatype":"string"},"CopyrightTextCodeType":{"xsdnode":"complexType","name":"CopyrightTextCodeType","documentation":"A data type for CopyrightText properties","datatype":"CopyrightTextCodeSimpleType"},"CopyrightTextType":{"xsdnode":"complexType","name":"CopyrightTextType","documentation":"A data type for The text of copyright declarations recited in the Package or File.","datatype":"string"},"CreatedDateTimeType":{"xsdnode":"complexType","name":"CreatedDateTimeType","documentation":"A data type for The date and time at which the SpdxDocument was created. This value must in UTC and have 'Z' as its timezone indicator.","datatype":"dateTime"},"CreationInfoType":{"xsdnode":"complexType","name":"CreationInfoType","documentation":"A data type for CreationInfo type","sequence":{"LicenseListVersionText":{"xsdnode":"element","ref":"LicenseListVersionText","minOccurs":"0"},"CreatedDateTime":{"xsdnode":"element","ref":"CreatedDateTime","minOccurs":"1","maxOccurs":"1"},"CommentText":{"xsdnode":"element","ref":"CommentText","minOccurs":"0"},"CreatorText":{"xsdnode":"element","ref":"CreatorText","minOccurs":"1"},"CreationInfoAugmentationPoint":{"xsdnode":"element","ref":"CreationInfoAugmentationPoint","minOccurs":"0","maxOccurs":"unbounded"}}},"CreatorTextType":{"xsdnode":"complexType","name":"CreatorTextType","documentation":"A data type for The name and, optionally, contact information of a person, organization or tool that created, or was used to create, the SpdxDocument. Values of this property must conform to the agent and tool syntax.","datatype":"string"},"DateType":{"xsdnode":"complexType","name":"DateType","documentation":"A data type for A date-time stamp.","datatype":"dateTime"},"DescriptionTextType":{"xsdnode":"complexType","name":"DescriptionTextType","documentation":"A data type for Provides a detailed description of the package.","datatype":"string"},"DisjunctiveLicenseSetType":{"xsdnode":"complexType","name":"DisjunctiveLicenseSetType","documentation":"A data type for DisjunctiveLicenseSet type","sequence":{"Member":{"xsdnode":"element","ref":"Member","minOccurs":"2","maxOccurs":"unbounded"},"DisjunctiveLicenseSetAugmentationPoint":{"xsdnode":"element","ref":"DisjunctiveLicenseSetAugmentationPoint","minOccurs":"0","maxOccurs":"unbounded"}}},"DocumentationURIType":{"xsdnode":"complexType","name":"DocumentationURIType","documentation":"A data type for Website containing the documentation related to the repository identifier","datatype":"anyURI"},"DownloadLocationCodeType":{"xsdnode":"complexType","name":"DownloadLocationCodeType","documentation":"A data type for DownloadLocation properties","datatype":"DownloadLocationCodeSimpleType"},"DownloadLocationURIType":{"xsdnode":"complexType","name":"DownloadLocationURIType","documentation":"A data type for The URI at which this package is available for download. Private (i.e., not publicly reachable) URIs are acceptable as values of this property. The values http://spdx.org/rdf/terms#none and http://spdx.org/rdf/terms#noassertion may be used to specify that the package is not downloadable or that no attempt was made to determine its download location, respectively.","datatype":"anyURI"},"ExampleTextType":{"xsdnode":"complexType","name":"ExampleTextType","documentation":"A data type for Text for examples in describing an SPDX element.","datatype":"string"},"ExternalDocumentIDType":{"xsdnode":"complexType","name":"ExternalDocumentIDType","documentation":"A data type for externalDocumentId is a string containing letters, numbers, “.”, “-” or “+” which uniquely identifies an external document within this document.","datatype":"string"},"ExternalDocumentRefType":{"xsdnode":"complexType","name":"ExternalDocumentRefType","documentation":"A data type for ExternalDocumentRef type","sequence":{"Checksum":{"xsdnode":"element","ref":"Checksum","minOccurs":"1","maxOccurs":"1"},"ExternalDocumentID":{"xsdnode":"element","ref":"ExternalDocumentID","minOccurs":"1","maxOccurs":"1"},"SpdxDocument":{"xsdnode":"element","ref":"SpdxDocument","minOccurs":"1","maxOccurs":"1"},"ExternalDocumentRefAugmentationPoint":{"xsdnode":"element","ref":"ExternalDocumentRefAugmentationPoint","minOccurs":"0","maxOccurs":"unbounded"}}},"ExternalRefType":{"xsdnode":"complexType","name":"ExternalRefType","documentation":"A data type for ExternalRef type","sequence":{"CommentText":{"xsdnode":"element","ref":"CommentText","maxOccurs":"1"},"ReferenceLocatorText":{"xsdnode":"element","ref":"ReferenceLocatorText","minOccurs":"1","maxOccurs":"1"},"ReferenceID":{"xsdnode":"element","ref":"ReferenceID","minOccurs":"1","maxOccurs":"1"},"ReferenceCategoryCode":{"xsdnode":"element","ref":"ReferenceCategoryCode"},"ExternalRefAugmentationPoint":{"xsdnode":"element","ref":"ExternalRefAugmentationPoint","minOccurs":"0","maxOccurs":"unbounded"}}},"ExternalReferenceSiteURIType":{"xsdnode":"complexType","name":"ExternalReferenceSiteURIType","documentation":"A data type for Website for the maintainers of the external reference site","datatype":"anyURI"},"ExtractedLicenseInfoType":{"xsdnode":"complexType","name":"ExtractedLicenseInfoType","documentation":"A data type for ExtractedLicenseInfo type","sequence":{"ExtractedText":{"xsdnode":"element","ref":"ExtractedText","minOccurs":"1","maxOccurs":"1"},"ExtractedLicenseInfoAugmentationPoint":{"xsdnode":"element","ref":"ExtractedLicenseInfoAugmentationPoint","minOccurs":"0","maxOccurs":"unbounded"}}},"ExtractedTextType":{"xsdnode":"complexType","name":"ExtractedTextType","documentation":"A data type for Verbatim license or licensing notice text that was discovered.","datatype":"string"},"FileContributorTextType":{"xsdnode":"complexType","name":"FileContributorTextType","documentation":"A data type for This field provides a place for the SPDX file creator to record file contributors. Contributors could include names of copyright holders and/or authors who may not be copyright holders yet contributed to the file content.","datatype":"string"},"FileNameType":{"xsdnode":"complexType","name":"FileNameType","documentation":"A data type for The name of the file relative to the root of the package.","datatype":"string"},"FileType":{"xsdnode":"complexType","name":"FileType","documentation":"A data type for File type","sequence":{"NoticeText":{"xsdnode":"element","ref":"NoticeText","maxOccurs":"1"},"FileContributorText":{"xsdnode":"element","ref":"FileContributorText","minOccurs":"0"},"FileName":{"xsdnode":"element","ref":"FileName","minOccurs":"1","maxOccurs":"1"},"FileTypeCode":{"xsdnode":"element","ref":"FileTypeCode"},"Checksum":{"xsdnode":"element","ref":"Checksum","minOccurs":"1"},"FileAugmentationPoint":{"xsdnode":"element","ref":"FileAugmentationPoint","minOccurs":"0","maxOccurs":"unbounded"}}},"FileTypeCodeType":{"xsdnode":"complexType","name":"FileTypeCodeType","documentation":"A data type for FileType properties","datatype":"FileTypeCodeSimpleType"},"FilesAnalyzedIndicatorType":{"xsdnode":"complexType","name":"FilesAnalyzedIndicatorType","documentation":"A data type for Indicates whether the file content of this package has been available for or subjected to analysis when creating the SPDX document. If “false” indicates packages that represent metadata or URI references to a project, product, artifact, distribution or a component. If set to “false”, the package must not contain any files.","datatype":"boolean"},"HomepageURIType":{"xsdnode":"complexType","name":"HomepageURIType","documentation":"A data type for HomepageURI","datatype":"anyURI"},"IsDeprecatedLicenseIDType":{"xsdnode":"complexType","name":"IsDeprecatedLicenseIDType","documentation":"A data type that indicates if the license id is Deprecated.","datatype":"boolean"},"IsFsfLibreType":{"xsdnode":"complexType","name":"IsFsfLibreType","documentation":"A data type to indicate if the license is is FSF Libre.","datatype":"boolean"},"IsOsiApprovedIndicatorType":{"xsdnode":"complexType","name":"IsOsiApprovedIndicatorType","documentation":"A data type for Indicates if the OSI has approved the license.","datatype":"boolean"},"LicenseCommentsTextType":{"xsdnode":"complexType","name":"LicenseCommentsTextType","documentation":"A data type for he licenseComments property allows the preparer of the SPDX document to describe why the licensing in spdx:licenseConcluded was chosen.","datatype":"string"},"LicenseConcludedCodeType":{"xsdnode":"complexType","name":"LicenseConcludedCodeType","documentation":"A data type for LicenseConcluded properties","datatype":"LicenseConcludedCodeSimpleType"},"LicenseDeclaredCodeType":{"xsdnode":"complexType","name":"LicenseDeclaredCodeType","documentation":"A data type for LicenseDeclared properties","datatype":"LicenseDeclaredCodeSimpleType"},"LicenseExceptionIDType":{"xsdnode":"complexType","name":"LicenseExceptionIDType","documentation":"A data type for short form license exception identifier in Appendix I.2 of the SPDX specification.","datatype":"string"},"LicenseExceptionTextType":{"xsdnode":"complexType","name":"LicenseExceptionTextType","documentation":"A data type for Full text of the license exception.","datatype":"string"},"LicenseExceptionType":{"xsdnode":"complexType","name":"LicenseExceptionType","documentation":"A data type for LicenseException type","sequence":{"LicenseExceptionText":{"xsdnode":"element","ref":"LicenseExceptionText","minOccurs":"1","maxOccurs":"1"},"CommentText":{"xsdnode":"element","ref":"CommentText","minOccurs":"1","maxOccurs":"1"},"ExampleText":{"xsdnode":"element","ref":"ExampleText","maxOccurs":"1"},"Name":{"xsdnode":"element","ref":"Name","minOccurs":"1","maxOccurs":"1"},"SeeAlsoURI":{"xsdnode":"element","ref":"SeeAlsoURI","minOccurs":"0"},"LicenseExceptionID":{"xsdnode":"element","ref":"LicenseExceptionID","minOccurs":"1","maxOccurs":"1"},"LicenseExceptionAugmentationPoint":{"xsdnode":"element","ref":"LicenseExceptionAugmentationPoint","minOccurs":"0","maxOccurs":"unbounded"}}},"LicenseIDType":{"xsdnode":"complexType","name":"LicenseIDType","documentation":"A data type for A human readable short form license identifier for a license. The license ID is iether on the standard license oist or the form \"LicenseRef-\"[idString] where [idString] is a unique string containing letters, numbers, \".\", \"-\" or \"+\".","datatype":"string"},"LicenseInfoFromFilesCodeType":{"xsdnode":"complexType","name":"LicenseInfoFromFilesCodeType","documentation":"A data type for LicenseInfoFromFiles properties","datatype":"LicenseInfoFromFilesCodeSimpleType"},"LicenseListVersionTextType":{"xsdnode":"complexType","name":"LicenseListVersionTextType","documentation":"A data type for An optional field for creators of the SPDX file to provide the version of the SPDX License List used when the SPDX file was created.","datatype":"string"},"LicenseTextType":{"xsdnode":"complexType","name":"LicenseTextType","documentation":"A data type for Full text of the license.","datatype":"string"},"LicenseType":{"xsdnode":"complexType","name":"LicenseType","documentation":"A data type for License type","sequence":{"IsDeprecatedLicenseID":{"xsdnode":"element","ref":"IsDeprecatedLicenseID","minOccurs":"0"},"IsOsiApprovedIndicator":{"xsdnode":"element","ref":"IsOsiApprovedIndicator","minOccurs":"1"},"IsFsfLibreIndicator":{"xsdnode":"element","ref":"IsFsfLibreIndicator","minOccurs":"0"},"StandardLicenseHeader":{"xsdnode":"element","ref":"StandardLicenseHeader","minOccurs":"0"},"LicenseText":{"xsdnode":"element","ref":"LicenseText","minOccurs":"1"},"StandardLicenseTemplate":{"xsdnode":"element","ref":"StandardLicenseTemplate","minOccurs":"1"},"LicenseAugmentationPoint":{"xsdnode":"element","ref":"LicenseAugmentationPoint","minOccurs":"0","maxOccurs":"unbounded"}}},"LineCharPointerType":{"xsdnode":"complexType","name":"LineCharPointerType","documentation":"A data type for LineCharPointer type","sequence":{"LineCharPointerAugmentationPoint":{"xsdnode":"element","ref":"LineCharPointerAugmentationPoint","minOccurs":"0","maxOccurs":"unbounded"}}},"LineNumberNumericType":{"xsdnode":"complexType","name":"LineNumberNumericType","documentation":"A data type for Line number within the reference starting at one.","datatype":"positiveInteger"},"ListedLicenseType":{"xsdnode":"complexType","name":"ListedLicenseType","documentation":"A data type for ListedLicense type","sequence":{"ListedLicenseAugmentationPoint":{"xsdnode":"element","ref":"ListedLicenseAugmentationPoint","minOccurs":"0","maxOccurs":"unbounded"}}},"LocatorFormatTextType":{"xsdnode":"complexType","name":"LocatorFormatTextType","documentation":"A data type for Regular expression for the format of the external repository identifier","datatype":"string"},"NameType":{"xsdnode":"complexType","name":"NameType","documentation":"A data type for The full human readable name of the item. This should include version information when applicable.","datatype":"string"},"NoticeTextType":{"xsdnode":"complexType","name":"NoticeTextType","documentation":"A data type for This field provides a place for the SPDX file creator to record potential legal notices found in the file. This may or may not include copyright statements.","datatype":"string"},"OffsetNumericType":{"xsdnode":"complexType","name":"OffsetNumericType","documentation":"A data type for Offset from the start of the reference.","datatype":"positiveInteger"},"OffsetPointerType":{"xsdnode":"complexType","name":"OffsetPointerType","documentation":"A data type for OffsetPointer type","sequence":{"OffsetPointerAugmentationPoint":{"xsdnode":"element","ref":"OffsetPointerAugmentationPoint","minOccurs":"0","maxOccurs":"unbounded"}}},"OrLaterOperatorType":{"xsdnode":"complexType","name":"OrLaterOperatorType","documentation":"A data type for OrLaterOperator type","sequence":{"Member":{"xsdnode":"element","ref":"Member","minOccurs":"1","maxOccurs":"1"},"OrLaterOperatorAugmentationPoint":{"xsdnode":"element","ref":"OrLaterOperatorAugmentationPoint","minOccurs":"0","maxOccurs":"unbounded"}}},"OriginatorTextType":{"xsdnode":"complexType","name":"OriginatorTextType","documentation":"A data type for The name and, optionally, contact information of the person or organization that originally created the package. Values of this property must conform to the agent and tool syntax.","datatype":"string"},"PackageFileNameType":{"xsdnode":"complexType","name":"PackageFileNameType","documentation":"A data type for The base name of the package file name. For example, zlib-1.2.5.tar.gz.","datatype":"string"},"PackageNameType":{"xsdnode":"complexType","name":"PackageNameType","documentation":"A data type for Identify the full name of the package as given by Package Originator.","datatype":"string"},"PackageType":{"xsdnode":"complexType","name":"PackageType","documentation":"A data type for Package type","sequence":{"ExternalRef":{"xsdnode":"element","ref":"ExternalRef","minOccurs":"0"},"PackageFileName":{"xsdnode":"element","ref":"PackageFileName","minOccurs":"1","maxOccurs":"1"},"FilesAnalyzedIndicator":{"xsdnode":"element","ref":"FilesAnalyzedIndicator","maxOccurs":"1"},"DescriptionText":{"xsdnode":"element","ref":"DescriptionText","maxOccurs":"1"},"HomepageURI":{"xsdnode":"element","ref":"HomepageURI","maxOccurs":"1"},"OriginatorText":{"xsdnode":"element","ref":"OriginatorText","maxOccurs":"1"},"DownloadLocationURI":{"xsdnode":"element","ref":"DownloadLocationURI","minOccurs":"1","maxOccurs":"1"},"SourceInfoText":{"xsdnode":"element","ref":"SourceInfoText","maxOccurs":"1"},"SupplierText":{"xsdnode":"element","ref":"SupplierText","maxOccurs":"1"},"PackageVerificationCode":{"xsdnode":"element","ref":"PackageVerificationCode","minOccurs":"1","maxOccurs":"1"},"LicenseDeclaredCode":{"xsdnode":"element","ref":"LicenseDeclaredCode"},"VersionInfoText":{"xsdnode":"element","ref":"VersionInfoText","maxOccurs":"1"},"SummaryText":{"xsdnode":"element","ref":"SummaryText","maxOccurs":"1"},"Checksum":{"xsdnode":"element","ref":"Checksum","maxOccurs":"1"},"PackageAugmentationPoint":{"xsdnode":"element","ref":"PackageAugmentationPoint","minOccurs":"0","maxOccurs":"unbounded"}}},"PackageVerificationCodeType":{"xsdnode":"complexType","name":"PackageVerificationCodeType","documentation":"A data type for PackageVerificationCode type","sequence":{"PackageVerificationCodeValue":{"xsdnode":"element","ref":"PackageVerificationCodeValue","minOccurs":"1","maxOccurs":"1"},"VerificationCodeExcludedFileText":{"xsdnode":"element","ref":"VerificationCodeExcludedFileText","minOccurs":"0"},"PackageVerificationCodeAugmentationPoint":{"xsdnode":"element","ref":"PackageVerificationCodeAugmentationPoint","minOccurs":"0","maxOccurs":"unbounded"}}},"PackageVerificationCodeValueType":{"xsdnode":"complexType","name":"PackageVerificationCodeValueType","documentation":"A data type for The actual package verification code as a hex encoded value.","datatype":"hexBinary"},"PointerType":{"xsdnode":"complexType","name":"PointerType","documentation":"A data type for Pointer type","sequence":{"PointerAugmentationPoint":{"xsdnode":"element","ref":"PointerAugmentationPoint","minOccurs":"0","maxOccurs":"unbounded"}}},"ProjectType":{"xsdnode":"complexType","name":"ProjectType","documentation":"A data type for Project type","sequence":{"ProjectAugmentationPoint":{"xsdnode":"element","ref":"ProjectAugmentationPoint","minOccurs":"0","maxOccurs":"unbounded"}}},"ReferenceCategoryCodeType":{"xsdnode":"complexType","name":"ReferenceCategoryCodeType","documentation":"A data type for ReferenceCategory properties","datatype":"ReferenceCategoryCodeSimpleType"},"ReferenceIDType":{"xsdnode":"complexType","name":"ReferenceIDType","documentation":"A data type for ReferenceID type","sequence":{"ExternalReferenceSiteURI":{"xsdnode":"element","ref":"ExternalReferenceSiteURI","minOccurs":"1","maxOccurs":"1"},"ContextualExampleText":{"xsdnode":"element","ref":"ContextualExampleText","minOccurs":"1","maxOccurs":"1"},"DocumentationURI":{"xsdnode":"element","ref":"DocumentationURI","minOccurs":"1","maxOccurs":"1"},"ReferenceIDAugmentationPoint":{"xsdnode":"element","ref":"ReferenceIDAugmentationPoint","minOccurs":"0","maxOccurs":"unbounded"}}},"ReferenceLocatorTextType":{"xsdnode":"complexType","name":"ReferenceLocatorTextType","documentation":"A data type for The unique string with no spaces necessary to access the package-specific information, metadata, or content within the target location. The format of the locator is subject to constraints defined by the <type>.","datatype":"string"},"ReferenceType":{"xsdnode":"complexType","name":"ReferenceType","documentation":"A data type for Scope within which a single pointer operates.","datatype":"string"},"RelationshipType":{"xsdnode":"complexType","name":"RelationshipType","documentation":"A data type for Relationship type","sequence":{"RelationshipTypeCode":{"xsdnode":"element","ref":"RelationshipTypeCode"},"CommentText":{"xsdnode":"element","ref":"CommentText","maxOccurs":"1"},"RelatedSpdxElement":{"xsdnode":"element","ref":"RelatedSpdxElement","minOccurs":"1","maxOccurs":"1"},"RelationshipAugmentationPoint":{"xsdnode":"element","ref":"RelationshipAugmentationPoint","minOccurs":"0","maxOccurs":"unbounded"}}},"RelationshipTypeCodeType":{"xsdnode":"complexType","name":"RelationshipTypeCodeType","documentation":"A data type for RelationshipType properties","datatype":"RelationshipTypeCodeSimpleType"},"SeeAlsoURIType":{"xsdnode":"complexType","name":"SeeAlsoURIType","documentation":"A data type for rdfs:seeAlso is an instance of rdf:Property that is used to indicate a resource that might provide additional information about the subject resource."},"SimpleLicensingInfoType":{"xsdnode":"complexType","name":"SimpleLicensingInfoType","documentation":"A data type for SimpleLicensingInfo type","sequence":{"LicenseID":{"xsdnode":"element","ref":"LicenseID","minOccurs":"1","maxOccurs":"1"},"CommentText":{"xsdnode":"element","ref":"CommentText","maxOccurs":"1"},"SeeAlsoURI":{"xsdnode":"element","ref":"SeeAlsoURI","minOccurs":"0"},"Name":{"xsdnode":"element","ref":"Name","minOccurs":"1","maxOccurs":"1"},"SimpleLicensingInfoAugmentationPoint":{"xsdnode":"element","ref":"SimpleLicensingInfoAugmentationPoint","minOccurs":"0","maxOccurs":"unbounded"}}},"SinglePointerType":{"xsdnode":"complexType","name":"SinglePointerType","documentation":"A data type for SinglePointer type","sequence":{"SinglePointerAugmentationPoint":{"xsdnode":"element","ref":"SinglePointerAugmentationPoint","minOccurs":"0","maxOccurs":"unbounded"}}},"SnippetNameType":{"xsdnode":"complexType","name":"SnippetNameType","documentation":"A data type to name specific snippet in a human convenient manner","datatype":"string"},"SnippetType":{"xsdnode":"complexType","name":"SnippetType","documentation":"A data type for Snippet type","sequence":{"SnippetFromFile":{"xsdnode":"element","ref":"SnippetFromFile","minOccurs":"1","maxOccurs":"1"},"Range":{"xsdnode":"element","ref":"Range","minOccurs":"1","maxOccurs":"1"},"SnippetAugmentationPoint":{"xsdnode":"element","ref":"SnippetAugmentationPoint","minOccurs":"0","maxOccurs":"unbounded"}}},"SourceInfoTextType":{"xsdnode":"complexType","name":"SourceInfoTextType","documentation":"A data type for Allows the producer(s) of the SPDX document to describe how the package was acquired and/or changed from the original source.","datatype":"string"},"SpdxDocumentType":{"xsdnode":"complexType","name":"SpdxDocumentType","documentation":"A data type for SpdxDocument type","sequence":{"DescribesPackage":{"xsdnode":"element","ref":"DescribesPackage","minOccurs":"0"},"DescribesFile":{"xsdnode":"element","ref":"DescribesFile","minOccurs":"0"},"HasExtractedLicensingInfo":{"xsdnode":"element","ref":"HasExtractedLicensingInfo","minOccurs":"0"},"CreationInfo":{"xsdnode":"element","ref":"CreationInfo","minOccurs":"1","maxOccurs":"1"},"SpecVersionText":{"xsdnode":"element","ref":"SpecVersionText","minOccurs":"1","maxOccurs":"1"},"ExternalDocumentRef":{"xsdnode":"element","ref":"ExternalDocumentRef","minOccurs":"0"},"DataLicenseText":{"xsdnode":"element","ref":"DataLicenseText"},"SpdxDocumentAugmentationPoint":{"xsdnode":"element","ref":"SpdxDocumentAugmentationPoint","minOccurs":"0","maxOccurs":"unbounded"}}},"SpdxElementType":{"xsdnode":"complexType","name":"SpdxElementType","documentation":"A data type for SpdxElement type","sequence":{"Annotation":{"xsdnode":"element","ref":"Annotation","minOccurs":"0"},"Name":{"xsdnode":"element","ref":"Name","minOccurs":"1","maxOccurs":"1"},"CommentText":{"xsdnode":"element","ref":"CommentText","maxOccurs":"1"},"Relationship":{"xsdnode":"element","ref":"Relationship","minOccurs":"0"},"SpdxElementAugmentationPoint":{"xsdnode":"element","ref":"SpdxElementAugmentationPoint","minOccurs":"0","maxOccurs":"unbounded"}}},"SpdxItemType":{"xsdnode":"complexType","name":"SpdxItemType","documentation":"A data type for SpdxItem type","sequence":{"LicenseConcludedCode":{"xsdnode":"element","ref":"LicenseConcludedCode"},"CopyrightText":{"xsdnode":"element","ref":"CopyrightText","minOccurs":"1","maxOccurs":"1"},"LicenseInfoFromFiles":{"xsdnode":"element","ref":"LicenseInfoFromFiles","minOccurs":"1"},"LicenseCommentsText":{"xsdnode":"element","ref":"LicenseCommentsText","maxOccurs":"1"},"SpdxItemAugmentationPoint":{"xsdnode":"element","ref":"SpdxItemAugmentationPoint","minOccurs":"0","maxOccurs":"unbounded"}}},"SpecVersionTextType":{"xsdnode":"complexType","name":"SpecVersionTextType","documentation":"A data type for Identifies the version of this specification that was used to produce this SPDX document. The value for this version of the spec is SPDX-1.2. The values SPDX-1.0 and SPDX-1.1 may also be supported by SPDX tools for backwards compatibility purposes.","datatype":"string"},"StandardLicenseHeaderTextType":{"xsdnode":"complexType","name":"StandardLicenseHeaderTextType","documentation":"A data type for License author's preferred text to indicated that a file is covered by the license.","datatype":"string"},"StandardLicenseHeaderType":{"xsdnode":"complexType","name":"StandardLicenseHeaderType","documentation":"A data type for License author's preferred text to indicated that a file is covered by the license.","datatype":"string"},"StandardLicenseTemplateTextType":{"xsdnode":"complexType","name":"StandardLicenseTemplateTextType","documentation":"A data type for License template which describes sections of the license which can be varied. See License Template section of the specification for format information.","datatype":"string"},"StandardLicenseTemplateType":{"xsdnode":"complexType","name":"StandardLicenseTemplateType","documentation":"A data type for License template which describes sections of the license which can be varied. See License Template section of the specification for format\n information.","datatype":"string"},"StartEndPointerType":{"xsdnode":"complexType","name":"StartEndPointerType","documentation":"A data type for StartEndPointer type","sequence":{"StartEndPointerAugmentationPoint":{"xsdnode":"element","ref":"StartEndPointerAugmentationPoint","minOccurs":"0","maxOccurs":"unbounded"}}},"SummaryTextType":{"xsdnode":"complexType","name":"SummaryTextType","documentation":"A data type for Provides a short description of the package.","datatype":"string"},"SupplierTextType":{"xsdnode":"complexType","name":"SupplierTextType","documentation":"A data type for The name and, optionally, contact information of the person or organization who was the immediate supplier of this package to the recipient. The supplier may be different than originator when the software has been repackaged. Values of this property must conform to the agent and tool syntax.","datatype":"string"},"VerificationCodeExcludedFileTextType":{"xsdnode":"complexType","name":"VerificationCodeExcludedFileTextType","documentation":"A data type for A file that was excluded when calculating the package verification code. This is usually a file containing SPDX data regarding the package. If a package contains more than one SPDX file all SPDX files must be excluded from the package verification code. If this is not done it would be impossible to correctly calculate the verification codes in both files.","datatype":"string"},"VersionInfoTextType":{"xsdnode":"complexType","name":"VersionInfoTextType","documentation":"A data type for Provides an indication of the version of the package that is described by this SpdxDocument.","datatype":"string"},"WithExceptionOperatorType":{"xsdnode":"complexType","name":"WithExceptionOperatorType","documentation":"A data type for WithExceptionOperator type","sequence":{"Member":{"xsdnode":"element","ref":"Member","minOccurs":"1","maxOccurs":"1"},"LicenseException":{"xsdnode":"element","ref":"LicenseException","minOccurs":"1","maxOccurs":"1"},"WithExceptionOperatorAugmentationPoint":{"xsdnode":"element","ref":"WithExceptionOperatorAugmentationPoint","minOccurs":"0","maxOccurs":"unbounded"}}},"AlgorithmCode":{"xsdnode":"element","name":"AlgorithmCode","type":"AlgorithmCodeType","nillable":"true","documentation":"A data item for Algorithm properties"},"Annotation":{"xsdnode":"element","name":"Annotation","type":"AnnotationType","nillable":"true","documentation":"A data item for Annotation"},"AnnotationAugmentationPoint":{"xsdnode":"element","name":"AnnotationAugmentationPoint","abstract":"true","documentation":"An augmentation point for Annotation"},"AnnotationDate":{"xsdnode":"element","name":"AnnotationDate","type":"AnnotationDateType","nillable":"true","documentation":"A data type for Identify when the comment was made. This is to be specified according to the combined date and time in the UTC format, as specified in the ISO 8601 standard."},"AnnotationTypeCode":{"xsdnode":"element","name":"AnnotationTypeCode","type":"AnnotationTypeCodeType","nillable":"true","documentation":"A data item for AnnotationType properties"},"AnnotatorText":{"xsdnode":"element","name":"AnnotatorText","type":"AnnotatorTextType","nillable":"true","documentation":"A data type for This field identifies the person, organization or tool that has commented on a file, package, or entire document."},"AnyLicenseInfo":{"xsdnode":"element","name":"AnyLicenseInfo","type":"AnyLicenseInfoType","nillable":"true","documentation":"A data item for AnyLicenseInfo"},"AnyLicenseInfoAugmentationPoint":{"xsdnode":"element","name":"AnyLicenseInfoAugmentationPoint","abstract":"true","documentation":"An augmentation point for AnyLicenseInfo"},"ByteOffsetPointer":{"xsdnode":"element","name":"ByteOffsetPointer","type":"ByteOffsetPointerType","nillable":"true","documentation":"A data item for ByteOffsetPointer"},"ByteOffsetPointerAugmentationPoint":{"xsdnode":"element","name":"ByteOffsetPointerAugmentationPoint","abstract":"true","documentation":"An augmentation point for ByteOffsetPointer"},"Checksum":{"xsdnode":"element","name":"Checksum","type":"ChecksumType","nillable":"true","documentation":"A data item for Checksum"},"ChecksumAugmentationPoint":{"xsdnode":"element","name":"ChecksumAugmentationPoint","abstract":"true","documentation":"An augmentation point for Checksum"},"ChecksumValue":{"xsdnode":"element","name":"ChecksumValue","type":"ChecksumValueType","nillable":"true","documentation":"A data type for The checksumValue property provides a lower case hexidecimal encoded digest value produced using a specific algorithm."},"CommentText":{"xsdnode":"element","name":"CommentText","type":"CommentTextType","nillable":"true","documentation":"A data type for CommentText"},"CompoundPointer":{"xsdnode":"element","name":"CompoundPointer","type":"CompoundPointerType","nillable":"true","documentation":"A data item for CompoundPointer"},"CompoundPointerAugmentationPoint":{"xsdnode":"element","name":"CompoundPointerAugmentationPoint","abstract":"true","documentation":"An augmentation point for CompoundPointer"},"ConjunctiveLicenseSet":{"xsdnode":"element","name":"ConjunctiveLicenseSet","type":"ConjunctiveLicenseSetType","nillable":"true","documentation":"A data item for ConjunctiveLicenseSet"},"ConjunctiveLicenseSetAugmentationPoint":{"xsdnode":"element","name":"ConjunctiveLicenseSetAugmentationPoint","abstract":"true","documentation":"An augmentation point for ConjunctiveLicenseSet"},"Container":{"xsdnode":"element","name":"Container","type":"ContainerType","nillable":"true","documentation":"A data item for Container"},"ContainerAugmentationPoint":{"xsdnode":"element","name":"ContainerAugmentationPoint","abstract":"true","documentation":"An augmentation point for Container"},"ContextualExampleText":{"xsdnode":"element","name":"ContextualExampleText","type":"ContextualExampleTextType","nillable":"true","documentation":"A data type for Example for use of the external repository identifier"},"CopyrightText":{"xsdnode":"element","name":"CopyrightText","type":"CopyrightTextType","nillable":"true","documentation":"A data type for The text of copyright declarations recited in the Package or File."},"CopyrightTextCode":{"xsdnode":"element","name":"CopyrightTextCode","type":"CopyrightTextCodeType","nillable":"true","documentation":"A data item for CopyrightText properties"},"CreatedDateTime":{"xsdnode":"element","name":"CreatedDateTime","type":"CreatedDateTimeType","nillable":"true","documentation":"A data type for The date and time at which the SpdxDocument was created. This value must in UTC and have 'Z' as its timezone indicator."},"CreationInfo":{"xsdnode":"element","name":"CreationInfo","type":"CreationInfoType","nillable":"true","documentation":"A data item for CreationInfo"},"CreationInfoAugmentationPoint":{"xsdnode":"element","name":"CreationInfoAugmentationPoint","abstract":"true","documentation":"An augmentation point for CreationInfo"},"CreatorText":{"xsdnode":"element","name":"CreatorText","type":"CreatorTextType","nillable":"true","documentation":"A data type for The name and, optionally, contact information of a person, organization or tool that created, or was used to create, the SpdxDocument. Values of this property must conform to the agent and tool syntax."},"DataLicenseText":{"xsdnode":"element","name":"DataLicenseText","type":"SpdxDocumentType","nillable":"true","documentation":"A data item for The licensing under which the creator of this SPDX document allows related data to be reproduced. The only valid value for this property is http://spdx.org/licenses/CC0-1.0. This is to alleviate any concern that content (the data) in an SPDX file is subject to any form of intellectual property right that could restrict the re-use of the information or the creation of another SPDX file for the same project(s). This approach avoids intellectual property and related restrictions over the SPDX file, however individuals can still contract one to one to restrict release of specific collections of SPDX files (which map to software bill of materials) and the identification of the supplier of SPDX files."},"Date":{"xsdnode":"element","name":"Date","type":"DateType","nillable":"true","documentation":"A data type for A date-time stamp."},"DescribesFile":{"xsdnode":"element","name":"DescribesFile","type":"SpdxDocumentType","nillable":"true","documentation":"A data item for The describesFile property relates an SpdxDocument to the file which it describes."},"DescribesPackage":{"xsdnode":"element","name":"DescribesPackage","type":"SpdxDocumentType","nillable":"true","documentation":"A data item for The describesPackage property relates an SpdxDocument to the package which it describes."},"DescriptionText":{"xsdnode":"element","name":"DescriptionText","type":"DescriptionTextType","nillable":"true","documentation":"A data type for Provides a detailed description of the package."},"DisjunctiveLicenseSet":{"xsdnode":"element","name":"DisjunctiveLicenseSet","type":"DisjunctiveLicenseSetType","nillable":"true","documentation":"A data item for DisjunctiveLicenseSet"},"DisjunctiveLicenseSetAugmentationPoint":{"xsdnode":"element","name":"DisjunctiveLicenseSetAugmentationPoint","abstract":"true","documentation":"An augmentation point for DisjunctiveLicenseSet"},"DocumentationURI":{"xsdnode":"element","name":"DocumentationURI","type":"DocumentationURIType","nillable":"true","documentation":"A data type for Website containing the documentation related to the repository identifier"},"DownloadLocationCode":{"xsdnode":"element","name":"DownloadLocationCode","type":"DownloadLocationCodeType","nillable":"true","documentation":"A data item for DownloadLocation properties"},"DownloadLocationURI":{"xsdnode":"element","name":"DownloadLocationURI","type":"DownloadLocationURIType","nillable":"true","documentation":"A data type for The URI at which this package is available for download. Private (i.e., not publicly reachable) URIs are acceptable as values of this property. The values http://spdx.org/rdf/terms#none and http://spdx.org/rdf/terms#noassertion may be used to specify that the package is not downloadable or that no attempt was made to determine its download location, respectively."},"EndPointer":{"xsdnode":"element","name":"EndPointer","type":"PointerType","nillable":"true","documentation":"A data item for Pointer to the end point of the range."},"ExampleText":{"xsdnode":"element","name":"ExampleText","type":"ExampleTextType","nillable":"true","documentation":"A data type for Text for examples in describing an SPDX element."},"ExternalDocumentID":{"xsdnode":"element","name":"ExternalDocumentID","type":"ExternalDocumentIDType","nillable":"true","documentation":"A data type for externalDocumentId is a string containing letters, numbers, “.”, “-” or “+” which uniquely identifies an external document within this document."},"ExternalDocumentRef":{"xsdnode":"element","name":"ExternalDocumentRef","type":"ExternalDocumentRefType","nillable":"true","documentation":"A data item for ExternalDocumentRef"},"ExternalDocumentRefAugmentationPoint":{"xsdnode":"element","name":"ExternalDocumentRefAugmentationPoint","abstract":"true","documentation":"An augmentation point for ExternalDocumentRef"},"ExternalRef":{"xsdnode":"element","name":"ExternalRef","type":"ExternalRefType","nillable":"true","documentation":"A data item for ExternalRef"},"ExternalRefAugmentationPoint":{"xsdnode":"element","name":"ExternalRefAugmentationPoint","abstract":"true","documentation":"An augmentation point for ExternalRef"},"ExternalReferenceSiteURI":{"xsdnode":"element","name":"ExternalReferenceSiteURI","type":"ExternalReferenceSiteURIType","nillable":"true","documentation":"A data type for Website for the maintainers of the external reference site"},"ExtractedLicenseInfo":{"xsdnode":"element","name":"ExtractedLicenseInfo","type":"ExtractedLicenseInfoType","nillable":"true","documentation":"A data item for ExtractedLicenseInfo"},"ExtractedLicenseInfoAugmentationPoint":{"xsdnode":"element","name":"ExtractedLicenseInfoAugmentationPoint","abstract":"true","documentation":"An augmentation point for ExtractedLicenseInfo"},"ExtractedText":{"xsdnode":"element","name":"ExtractedText","type":"ExtractedTextType","nillable":"true","documentation":"A data type for Verbatim license or licensing notice text that was discovered."},"File":{"xsdnode":"element","name":"File","type":"FileType","nillable":"true","documentation":"A data item for File"},"FileAugmentationPoint":{"xsdnode":"element","name":"FileAugmentationPoint","abstract":"true","documentation":"An augmentation point for File"},"FileContributorText":{"xsdnode":"element","name":"FileContributorText","type":"FileContributorTextType","nillable":"true","documentation":"A data type for This field provides a place for the SPDX file creator to record file contributors. Contributors could include names of copyright holders and/or authors who may not be copyright holders yet contributed to the file content."},"FileName":{"xsdnode":"element","name":"FileName","type":"FileNameType","nillable":"true","documentation":"A data type for The name of the file relative to the root of the package."},"FileTypeCode":{"xsdnode":"element","name":"FileTypeCode","type":"FileTypeCodeType","nillable":"true","documentation":"A data item for FileType properties"},"FilesAnalyzedIndicator":{"xsdnode":"element","name":"FilesAnalyzedIndicator","type":"FilesAnalyzedIndicatorType","nillable":"true","documentation":"A data type for Indicates whether the file content of this package has been available for or subjected to analysis when creating the SPDX document. If “false” indicates packages that represent metadata or URI references to a project, product, artifact, distribution or a component. If set to “false”, the package must not contain any files."},"HasExtractedLicensingInfo":{"xsdnode":"element","name":"HasExtractedLicensingInfo","type":"SpdxDocumentType","nillable":"true","documentation":"A data item for Indicates that a particular ExtractedLicensingInfo was defined in the subject SpdxDocument."},"HasFile":{"xsdnode":"element","name":"HasFile","type":"PackageType","nillable":"true","documentation":"A data item for Indicates that a particular file belongs to a package."},"HomepageURI":{"xsdnode":"element","name":"HomepageURI","type":"HomepageURIType","nillable":"true","documentation":"A data type for HomepageURI"},"IsDeprecatedLicenseID":{"xsdnode":"element","name":"IsDeprecatedLicenseID","type":"IsDeprecatedLicenseIDType","nillable":"true","documentation":"A data item that indicates if the license id is Deprecated."},"IsFsfLibreIndicator":{"xsdnode":"element","name":"IsFsfLibreIndicator","type":"IsFsfLibreType","nillable":"true","documentation":"A data item to indicate if the license is FSF Libre."},"IsOsiApprovedIndicator":{"xsdnode":"element","name":"IsOsiApprovedIndicator","type":"IsOsiApprovedIndicatorType","nillable":"true","documentation":"A data type for Indicates if the OSI has approved the license."},"License":{"xsdnode":"element","name":"License","type":"LicenseType","nillable":"true","documentation":"A data item for License"},"LicenseAugmentationPoint":{"xsdnode":"element","name":"LicenseAugmentationPoint","abstract":"true","documentation":"An augmentation point for License"},"LicenseCommentsText":{"xsdnode":"element","name":"LicenseCommentsText","type":"LicenseCommentsTextType","nillable":"true","documentation":"A data type for he licenseComments property allows the preparer of the SPDX document to describe why the licensing in spdx:licenseConcluded was chosen."},"LicenseConcludedCode":{"xsdnode":"element","name":"LicenseConcludedCode","type":"LicenseConcludedCodeType","nillable":"true","documentation":"A data item for LicenseConcluded properties"},"LicenseDeclared":{"xsdnode":"element","name":"LicenseDeclared","type":"SpdxItemType","nillable":"true","documentation":"A data item for The licensing that the creators of the software in the package, or the packager, have declared. Declarations by the original software creator should be preferred, if they exist."},"LicenseDeclaredCode":{"xsdnode":"element","name":"LicenseDeclaredCode","type":"LicenseDeclaredCodeType","nillable":"true","documentation":"A data item for LicenseDeclared properties"},"LicenseException":{"xsdnode":"element","name":"LicenseException","type":"LicenseExceptionType","nillable":"true","documentation":"A data item for LicenseException"},"LicenseExceptionAugmentationPoint":{"xsdnode":"element","name":"LicenseExceptionAugmentationPoint","abstract":"true","documentation":"An augmentation point for LicenseException"},"LicenseExceptionID":{"xsdnode":"element","name":"LicenseExceptionID","type":"LicenseExceptionIDType","nillable":"true","documentation":"A data type for short form license exception identifier in Appendix I.2 of the SPDX specification."},"LicenseExceptionText":{"xsdnode":"element","name":"LicenseExceptionText","type":"LicenseExceptionTextType","nillable":"true","documentation":"A data type for Full text of the license exception."},"LicenseID":{"xsdnode":"element","name":"LicenseID","type":"LicenseIDType","nillable":"true","documentation":"A data type for A human readable short form license identifier for a license. The license ID is iether on the standard license oist or the form \"LicenseRef-\"[idString] where [idString] is a unique string containing letters, numbers, \".\", \"-\" or \"+\"."},"LicenseInfoFromFiles":{"xsdnode":"element","name":"LicenseInfoFromFiles","type":"PackageType","nillable":"true","documentation":"A data item for The licensing information that was discovered directly within the package. There will be an instance of this property for each distinct value of alllicenseInfoInFile properties of all files contained in the package."},"LicenseInfoFromFilesCode":{"xsdnode":"element","name":"LicenseInfoFromFilesCode","type":"LicenseInfoFromFilesCodeType","nillable":"true","documentation":"A data item for LicenseInfoFromFiles properties"},"LicenseListVersionText":{"xsdnode":"element","name":"LicenseListVersionText","type":"LicenseListVersionTextType","nillable":"true","documentation":"A data type for An optional field for creators of the SPDX file to provide the version of the SPDX License List used when the SPDX file was created."},"LicenseText":{"xsdnode":"element","name":"LicenseText","type":"LicenseTextType","nillable":"true","documentation":"A data type for Full text of the license."},"LineCharPointer":{"xsdnode":"element","name":"LineCharPointer","type":"LineCharPointerType","nillable":"true","documentation":"A data item for LineCharPointer"},"LineCharPointerAugmentationPoint":{"xsdnode":"element","name":"LineCharPointerAugmentationPoint","abstract":"true","documentation":"An augmentation point for LineCharPointer"},"LineNumberNumeric":{"xsdnode":"element","name":"LineNumberNumeric","type":"LineNumberNumericType","nillable":"true","documentation":"A data type for Line number within the reference starting at one."},"ListedLicense":{"xsdnode":"element","name":"ListedLicense","type":"ListedLicenseType","nillable":"true","documentation":"A data item for ListedLicense"},"ListedLicenseAugmentationPoint":{"xsdnode":"element","name":"ListedLicenseAugmentationPoint","abstract":"true","documentation":"An augmentation point for ListedLicense"},"LocatorFormatText":{"xsdnode":"element","name":"LocatorFormatText","type":"LocatorFormatTextType","nillable":"true","documentation":"A data type for Regular expression for the format of the external repository identifier"},"Member":{"xsdnode":"element","name":"Member","type":"AnyLicenseInfoType","nillable":"true","documentation":"A data item for A license, or other licensing information, that is a member of the subject license set."},"Name":{"xsdnode":"element","name":"Name","type":"NameType","nillable":"true","documentation":"A data type for The full human readable name of the item. This should include version information when applicable."},"NoticeText":{"xsdnode":"element","name":"NoticeText","type":"NoticeTextType","nillable":"true","documentation":"A data type for This field provides a place for the SPDX file creator to record potential legal notices found in the file. This may or may not include copyright statements."},"OffsetNumeric":{"xsdnode":"element","name":"OffsetNumeric","type":"OffsetNumericType","nillable":"true","documentation":"A data type for Offset from the start of the reference."},"OffsetPointer":{"xsdnode":"element","name":"OffsetPointer","type":"OffsetPointerType","nillable":"true","documentation":"A data item for OffsetPointer"},"OffsetPointerAugmentationPoint":{"xsdnode":"element","name":"OffsetPointerAugmentationPoint","abstract":"true","documentation":"An augmentation point for OffsetPointer"},"OrLaterOperator":{"xsdnode":"element","name":"OrLaterOperator","type":"OrLaterOperatorType","nillable":"true","documentation":"A data item for OrLaterOperator"},"OrLaterOperatorAugmentationPoint":{"xsdnode":"element","name":"OrLaterOperatorAugmentationPoint","abstract":"true","documentation":"An augmentation point for OrLaterOperator"},"OriginatorText":{"xsdnode":"element","name":"OriginatorText","type":"OriginatorTextType","nillable":"true","documentation":"A data type for The name and, optionally, contact information of the person or organization that originally created the package. Values of this property must conform to the agent and tool syntax."},"Package":{"xsdnode":"element","name":"Package","type":"PackageType","nillable":"true","documentation":"A data item for Package"},"PackageAugmentationPoint":{"xsdnode":"element","name":"PackageAugmentationPoint","abstract":"true","documentation":"An augmentation point for Package"},"PackageFileName":{"xsdnode":"element","name":"PackageFileName","type":"PackageFileNameType","nillable":"true","documentation":"A data type for The base name of the package file name. For example, zlib-1.2.5.tar.gz."},"PackageName":{"xsdnode":"element","name":"PackageName","type":"PackageNameType","nillable":"true","documentation":"A data type for Identify the full name of the package as given by Package Originator."},"PackageVerificationCode":{"xsdnode":"element","name":"PackageVerificationCode","type":"PackageVerificationCodeType","nillable":"true","documentation":"A data item for PackageVerificationCode"},"PackageVerificationCodeAugmentationPoint":{"xsdnode":"element","name":"PackageVerificationCodeAugmentationPoint","abstract":"true","documentation":"An augmentation point for PackageVerificationCode"},"PackageVerificationCodeValue":{"xsdnode":"element","name":"PackageVerificationCodeValue","type":"PackageVerificationCodeValueType","nillable":"true","documentation":"A data type for The actual package verification code as a hex encoded value."},"Pointer":{"xsdnode":"element","name":"Pointer","type":"PointerType","nillable":"true","documentation":"A data item for Pointer"},"PointerAugmentationPoint":{"xsdnode":"element","name":"PointerAugmentationPoint","abstract":"true","documentation":"An augmentation point for Pointer"},"Project":{"xsdnode":"element","name":"Project","type":"ProjectType","nillable":"true","documentation":"A data item for Project"},"ProjectAugmentationPoint":{"xsdnode":"element","name":"ProjectAugmentationPoint","abstract":"true","documentation":"An augmentation point for Project"},"Range":{"xsdnode":"element","name":"Range","type":"SnippetType","nillable":"true","documentation":"A data item for This field defines the byte range in the original host file (in X.2) that the snippet information applies to"},"Reference":{"xsdnode":"element","name":"Reference","type":"PointerType","nillable":"true","documentation":"A data item for Scope within which a single pointer operates."},"ReferenceCategoryCode":{"xsdnode":"element","name":"ReferenceCategoryCode","type":"ReferenceCategoryCodeType","nillable":"true","documentation":"A data item for ReferenceCategory properties"},"ReferenceID":{"xsdnode":"element","name":"ReferenceID","type":"ReferenceIDType","nillable":"true","documentation":"A data item for ReferenceID"},"ReferenceIDAugmentationPoint":{"xsdnode":"element","name":"ReferenceIDAugmentationPoint","abstract":"true","documentation":"An augmentation point for ReferenceID"},"ReferenceLocatorText":{"xsdnode":"element","name":"ReferenceLocatorText","type":"ReferenceLocatorTextType","nillable":"true","documentation":"A data type for The unique string with no spaces necessary to access the package-specific information, metadata, or content within the target location. The format of the locator is subject to constraints defined by the <type>."},"RelatedSpdxElement":{"xsdnode":"element","name":"RelatedSpdxElement","type":"RelationshipType","nillable":"true","documentation":"A data item for A related SpdxElement."},"Relationship":{"xsdnode":"element","name":"Relationship","type":"RelationshipType","nillable":"true","documentation":"A data item for Relationship"},"RelationshipAugmentationPoint":{"xsdnode":"element","name":"RelationshipAugmentationPoint","abstract":"true","documentation":"An augmentation point for Relationship"},"RelationshipTypeCode":{"xsdnode":"element","name":"RelationshipTypeCode","type":"RelationshipTypeCodeType","nillable":"true","documentation":"A data item for RelationshipType properties"},"SeeAlsoURI":{"xsdnode":"element","name":"SeeAlsoURI","type":"SeeAlsoURIType","nillable":"true","documentation":"A data type for rdfs:seeAlso is an instance of rdf:Property that is used to indicate a resource that might provide additional information about the subject resource."},"SimpleLicensingInfo":{"xsdnode":"element","name":"SimpleLicensingInfo","type":"SimpleLicensingInfoType","nillable":"true","documentation":"A data item for SimpleLicensingInfo"},"SimpleLicensingInfoAugmentationPoint":{"xsdnode":"element","name":"SimpleLicensingInfoAugmentationPoint","abstract":"true","documentation":"An augmentation point for SimpleLicensingInfo"},"SinglePointer":{"xsdnode":"element","name":"SinglePointer","type":"SinglePointerType","nillable":"true","documentation":"A data item for SinglePointer"},"SinglePointerAugmentationPoint":{"xsdnode":"element","name":"SinglePointerAugmentationPoint","abstract":"true","documentation":"An augmentation point for SinglePointer"},"Snippet":{"xsdnode":"element","name":"Snippet","type":"SnippetType","nillable":"true","documentation":"A data item for Snippet"},"SnippetAugmentationPoint":{"xsdnode":"element","name":"SnippetAugmentationPoint","abstract":"true","documentation":"An augmentation point for Snippet"},"SnippetFromFile":{"xsdnode":"element","name":"SnippetFromFile","type":"SnippetType","nillable":"true","documentation":"A data item for File containing the SPDX element (e.g. the file contaning a snippet)."},"SnippetName":{"xsdnode":"element","name":"SnippetName","type":"SnippetNameType","nillable":"true","documentation":"A data item to name a specific snippet in a human convenient manner"},"SourceInfoText":{"xsdnode":"element","name":"SourceInfoText","type":"SourceInfoTextType","nillable":"true","documentation":"A data type for Allows the producer(s) of the SPDX document to describe how the package was acquired and/or changed from the original source."},"SpdxDocument":{"xsdnode":"element","name":"SpdxDocument","type":"SpdxDocumentType","nillable":"true","documentation":"A data item for SpdxDocument"},"SpdxDocumentAugmentationPoint":{"xsdnode":"element","name":"SpdxDocumentAugmentationPoint","abstract":"true","documentation":"An augmentation point for SpdxDocument"},"SpdxElement":{"xsdnode":"element","name":"SpdxElement","type":"SpdxElementType","nillable":"true","documentation":"A data item for SpdxElement"},"SpdxElementAugmentationPoint":{"xsdnode":"element","name":"SpdxElementAugmentationPoint","abstract":"true","documentation":"An augmentation point for SpdxElement"},"SpdxItem":{"xsdnode":"element","name":"SpdxItem","type":"SpdxItemType","nillable":"true","documentation":"A data item for SpdxItem"},"SpdxItemAugmentationPoint":{"xsdnode":"element","name":"SpdxItemAugmentationPoint","abstract":"true","documentation":"An augmentation point for SpdxItem"},"SpecVersionText":{"xsdnode":"element","name":"SpecVersionText","type":"SpecVersionTextType","nillable":"true","documentation":"A data type for Identifies the version of this specification that was used to produce this SPDX document. The value for this version of the spec is SPDX-1.2. The values SPDX-1.0 and SPDX-1.1 may also be supported by SPDX tools for backwards compatibility purposes."},"StandardLicenseHeader":{"xsdnode":"element","name":"StandardLicenseHeader","type":"StandardLicenseHeaderType","nillable":"true","documentation":"A data type for License author's preferred text to indicated that a file is covered by the license."},"StandardLicenseHeaderText":{"xsdnode":"element","name":"StandardLicenseHeaderText","type":"StandardLicenseHeaderTextType","nillable":"true","documentation":"A data type for License author's preferred text to indicated that a file is covered by the license."},"StandardLicenseTemplate":{"xsdnode":"element","name":"StandardLicenseTemplate","type":"StandardLicenseTemplateType","nillable":"true","documentation":"A data type for License template which describes sections of the license which can be varied. See License Template section of the specification for format\n information."},"StandardLicenseTemplateText":{"xsdnode":"element","name":"StandardLicenseTemplateText","type":"StandardLicenseTemplateTextType","nillable":"true","documentation":"A data type for License template which describes sections of the license which can be varied. See License Template section of the specification for format information."},"StartEndPointer":{"xsdnode":"element","name":"StartEndPointer","type":"StartEndPointerType","nillable":"true","documentation":"A data item for StartEndPointer"},"StartEndPointerAugmentationPoint":{"xsdnode":"element","name":"StartEndPointerAugmentationPoint","abstract":"true","documentation":"An augmentation point for StartEndPointer"},"StartPointer":{"xsdnode":"element","name":"StartPointer","type":"PointerType","nillable":"true","documentation":"A data item for Pointer to the start point of the range in a compound pointer."},"SummaryText":{"xsdnode":"element","name":"SummaryText","type":"SummaryTextType","nillable":"true","documentation":"A data type for Provides a short description of the package."},"SupplierText":{"xsdnode":"element","name":"SupplierText","type":"SupplierTextType","nillable":"true","documentation":"A data type for The name and, optionally, contact information of the person or organization who was the immediate supplier of this package to the recipient. The supplier may be different than originator when the software has been repackaged. Values of this property must conform to the agent and tool syntax."},"VerificationCodeExcludedFileText":{"xsdnode":"element","name":"VerificationCodeExcludedFileText","type":"VerificationCodeExcludedFileTextType","nillable":"true","documentation":"A data type for A file that was excluded when calculating the package verification code. This is usually a file containing SPDX data regarding the package. If a package contains more than one SPDX file all SPDX files must be excluded from the package verification code. If this is not done it would be impossible to correctly calculate the verification codes in both files."},"VersionInfoText":{"xsdnode":"element","name":"VersionInfoText","type":"VersionInfoTextType","nillable":"true","documentation":"A data type for Provides an indication of the version of the package that is described by this SpdxDocument."},"WithExceptionOperator":{"xsdnode":"element","name":"WithExceptionOperator","type":"WithExceptionOperatorType","nillable":"true","documentation":"A data item for WithExceptionOperator"},"WithExceptionOperatorAugmentationPoint":{"xsdnode":"element","name":"WithExceptionOperatorAugmentationPoint","abstract":"true","documentation":"An augmentation point for WithExceptionOperator"}}