{"1539675741545222494":{"entrytype":"Load Remote Match","status":"Pass","timestamp":1539675741248397656,"filepath":"tmp/spdx-doc-iepd/xml/xsd/spdx-xml-ref.xsd","digest":"026e646a857a1eb3b91291594d746cee5e17560bf46cd43f797c3788d7f36141","message":"Loaded Remote Resource"},"1539675741545224534":{"entrytype":"Authenticity Check","status":"Pass","timestamp":1539675741545223620,"filepath":"xml/xsd/spdx-xml-ref.xsd","digest":"026e646a857a1eb3b91291594d746cee5e17560bf46cd43f797c3788d7f36141","message":"spdx-xml-ref.xsd matches authoritative source"},"1539675741561991131":{"entrytype":"Load Remote Match","status":"Pass","timestamp":1539675741545225201,"filepath":"tmp/spdx-doc-iepd/xml/instance/spdx-doc-test-data.xml","digest":"633b2c31b4c65ae41ee6ff802e86f2cf8f7d77d5997867c4d74e0142928c20f6","message":"Loaded Remote Resource"},"1539675741561992914":{"entrytype":"Authenticity Check","status":"Pass","timestamp":1539675741561992157,"filepath":"xml/instance/spdx-doc-test-data.xml","digest":"633b2c31b4c65ae41ee6ff802e86f2cf8f7d77d5997867c4d74e0142928c20f6","message":"spdx-doc-test-data.xml matches authoritative source"},"1539675741561997340":{"entrytype":"GenerateResource","status":"Pass","timestamp":1539675741562005463,"filepath":"spdx-doc-iep.xsd","xslpath":"tmp/spdx-doc-iepd/xml/xsl/spdx-doc-iep.xsl","digest":"fa16f865aec2df5a606a35995af783650c1410e36ac0764e5f4e76c40511474c"},"1539675741678985468":{"entrytype":"GenerateResource","status":"Pass","timestamp":1539675741678998317,"filepath":"spdx-doc-instance.xml","xslpath":"tmp/spdx-doc-iepd/xml/xsl/spdx-doc-instance.xsl","digest":"2068bbfa907586489c1a488d8ebbf1374f3a14baaf6abdd3d92766bf3bdf7234"},"1539675741685773816":{"entrytype":"GenerateResource","status":"Pass","timestamp":1539675741685787939,"filepath":"spdx-xml-ref-xsd.json","xslpath":"tmp/spdx-doc-iepd/xml/xsl/common/xsd-json.xsl","digest":"8bc866bddd29e98ecc67f1c2b8f1d2a0b86b75a4c0a228343fd9e2baa4e0a7c3"},"1539675741846595205":{"entrytype":"GenerateResource","status":"Pass","timestamp":1539675741846608281,"filepath":"spdx-doc-iep-xsd.json","xslpath":"tmp/spdx-doc-iepd/xml/xsl/common/xsd-json.xsl","digest":"356c61e92a833fdc9086615835e339fbef4c3fd0bdddbe574dec83ea8845e39e"},"1539675741852766449":{"entrytype":"GenerateResource","status":"Pass","timestamp":1539675741852776670,"filepath":"spdx-doc-instance.json","xslpath":"tmp/spdx-doc-iepd/xml/xsl/common/xml-json.xsl","digest":"6777f8e53f167912a00ce6e2da073068d22c7edc3007d35f3d454c36111d1b56"},"1539675741855259146":{"entrytype":"GenerateResource","status":"Pass","timestamp":1539675741855267887,"filepath":"spdx-doc-struct.go","xslpath":"tmp/spdx-doc-iepd/xml/xsl/spdx-doc-go-gen.xsl","digest":"c79513ed49796819dc0fcb34ceea3d9af9bdb2c828c9b83c8ce2ea513660e1ff"},"1539675741861135386":{"entrytype":"GenerateResource","status":"Pass","timestamp":1539675741861146995,"filepath":"spdx-doc-struct_test.go","xslpath":"tmp/spdx-doc-iepd/xml/xsl/spdx-doc-go-test-gen.xsl","digest":"fd0073c7a3bafebc798d40733907f5271cd929bf19f9c2d6d19a609053d5ad91"},"1539675741866693003":{"entrytype":"Marshal Data","status":"Pass","timestamp":1539675741866896177,"filepath":"spdx-doc-instance-golang.xml","digest":"13df4c27d60f4e67ec00dd815aba0912c8adddfb2ca6759ce6a61decb3ff000b"},"1539675741866914030":{"entrytype":"Validate","status":"Pass","timestamp":1539675741866914914,"filepath":"tmp/spdx-doc-iepd/xml/xsd/spdx-xml-ref.xsd","xsdpath":"tmp/spdx-doc-iepd/xml/xsd/ext/w3c/XMLSchema.xsd","valid":true},"1539675757120150566":{"entrytype":"Validate","status":"Pass","timestamp":1539675757120153509,"filepath":"tmp/spdx-doc-iepd/xml/xsd/spdx-doc-iep.xsd","xsdpath":"tmp/spdx-doc-iepd/xml/xsd/ext/w3c/XMLSchema.xsd","valid":true},"1539675772328358582":{"entrytype":"Validate","status":"Pass","timestamp":1539675772328366290,"filepath":"tmp/spdx-doc-iepd/xml/instance/spdx-doc-instance.xml","xsdpath":"tmp/spdx-doc-iepd/xml/xsd/spdx-doc-iep.xsd","valid":true},"1539675772331882179":{"entrytype":"Validate","status":"Pass","timestamp":1539675772331886908,"filepath":"tmp/spdx-doc-iepd/xml/instance/spdx-doc-instance.xml","xsdpath":"tmp/spdx-doc-iepd/xml/xsd/spdx-xml-ref.xsd","valid":true},"1539675772360421458":{"entrytype":"Validate","status":"Fail","timestamp":1539675772360425504,"filepath":"tmp/spdx-doc-iepd/xml/instance/spdx-doc-instance-golang.xml","xsdpath":"tmp/spdx-doc-iepd/xml/xsd/spdx-doc-iep.xsd","errors[]":["Element '{urn:spdx-xml:1.0}AlgorithmCode': This element is not expected. Expected is ( {urn:spdx-xml:1.0}ChecksumValue )."]},"1539675772362193278":{"entrytype":"Validate","status":"Fail","timestamp":1539675772362195877,"filepath":"tmp/spdx-doc-iepd/xml/instance/spdx-doc-instance-golang.xml","xsdpath":"tmp/spdx-doc-iepd/xml/xsd/spdx-xml-ref.xsd","errors[]":["Element '{urn:spdx-xml:1.0}AlgorithmCode': This element is not expected. Expected is ( {urn:spdx-xml:1.0}ChecksumValue )."]}}