{"1540008943211030062":{"entrytype":"Load Remote Match","status":"Pass","timestamp":1540008942830741958,"filepath":"tmp/spdx-doc-iepd/xml/xsd/spdx-xml-ref.xsd","digest":"026e646a857a1eb3b91291594d746cee5e17560bf46cd43f797c3788d7f36141","message":"Loaded Remote Resource"},"1540008943213481119":{"entrytype":"Authenticity Check","status":"Pass","timestamp":1540008943213478042,"filepath":"xml/xsd/spdx-xml-ref.xsd","digest":"026e646a857a1eb3b91291594d746cee5e17560bf46cd43f797c3788d7f36141","message":"spdx-xml-ref.xsd matches authoritative source"},"1540008943357814472":{"entrytype":"Load Remote Match","status":"Pass","timestamp":1540008943215632472,"filepath":"tmp/spdx-doc-iepd/xml/instance/spdx-doc-test-data.xml","digest":"a07f3c4e4cbff51467b486eb8dc2d2dddf75bf7098ad74ae166bff7fc67c7d83","message":"Loaded Remote Resource"},"1540008943375453850":{"entrytype":"Authenticity Check","status":"Pass","timestamp":1540008943375450690,"filepath":"xml/instance/spdx-doc-test-data.xml","digest":"a07f3c4e4cbff51467b486eb8dc2d2dddf75bf7098ad74ae166bff7fc67c7d83","message":"spdx-doc-test-data.xml matches authoritative source"},"1540008943531299308":{"entrytype":"GenerateResource","status":"Pass","timestamp":1540008943377593859,"filepath":"spdx-doc-iep.xsd","xslpath":"tmp/spdx-doc-iepd/xml/xsl/spdx-doc-iep.xsl","digest":"fa16f865aec2df5a606a35995af783650c1410e36ac0764e5f4e76c40511474c"},"1540008943539734465":{"entrytype":"GenerateResource","status":"Pass","timestamp":1540008943533197743,"filepath":"spdx-doc-instance.xml","xslpath":"tmp/spdx-doc-iepd/xml/xsl/spdx-doc-instance.xsl","digest":"a088961a997c1b012ab315f44c18e8be953756492017859f0ccc9abd07c92ea3"},"1540008943703425908":{"entrytype":"GenerateResource","status":"Pass","timestamp":1540008943541318739,"filepath":"spdx-xml-ref-xsd.json","xslpath":"tmp/spdx-doc-iepd/xml/xsl/common/xsd-json.xsl","digest":"8bc866bddd29e98ecc67f1c2b8f1d2a0b86b75a4c0a228343fd9e2baa4e0a7c3"},"1540008943711455808":{"entrytype":"GenerateResource","status":"Pass","timestamp":1540008943705414501,"filepath":"spdx-doc-iep-xsd.json","xslpath":"tmp/spdx-doc-iepd/xml/xsl/common/xsd-json.xsl","digest":"356c61e92a833fdc9086615835e339fbef4c3fd0bdddbe574dec83ea8845e39e"},"1540008943715653757":{"entrytype":"GenerateResource","status":"Pass","timestamp":1540008943713152806,"filepath":"spdx-doc-instance.json","xslpath":"tmp/spdx-doc-iepd/xml/xsl/common/xml-json.xsl","digest":"be9b857a10514b1df8ddc5405c1f32316a1d68f310831039adf4e669198dbebe"},"1540008943738941283":{"entrytype":"GenerateResource","status":"Pass","timestamp":1540008943733046846,"filepath":"spdx-doc-struct.go","xslpath":"tmp/spdx-doc-iepd/xml/xsl/spdx-doc-go-gen.xsl","digest":"c79513ed49796819dc0fcb34ceea3d9af9bdb2c828c9b83c8ce2ea513660e1ff"},"1540008943746329740":{"entrytype":"GenerateResource","status":"Pass","timestamp":1540008943740653624,"filepath":"spdx-doc-struct_test.go","xslpath":"tmp/spdx-doc-iepd/xml/xsl/spdx-doc-go-test-gen.xsl","digest":"8c5172d50bc9da5ef83aae08ec40d14a5ab0345cecee85573d9d7ecf86239532"},"1540008943748358622":{"entrytype":"Marshal Data","status":"Pass","timestamp":1540008943748319623,"filepath":"spdx-doc-instance-golang.xml","digest":"9bb5d9df173ff9f2a24c7bdf282ecd4fa6308989a4784258a04b3ded11f6e34e"},"1540008958965249841":{"entrytype":"Validate","status":"Pass","timestamp":1540008943750151968,"filepath":"tmp/spdx-doc-iepd/xml/xsd/spdx-xml-ref.xsd","xsdpath":"tmp/spdx-doc-iepd/xml/xsd/ext/w3c/XMLSchema.xsd","valid":true},"1540008974180846763":{"entrytype":"Validate","status":"Pass","timestamp":1540008958968404317,"filepath":"tmp/spdx-doc-iepd/xml/xsd/spdx-doc-iep.xsd","xsdpath":"tmp/spdx-doc-iepd/xml/xsd/ext/w3c/XMLSchema.xsd","valid":true},"1540008974188235928":{"entrytype":"Validate","status":"Pass","timestamp":1540008974184626175,"filepath":"tmp/spdx-doc-iepd/xml/instance/spdx-doc-instance.xml","xsdpath":"tmp/spdx-doc-iepd/xml/xsd/spdx-doc-iep.xsd","valid":true},"1540008974199406281":{"entrytype":"Validate","status":"Pass","timestamp":1540008974190322610,"filepath":"tmp/spdx-doc-iepd/xml/instance/spdx-doc-instance.xml","xsdpath":"tmp/spdx-doc-iepd/xml/xsd/spdx-xml-ref.xsd","valid":true},"1540008974202215302":{"entrytype":"Validate","status":"Pass","timestamp":1540008974201195590,"filepath":"tmp/spdx-doc-iepd/xml/instance/spdx-doc-instance-golang.xml","xsdpath":"tmp/spdx-doc-iepd/xml/xsd/spdx-doc-iep.xsd","valid":true},"1540008974226512032":{"entrytype":"Validate","status":"Pass","timestamp":1540008974219320766,"filepath":"tmp/spdx-doc-iepd/xml/instance/spdx-doc-instance-golang.xml","xsdpath":"tmp/spdx-doc-iepd/xml/xsd/spdx-xml-ref.xsd","valid":true}}