{"1539714764981329947":{"entrytype":"Load Remote Match","status":"Pass","timestamp":1539714764581310767,"filepath":"tmp/spdx-doc-iepd/xml/xsd/spdx-xml-ref.xsd","digest":"026e646a857a1eb3b91291594d746cee5e17560bf46cd43f797c3788d7f36141","message":"Loaded Remote Resource"},"1539714764981337064":{"entrytype":"Authenticity Check","status":"Pass","timestamp":1539714764981334187,"filepath":"xml/xsd/spdx-xml-ref.xsd","digest":"026e646a857a1eb3b91291594d746cee5e17560bf46cd43f797c3788d7f36141","message":"spdx-xml-ref.xsd matches authoritative source"},"1539714765117765913":{"entrytype":"Load Remote Match","status":"Pass","timestamp":1539714764981339668,"filepath":"tmp/spdx-doc-iepd/xml/instance/spdx-doc-test-data.xml","digest":"395408a3dc9c3db2b5c200b8722a13a60898c861633b99e6e250186adffd1370","message":"Loaded Remote Resource"},"1539714765117776006":{"entrytype":"Authenticity Check","status":"Pass","timestamp":1539714765117773354,"filepath":"xml/instance/spdx-doc-test-data.xml","digest":"395408a3dc9c3db2b5c200b8722a13a60898c861633b99e6e250186adffd1370","message":"spdx-doc-test-data.xml matches authoritative source"},"1539714765117799868":{"entrytype":"GenerateResource","status":"Pass","timestamp":1539714765117832284,"filepath":"spdx-doc-iep.xsd","xslpath":"tmp/spdx-doc-iepd/xml/xsl/spdx-doc-iep.xsl","digest":"fa16f865aec2df5a606a35995af783650c1410e36ac0764e5f4e76c40511474c"},"1539714765285281919":{"entrytype":"GenerateResource","status":"Pass","timestamp":1539714765285294820,"filepath":"spdx-doc-instance.xml","xslpath":"tmp/spdx-doc-iepd/xml/xsl/spdx-doc-instance.xsl","digest":"aa036a4bd34bc290e02d2fa609382acabba98fe3b6df20e417e13e97e3c19926"},"1539714765291064119":{"entrytype":"GenerateResource","status":"Pass","timestamp":1539714765291074380,"filepath":"spdx-xml-ref-xsd.json","xslpath":"tmp/spdx-doc-iepd/xml/xsl/common/xsd-json.xsl","digest":"8bc866bddd29e98ecc67f1c2b8f1d2a0b86b75a4c0a228343fd9e2baa4e0a7c3"},"1539714765453515505":{"entrytype":"GenerateResource","status":"Pass","timestamp":1539714765453528870,"filepath":"spdx-doc-iep-xsd.json","xslpath":"tmp/spdx-doc-iepd/xml/xsl/common/xsd-json.xsl","digest":"356c61e92a833fdc9086615835e339fbef4c3fd0bdddbe574dec83ea8845e39e"},"1539714765459596546":{"entrytype":"GenerateResource","status":"Pass","timestamp":1539714765459607402,"filepath":"spdx-doc-instance.json","xslpath":"tmp/spdx-doc-iepd/xml/xsl/common/xml-json.xsl","digest":"ea619cbd36138c0c24c823771958e2210403cea05df07e1d93b1a5c37642c4d2"},"1539714765462236896":{"entrytype":"GenerateResource","status":"Pass","timestamp":1539714765462247531,"filepath":"spdx-doc-struct.go","xslpath":"tmp/spdx-doc-iepd/xml/xsl/spdx-doc-go-gen.xsl","digest":"c79513ed49796819dc0fcb34ceea3d9af9bdb2c828c9b83c8ce2ea513660e1ff"},"1539714765468590172":{"entrytype":"GenerateResource","status":"Pass","timestamp":1539714765468600804,"filepath":"spdx-doc-struct_test.go","xslpath":"tmp/spdx-doc-iepd/xml/xsl/spdx-doc-go-test-gen.xsl","digest":"3b9c4cdd202ae63e4ec365cade05a8b8b4bffc4ae98b9b6dd2b970d06ed1f428"},"1539714765473859105":{"entrytype":"Marshal Data","status":"Pass","timestamp":1539714765474030417,"filepath":"spdx-doc-instance-golang.xml","digest":"ac9f153c2c03fcd3cf2a8a1a5109dc94a486b6102059b6be1fc1460c63a5f971"},"1539714765474045036":{"entrytype":"Validate","status":"Pass","timestamp":1539714765474045807,"filepath":"tmp/spdx-doc-iepd/xml/xsd/spdx-xml-ref.xsd","xsdpath":"tmp/spdx-doc-iepd/xml/xsd/ext/w3c/XMLSchema.xsd","valid":true},"1539714780699798061":{"entrytype":"Validate","status":"Pass","timestamp":1539714780699800605,"filepath":"tmp/spdx-doc-iepd/xml/xsd/spdx-doc-iep.xsd","xsdpath":"tmp/spdx-doc-iepd/xml/xsd/ext/w3c/XMLSchema.xsd","valid":true},"1539714795919622966":{"entrytype":"Validate","status":"Fail","timestamp":1539714795919631165,"filepath":"tmp/spdx-doc-iepd/xml/instance/spdx-doc-instance.xml","xsdpath":"tmp/spdx-doc-iepd/xml/xsd/spdx-doc-iep.xsd","errors[]":["Element '{urn:spdx-xml:1.0}Date': '' is not a valid value of the atomic type 'xs:dateTime'.","Element '{urn:spdx-xml:1.0}AnnotationTypeCode': [facet 'enumeration'] The value '' is not an element of the set {'AnnotationTypeOther', 'AnnotationTypeReview'}.","Element '{urn:spdx-xml:1.0}AnnotationTypeCode': '' is not a valid value of the atomic type '{urn:spdx-xml:1.0}AnnotationTypeCodeSimpleType'.","Element '{urn:spdx-xml:1.0}RelationshipTypeCode': [facet 'enumeration'] The value '' is not an element of the set {'RelationshipTypeAmendment', 'RelationshipTypeAncestorOf', 'RelationshipTypeBuildToolOf', 'RelationshipTypeContainedBy', 'RelationshipTypeContains', 'RelationshipTypeCopyOf', 'RelationshipTypeDataFileOf', 'RelationshipTypeDescendantOf', 'RelationshipTypeDescribedBy', 'RelationshipTypeDescribes', 'RelationshipTypeDistributionArtifact', 'RelationshipTypeDocumentation', 'RelationshipTypeDynamicLink', 'RelationshipTypeExpandedFromArchive', 'RelationshipTypeFileAdded', 'RelationshipTypeFileDeleted', 'RelationshipTypeFileModified', 'RelationshipTypeGeneratedFrom', 'RelationshipTypeGenerates', 'RelationshipTypeHasPrerequisite', 'RelationshipTypeMetafileOf', 'RelationshipTypeOptionalComponentOf', 'RelationshipTypeOther', 'RelationshipTypePackageOf', 'RelationshipTypePatchApplied', 'RelationshipTypePatchFor', 'RelationshipTypePrerequisiteFor', 'RelationshipTypeStaticLink', 'RelationshipTypeTestcaseOf', '","Element '{urn:spdx-xml:1.0}RelationshipTypeCode': '' is not a valid value of the atomic type '{urn:spdx-xml:1.0}RelationshipTypeCodeSimpleType'.","Element '{urn:spdx-xml:1.0}CreatedDateTime': '' is not a valid value of the atomic type 'xs:dateTime'.","Element '{urn:spdx-xml:1.0}AlgorithmCode': [facet 'enumeration'] The value '' is not an element of the set {'ChecksumAlgorithmMd5', 'ChecksumAlgorithmSha1', 'ChecksumAlgorithmSha256'}.","Element '{urn:spdx-xml:1.0}AlgorithmCode': '' is not a valid value of the atomic type '{urn:spdx-xml:1.0}AlgorithmCodeSimpleType'."]},"1539714795923434051":{"entrytype":"Validate","status":"Fail","timestamp":1539714795923439526,"filepath":"tmp/spdx-doc-iepd/xml/instance/spdx-doc-instance.xml","xsdpath":"tmp/spdx-doc-iepd/xml/xsd/spdx-xml-ref.xsd","errors[]":["Element '{urn:spdx-xml:1.0}Date': '' is not a valid value of the atomic type 'xs:dateTime'.","Element '{urn:spdx-xml:1.0}AnnotationTypeCode': [facet 'enumeration'] The value '' is not an element of the set {'AnnotationTypeOther', 'AnnotationTypeReview'}.","Element '{urn:spdx-xml:1.0}AnnotationTypeCode': '' is not a valid value of the atomic type '{urn:spdx-xml:1.0}AnnotationTypeCodeSimpleType'.","Element '{urn:spdx-xml:1.0}RelationshipTypeCode': [facet 'enumeration'] The value '' is not an element of the set {'RelationshipTypeAmendment', 'RelationshipTypeAncestorOf', 'RelationshipTypeBuildToolOf', 'RelationshipTypeContainedBy', 'RelationshipTypeContains', 'RelationshipTypeCopyOf', 'RelationshipTypeDataFileOf', 'RelationshipTypeDescendantOf', 'RelationshipTypeDescribedBy', 'RelationshipTypeDescribes', 'RelationshipTypeDistributionArtifact', 'RelationshipTypeDocumentation', 'RelationshipTypeDynamicLink', 'RelationshipTypeExpandedFromArchive', 'RelationshipTypeFileAdded', 'RelationshipTypeFileDeleted', 'RelationshipTypeFileModified', 'RelationshipTypeGeneratedFrom', 'RelationshipTypeGenerates', 'RelationshipTypeHasPrerequisite', 'RelationshipTypeMetafileOf', 'RelationshipTypeOptionalComponentOf', 'RelationshipTypeOther', 'RelationshipTypePackageOf', 'RelationshipTypePatchApplied', 'RelationshipTypePatchFor', 'RelationshipTypePrerequisiteFor', 'RelationshipTypeStaticLink', 'RelationshipTypeTestcaseOf', '","Element '{urn:spdx-xml:1.0}RelationshipTypeCode': '' is not a valid value of the atomic type '{urn:spdx-xml:1.0}RelationshipTypeCodeSimpleType'.","Element '{urn:spdx-xml:1.0}CreatedDateTime': '' is not a valid value of the atomic type 'xs:dateTime'.","Element '{urn:spdx-xml:1.0}AlgorithmCode': [facet 'enumeration'] The value '' is not an element of the set {'ChecksumAlgorithmMd5', 'ChecksumAlgorithmSha1', 'ChecksumAlgorithmSha256'}.","Element '{urn:spdx-xml:1.0}AlgorithmCode': '' is not a valid value of the atomic type '{urn:spdx-xml:1.0}AlgorithmCodeSimpleType'."]},"1539714795954247782":{"entrytype":"Validate","status":"Fail","timestamp":1539714795954251204,"filepath":"tmp/spdx-doc-iepd/xml/instance/spdx-doc-instance-golang.xml","xsdpath":"tmp/spdx-doc-iepd/xml/xsd/spdx-doc-iep.xsd","errors[]":["Element '{urn:spdx-xml:1.0}Annotation': This element is not expected. Expected is ( {urn:spdx-xml:1.0}SpdxID )."]},"1539714795956262892":{"entrytype":"Validate","status":"Fail","timestamp":1539714795956265659,"filepath":"tmp/spdx-doc-iepd/xml/instance/spdx-doc-instance-golang.xml","xsdpath":"tmp/spdx-doc-iepd/xml/xsd/spdx-xml-ref.xsd","errors[]":["Element '{urn:spdx-xml:1.0}Annotation': This element is not expected. Expected is ( {urn:spdx-xml:1.0}SpdxID )."]}}