{"1540414844513807446":{"entrytype":"Load Remote Match","status":"Pass","timestamp":1540414844101033396,"filepath":"tmp/spdx-xml/xml/xsd/spdx-xml-ref.xsd","digest":"026e646a857a1eb3b91291594d746cee5e17560bf46cd43f797c3788d7f36141","message":"Loaded Remote Resource"},"1540414844516325722":{"entrytype":"Authenticity Check","status":"Pass","timestamp":1540414844516323218,"filepath":"xml/xsd/spdx-xml-ref.xsd","digest":"026e646a857a1eb3b91291594d746cee5e17560bf46cd43f797c3788d7f36141","message":"spdx-xml-ref.xsd matches authoritative source"},"1540414844708021192":{"entrytype":"Load Remote Match","status":"Pass","timestamp":1540414844518304557,"filepath":"tmp/spdx-xml/xml/instance/spdx-test-data.xml","digest":"903e02e2f86d4a0d2137d46092ff7373cb171940c1f70e3e5f965fe125add7ca","message":"Loaded Remote Resource"},"1540414844711220712":{"entrytype":"Authenticity Check","status":"Pass","timestamp":1540414844711217321,"filepath":"xml/instance/spdx-test-data.xml","digest":"903e02e2f86d4a0d2137d46092ff7373cb171940c1f70e3e5f965fe125add7ca","message":"spdx-test-data.xml matches authoritative source"},"1540414844791697467":{"entrytype":"Load Remote Match","status":"Pass","timestamp":1540414844771901952,"filepath":"tmp/spdx-doc-iepd/xml/xsd/spdx-xml-ref.xsd","digest":"026e646a857a1eb3b91291594d746cee5e17560bf46cd43f797c3788d7f36141","message":"Loaded Remote Resource"},"1540414844793645669":{"entrytype":"Authenticity Check","status":"Pass","timestamp":1540414844793644786,"filepath":"xml/xsd/spdx-xml-ref.xsd","digest":"026e646a857a1eb3b91291594d746cee5e17560bf46cd43f797c3788d7f36141","message":"spdx-xml-ref.xsd matches authoritative source"},"1540414844979507127":{"entrytype":"Load Remote Match","status":"Pass","timestamp":1540414844795244143,"filepath":"tmp/spdx-doc-iepd/xml/instance/spdx-doc-test-data.xml","digest":"a07f3c4e4cbff51467b486eb8dc2d2dddf75bf7098ad74ae166bff7fc67c7d83","message":"Loaded Remote Resource"},"1540414844982368893":{"entrytype":"Authenticity Check","status":"Pass","timestamp":1540414844982368043,"filepath":"xml/instance/spdx-doc-test-data.xml","digest":"a07f3c4e4cbff51467b486eb8dc2d2dddf75bf7098ad74ae166bff7fc67c7d83","message":"spdx-doc-test-data.xml matches authoritative source"},"1540414845114266456":{"entrytype":"GenerateResource","status":"Pass","timestamp":1540414844984106596,"filepath":"spdx-doc-iep.xsd","xslpath":"tmp/spdx-doc-iepd/xml/xsl/spdx-doc-iep.xsl","digest":"fa16f865aec2df5a606a35995af783650c1410e36ac0764e5f4e76c40511474c"},"1540414845123099579":{"entrytype":"GenerateResource","status":"Pass","timestamp":1540414845116322902,"filepath":"spdx-doc-instance.xml","xslpath":"tmp/spdx-doc-iepd/xml/xsl/spdx-doc-instance.xsl","digest":"da7dc734f14ae4f25a41ce1a326879a0653fb58ab573187012a0123535b49908"},"1540414845425326531":{"entrytype":"GenerateResource","status":"Pass","timestamp":1540414845124742235,"filepath":"spdx-xml-ref-xsd.json","xslpath":"tmp/spdx-doc-iepd/xml/xsl/common/xsd-json.xsl","digest":"93ddf4370fb992fb7b602284e499d176d44520fdf548757ecbde6f0d0ffc3e4f"},"1540414845477467367":{"entrytype":"GenerateResource","status":"Pass","timestamp":1540414845446576343,"filepath":"spdx-doc-iep-xsd.json","xslpath":"tmp/spdx-doc-iepd/xml/xsl/common/xsd-json.xsl","digest":"b8fe9d70b5ca0b9fc529385f7dd0214d2e45c1ff85674d3333717cacf7aa7d59"},"1540414845483564718":{"entrytype":"GenerateResource","status":"Pass","timestamp":1540414845479420846,"filepath":"spdx-doc-instance.json","xslpath":"tmp/spdx-doc-iepd/xml/xsl/common/xml-json.xsl","digest":"aad3b90e99c7ab95c02605df03adcad9799398c2c000d08a890e82b1266518e5"},"1540414845491492555":{"entrytype":"GenerateResource","status":"Pass","timestamp":1540414845485206595,"filepath":"spdx-doc-struct.go","xslpath":"tmp/spdx-doc-iepd/xml/xsl/spdx-doc-go-gen.xsl","digest":"ecdaa942d8bdc4ea01f74d019c3d896d866204ee3c08ce5c7cde433674c9d2f2"},"1540414845508306165":{"entrytype":"GenerateResource","status":"Pass","timestamp":1540414845493309597,"filepath":"spdx-doc-struct_test.go","xslpath":"tmp/spdx-doc-iepd/xml/xsl/spdx-doc-go-test-gen.xsl","digest":"0f427baba510bb9023cfbfb05496a4efab824403b48bb01243c677294eefd87a"},"1540414845517863695":{"entrytype":"GenerateResource","status":"Pass","timestamp":1540414845509960557,"filepath":"spdx-doc-documentation.html","xslpath":"tmp/spdx-doc-iepd/xml/xsl/common/docgen.xsl","digest":"24ee174a0e199e07ddad62d14f2d354309717aee55c3348b166b2c25b72c9aa1"},"1540414845520043052":{"entrytype":"Marshal Data","status":"Pass","timestamp":1540414845520007950,"filepath":"spdx-doc-instance-golang.xml","digest":"9bb5d9df173ff9f2a24c7bdf282ecd4fa6308989a4784258a04b3ded11f6e34e"},"1540414860787968752":{"entrytype":"Validate","status":"Pass","timestamp":1540414845521574766,"filepath":"tmp/spdx-doc-iepd/xml/xsd/spdx-xml-ref.xsd","xsdpath":"tmp/spdx-doc-iepd/xml/xsd/ext/w3c/XMLSchema.xsd","valid":true},"1540414875999749833":{"entrytype":"Validate","status":"Pass","timestamp":1540414860791092030,"filepath":"tmp/spdx-doc-iepd/xml/xsd/spdx-doc-iep.xsd","xsdpath":"tmp/spdx-doc-iepd/xml/xsd/ext/w3c/XMLSchema.xsd","valid":true},"1540414876022281196":{"entrytype":"Validate","status":"Pass","timestamp":1540414876018995508,"filepath":"tmp/spdx-doc-iepd/xml/instance/spdx-doc-instance.xml","xsdpath":"tmp/spdx-doc-iepd/xml/xsd/spdx-doc-iep.xsd","valid":true},"1540414876055173165":{"entrytype":"Validate","status":"Pass","timestamp":1540414876024469503,"filepath":"tmp/spdx-doc-iepd/xml/instance/spdx-doc-instance.xml","xsdpath":"tmp/spdx-doc-iepd/xml/xsd/spdx-xml-ref.xsd","valid":true},"1540414876060522944":{"entrytype":"Validate","status":"Pass","timestamp":1540414876058750116,"filepath":"tmp/spdx-doc-iepd/xml/instance/spdx-doc-instance-golang.xml","xsdpath":"tmp/spdx-doc-iepd/xml/xsd/spdx-doc-iep.xsd","valid":true},"1540414876072990946":{"entrytype":"Validate","status":"Pass","timestamp":1540414876062287468,"filepath":"tmp/spdx-doc-iepd/xml/instance/spdx-doc-instance-golang.xml","xsdpath":"tmp/spdx-doc-iepd/xml/xsd/spdx-xml-ref.xsd","valid":true}}