{"1542078386064898733":{"entrytype":"Load Remote Match","status":"Pass","timestamp":1542078385762918408,"filepath":"tmp/spdx-xml/xml/xsd/spdx-xml-ref.xsd","digest":"0898d07fc83ae4517c2c758912f43f6788a623275e8161a7f99fac5b3e7d2799","message":"Loaded Remote Resource"},"1542078386067332440":{"entrytype":"Authenticity Check","status":"Pass","timestamp":1542078386067329624,"filepath":"xml/xsd/spdx-xml-ref.xsd","digest":"0898d07fc83ae4517c2c758912f43f6788a623275e8161a7f99fac5b3e7d2799","message":"spdx-xml-ref.xsd matches authoritative source"},"1542078386209434237":{"entrytype":"Load Remote Match","status":"Pass","timestamp":1542078386069212361,"filepath":"tmp/spdx-xml/xml/instance/spdx-test-data.xml","digest":"903e02e2f86d4a0d2137d46092ff7373cb171940c1f70e3e5f965fe125add7ca","message":"Loaded Remote Resource"},"1542078386226902943":{"entrytype":"Authenticity Check","status":"Pass","timestamp":1542078386226901297,"filepath":"xml/instance/spdx-test-data.xml","digest":"903e02e2f86d4a0d2137d46092ff7373cb171940c1f70e3e5f965fe125add7ca","message":"spdx-test-data.xml matches authoritative source"},"1542078386279722919":{"entrytype":"Load Remote Match","status":"Pass","timestamp":1542078386259476809,"filepath":"tmp/spdx-doc-iepd/xml/xsd/spdx-xml-ref.xsd","digest":"0898d07fc83ae4517c2c758912f43f6788a623275e8161a7f99fac5b3e7d2799","message":"Loaded Remote Resource"},"1542078386281458612":{"entrytype":"Authenticity Check","status":"Pass","timestamp":1542078386281457959,"filepath":"xml/xsd/spdx-xml-ref.xsd","digest":"0898d07fc83ae4517c2c758912f43f6788a623275e8161a7f99fac5b3e7d2799","message":"spdx-xml-ref.xsd matches authoritative source"},"1542078386415918995":{"entrytype":"Load Remote Match","status":"Pass","timestamp":1542078386283046113,"filepath":"tmp/spdx-doc-iepd/xml/instance/spdx-doc-test-data.xml","digest":"a07f3c4e4cbff51467b486eb8dc2d2dddf75bf7098ad74ae166bff7fc67c7d83","message":"Loaded Remote Resource"},"1542078386434167233":{"entrytype":"Authenticity Check","status":"Pass","timestamp":1542078386434163872,"filepath":"xml/instance/spdx-doc-test-data.xml","digest":"a07f3c4e4cbff51467b486eb8dc2d2dddf75bf7098ad74ae166bff7fc67c7d83","message":"spdx-doc-test-data.xml matches authoritative source"},"1542078386570631830":{"entrytype":"GenerateResource","status":"Pass","timestamp":1542078386436331692,"filepath":"spdx-doc-iep.xsd","xslpath":"tmp/spdx-doc-iepd/xml/xsl/spdx-doc-iep.xsl","digest":"fa16f865aec2df5a606a35995af783650c1410e36ac0764e5f4e76c40511474c"},"1542078386579067668":{"entrytype":"GenerateResource","status":"Pass","timestamp":1542078386572420887,"filepath":"spdx-doc-instance.xml","xslpath":"tmp/spdx-doc-iepd/xml/xsl/spdx-doc-instance.xsl","digest":"da7dc734f14ae4f25a41ce1a326879a0653fb58ab573187012a0123535b49908"},"1542078386885889521":{"entrytype":"GenerateResource","status":"Pass","timestamp":1542078386583622361,"filepath":"spdx-xml-ref-xsd.json","xslpath":"tmp/spdx-doc-iepd/xml/xsl/common/xsd-json.xsl","digest":"e744712c3678c6bcc848f6b12f34f92f0badcac123bfdecbf4981c9741da6d09"},"1542078386900583090":{"entrytype":"GenerateResource","status":"Pass","timestamp":1542078386890552367,"filepath":"spdx-doc-iep-xsd.json","xslpath":"tmp/spdx-doc-iepd/xml/xsl/common/xsd-json.xsl","digest":"b8fe9d70b5ca0b9fc529385f7dd0214d2e45c1ff85674d3333717cacf7aa7d59"},"1542078386905054049":{"entrytype":"GenerateResource","status":"Pass","timestamp":1542078386902429544,"filepath":"spdx-doc-instance.json","xslpath":"tmp/spdx-doc-iepd/xml/xsl/common/xml-json.xsl","digest":"aad3b90e99c7ab95c02605df03adcad9799398c2c000d08a890e82b1266518e5"},"1542078386912637441":{"entrytype":"GenerateResource","status":"Pass","timestamp":1542078386906691694,"filepath":"spdx-doc-struct.go","xslpath":"tmp/spdx-doc-iepd/xml/xsl/spdx-doc-go-gen.xsl","digest":"ecdaa942d8bdc4ea01f74d019c3d896d866204ee3c08ce5c7cde433674c9d2f2"},"1542078386935363704":{"entrytype":"GenerateResource","status":"Pass","timestamp":1542078386929800448,"filepath":"spdx-doc-struct_test.go","xslpath":"tmp/spdx-doc-iepd/xml/xsl/spdx-doc-go-test-gen.xsl","digest":"0f427baba510bb9023cfbfb05496a4efab824403b48bb01243c677294eefd87a"},"1542078386941909873":{"entrytype":"GenerateResource","status":"Pass","timestamp":1542078386937067663,"filepath":"spdx-doc-documentation.html","xslpath":"tmp/spdx-doc-iepd/xml/xsl/common/docgen.xsl","digest":"24ee174a0e199e07ddad62d14f2d354309717aee55c3348b166b2c25b72c9aa1"},"1542078386943850126":{"entrytype":"Marshal Data","status":"Pass","timestamp":1542078386943834990,"filepath":"spdx-doc-instance-golang.xml","digest":"ec2cde015ada717f3192b6da48753d947cab920ce11058cfd93e9c5b6c775165"},"1542078402199022309":{"entrytype":"Validate","status":"Pass","timestamp":1542078386945403690,"filepath":"tmp/spdx-doc-iepd/xml/xsd/spdx-xml-ref.xsd","xsdpath":"tmp/spdx-doc-iepd/xml/xsd/ext/w3c/XMLSchema.xsd","valid":true},"1542078417425907138":{"entrytype":"Validate","status":"Pass","timestamp":1542078402202495838,"filepath":"tmp/spdx-doc-iepd/xml/xsd/spdx-doc-iep.xsd","xsdpath":"tmp/spdx-doc-iepd/xml/xsd/ext/w3c/XMLSchema.xsd","valid":true},"1542078417434612783":{"entrytype":"Validate","status":"Pass","timestamp":1542078417429669192,"filepath":"tmp/spdx-doc-iepd/xml/instance/spdx-doc-instance.xml","xsdpath":"tmp/spdx-doc-iepd/xml/xsd/spdx-doc-iep.xsd","valid":true},"1542078417462996040":{"entrytype":"Validate","status":"Pass","timestamp":1542078417436958688,"filepath":"tmp/spdx-doc-iepd/xml/instance/spdx-doc-instance.xml","xsdpath":"tmp/spdx-doc-iepd/xml/xsd/spdx-xml-ref.xsd","valid":true},"1542078417465994216":{"entrytype":"Validate","status":"Pass","timestamp":1542078417464740182,"filepath":"tmp/spdx-doc-iepd/xml/instance/spdx-doc-instance-golang.xml","xsdpath":"tmp/spdx-doc-iepd/xml/xsd/spdx-doc-iep.xsd","valid":true},"1542078417492438493":{"entrytype":"Validate","status":"Pass","timestamp":1542078417483242384,"filepath":"tmp/spdx-doc-iepd/xml/instance/spdx-doc-instance-golang.xml","xsdpath":"tmp/spdx-doc-iepd/xml/xsd/spdx-xml-ref.xsd","valid":true}}