{"SpdxDocumentType":{"xsdnode":"complexType","name":"SpdxDocumentType","documentation":"A data type for SpdxDocument type","appinfo":{"ComplexType":{"name":"SpdxDocument","xmlname":"SpdxDocument","comment":"An SpdxDocument is a summary of the contents, provenance, ownership and licensing analysis of a specific software package. This is, effectively, the top level of SPDX information.","rdf":"http://spdx.org/rdf/terms#SpdxDocument","subclassof":"SpdxElement"}},"sequence":{"DescribesPackageID":{"xsdnode":"element","ref":"DescribesPackageID"},"DescribesFileID":{"xsdnode":"element","ref":"DescribesFileID"},"HasExtractedLicensingInfoID":{"xsdnode":"element","ref":"HasExtractedLicensingInfoID","minOccurs":"1","maxOccurs":"1"},"CreationInfo":{"xsdnode":"element","ref":"CreationInfo","minOccurs":"1","maxOccurs":"1"},"SpecVersionText":{"xsdnode":"element","ref":"SpecVersionText","minOccurs":"1","maxOccurs":"1"},"ExternalDocumentRef":{"xsdnode":"element","ref":"ExternalDocumentRef","minOccurs":"0"},"DataLicenseID":{"xsdnode":"element","ref":"DataLicenseID"}}},"AlgorithmCodeSimpleType":{"xsdnode":"simpleType","name":"AlgorithmCodeSimpleType","documentation":"A data type for Algorithm properties","appinfo":{"SimpleType":{"name":"AlgorithmCodeSimpleType","rdf":"http://spdx.org/rdf/terms#algorithm"}},"enumerations":{"ChecksumAlgorithmMd5":{"value":"ChecksumAlgorithmMd5","documentation":"Indicates the algorithm used was MD5","appinfo":{"Enum":{"rdf":"http://spdx.org/rdf/terms#algorithm"}}},"ChecksumAlgorithmSha1":{"value":"ChecksumAlgorithmSha1","documentation":"Indicates the algorithm used was SHA-1","appinfo":{"Enum":{"rdf":"http://spdx.org/rdf/terms#algorithm"}}},"ChecksumAlgorithmSha256":{"value":"ChecksumAlgorithmSha256","documentation":"Indicates the algorithm used was SHA256","appinfo":{"Enum":{"rdf":"http://spdx.org/rdf/terms#algorithm"}}}}},"AnnotationTypeCodeSimpleType":{"xsdnode":"simpleType","name":"AnnotationTypeCodeSimpleType","documentation":"A data type for AnnotationType properties","appinfo":{"SimpleType":{"name":"AnnotationTypeCodeSimpleType","rdf":"http://spdx.org/rdf/terms#annotationType"}},"enumerations":{"AnnotationTypeOther":{"value":"AnnotationTypeOther","documentation":"Type of annotation which does not fit in any of the pre-defined annotation types.","appinfo":{"Enum":{"rdf":"http://spdx.org/rdf/terms#annotationType"}}},"AnnotationTypeReview":{"value":"AnnotationTypeReview","documentation":"A Review represents an audit and signoff by an individual, organization or tool on the information for an SpdxElement.","appinfo":{"Enum":{"rdf":"http://spdx.org/rdf/terms#annotationType"}}}}},"RelationshipTypeCodeSimpleType":{"xsdnode":"simpleType","name":"RelationshipTypeCodeSimpleType","documentation":"A data type for RelationshipType properties","appinfo":{"SimpleType":{"name":"RelationshipTypeCodeSimpleType","rdf":"http://spdx.org/rdf/terms#relationshipType"}},"enumerations":{"RelationshipTypeAmendment":{"value":"RelationshipTypeAmendment","documentation":"To be used when SPDXRef-A amends the SPDX information in SPDXRef-B.","appinfo":{"Enum":{"rdf":"http://spdx.org/rdf/terms#relationshipType"}}},"RelationshipTypeAncestorOf":{"value":"RelationshipTypeAncestorOf","documentation":"A Relationship of relationshipType_ancestorOf expresses that an SPDXElement is an ancestor of (same lineage but pre-dates) the relatedSPDXElement. For example, an upstream File is an ancestor of a modified downstream File","appinfo":{"Enum":{"rdf":"http://spdx.org/rdf/terms#relationshipType"}}},"RelationshipTypeBuildToolOf":{"value":"RelationshipTypeBuildToolOf","documentation":"To be used when SPDXRef-A is used to to build SPDXRef-B.","appinfo":{"Enum":{"rdf":"http://spdx.org/rdf/terms#relationshipType"}}},"RelationshipTypeContainedBy":{"value":"RelationshipTypeContainedBy","documentation":"A Relationship of relationshipType_containedBy expresses that an SPDXElement is contained by the relatedSPDXElement. For example, a File contained by a Package.","appinfo":{"Enum":{"rdf":"http://spdx.org/rdf/terms#relationshipType"}}},"RelationshipTypeContains":{"value":"RelationshipTypeContains","documentation":"A Relationship of relationshipType_contains expresses that an SPDXElement contains the relatedSPDXElement. For example, a Package contains a File. (relationshipType_contains introduced in SPDX 2.0 deprecates property 'hasFile' from SPDX 1.2)","appinfo":{"Enum":{"rdf":"http://spdx.org/rdf/terms#relationshipType"}}},"RelationshipTypeCopyOf":{"value":"RelationshipTypeCopyOf","documentation":"A Relationship of relationshipType_copyOf expresses that the SPDXElement is an exact copy of the relatedSDPXElement. For example, a downstream distribution of a binary library which was copied from the upstream package.","appinfo":{"Enum":{"rdf":"http://spdx.org/rdf/terms#relationshipType"}}},"RelationshipTypeDataFileOf":{"value":"RelationshipTypeDataFileOf","documentation":"Is to be used when SPDXRef-A is a data file used in SPDXRef-B.","appinfo":{"Enum":{"rdf":"http://spdx.org/rdf/terms#relationshipType"}}},"RelationshipTypeDescendantOf":{"value":"RelationshipTypeDescendantOf","documentation":"A Relationship of relationshipType_descendantOf expresses that an SPDXElement is a descendant of (same lineage but post-dates) the relatedSPDXElement. For example, an downstream File that was modified is a descendant of an upstream File","appinfo":{"Enum":{"rdf":"http://spdx.org/rdf/terms#relationshipType"}}},"RelationshipTypeDescribedBy":{"value":"RelationshipTypeDescribedBy","documentation":"Is to be used an SPDXRef-A is described by SPDXRef-Document.","appinfo":{"Enum":{"rdf":"http://spdx.org/rdf/terms#relationshipType"}}},"RelationshipTypeDescribes":{"value":"RelationshipTypeDescribes","documentation":"Is to be used when SPDXRef-DOCUMENT describes SPDXRef-A.","appinfo":{"Enum":{"rdf":"http://spdx.org/rdf/terms#relationshipType"}}},"RelationshipTypeDistributionArtifact":{"value":"RelationshipTypeDistributionArtifact","documentation":"A Relationship of relationshipType_distributionArtifact expresses that distributing the SPDXElement requires that the relatedSPDXElement also be distributed. For example, distributing a binary File may require that a source tarball (another File) be made available with the distribuiton.","appinfo":{"Enum":{"rdf":"http://spdx.org/rdf/terms#relationshipType"}}},"RelationshipTypeDocumentation":{"value":"RelationshipTypeDocumentation","documentation":"To be used when SPDXRef-A provides documentation of SPDXRef-B.","appinfo":{"Enum":{"rdf":"http://spdx.org/rdf/terms#relationshipType"}}},"RelationshipTypeDynamicLink":{"value":"RelationshipTypeDynamicLink","documentation":"Is to be used when SPDXRef-A dynamically links to SPDXRef-B.","appinfo":{"Enum":{"rdf":"http://spdx.org/rdf/terms#relationshipType"}}},"RelationshipTypeExpandedFromArchive":{"value":"RelationshipTypeExpandedFromArchive","documentation":"A Relationship of relationshipType_expandedFromArchive expresses that the SPDXElement is a file which was epanded from a relatedSPDXElement file. For example, if there is an archive file xyz.tar.gz containing a file foo.c the archive file was expanded in a directory arch/xyz, the file arch/xyz/foo.c would have a relationshipType_expandedFromArchive with the file xyz.tar.gz.","appinfo":{"Enum":{"rdf":"http://spdx.org/rdf/terms#relationshipType"}}},"RelationshipTypeFileAdded":{"value":"RelationshipTypeFileAdded","documentation":"A Relationship of relationshipType_fileAdded expresses that the SPDXElement is a file which has been added to the relatedSPDXElement package. For example, a package (the relatedSPDXElement) has been patched to remove a file (the SPDXElement). This relationship is typically used to express the result of a patched package when the actual patchfile is not present.","appinfo":{"Enum":{"rdf":"http://spdx.org/rdf/terms#relationshipType"}}},"RelationshipTypeFileDeleted":{"value":"RelationshipTypeFileDeleted","documentation":"A Relationship of relationshipType_fileDeleted expresses that the SPDXElement is a package where the relatedSPDXElement file has been removed. For example, a package has been patched to remove a file a file (the relatedSPDXElement resulting in the patched package (the SPDXElement). This relationship is typically used to express the result of a patched package when the actual patchfile is not present.","appinfo":{"Enum":{"rdf":"http://spdx.org/rdf/terms#relationshipType"}}},"RelationshipTypeFileModified":{"value":"RelationshipTypeFileModified","documentation":"A Relationship of relationshipType_fileModified expresses that the SPDXElement is a file which is a modified version of the relatedSPDXElement file. For example, a file (the SPDXElement) has been patched to modify the contents of the original file (the SPDXElement). This relationship is typically used to express the result of a patched package when the actual patchfile is not present.","appinfo":{"Enum":{"rdf":"http://spdx.org/rdf/terms#relationshipType"}}},"RelationshipTypeGeneratedFrom":{"value":"RelationshipTypeGeneratedFrom","documentation":"A Relationship of relationshipType_generatedFrom expresses that an SPDXElement was generated from the relatedSPDXElement. For example, a binary File might have been generated from a source File.","appinfo":{"Enum":{"rdf":"http://spdx.org/rdf/terms#relationshipType"}}},"RelationshipTypeGenerates":{"value":"RelationshipTypeGenerates","documentation":"A Relationship of relationshipType_generates expresses that an SPDXElement generates the relatedSPDXElement. For example, a source File generates a binary File.","appinfo":{"Enum":{"rdf":"http://spdx.org/rdf/terms#relationshipType"}}},"RelationshipTypeHasPrerequisite":{"value":"RelationshipTypeHasPrerequisite","documentation":"Is to be used when SPDXRef-A has as a prerequisite SPDXRef-B.","appinfo":{"Enum":{"rdf":"http://spdx.org/rdf/terms#relationshipType"}}},"RelationshipTypeMetafileOf":{"value":"RelationshipTypeMetafileOf","documentation":"To be used when SPDXRef-A is a metafile of SPDXRef-B.","appinfo":{"Enum":{"rdf":"http://spdx.org/rdf/terms#relationshipType"}}},"RelationshipTypeOptionalComponentOf":{"value":"RelationshipTypeOptionalComponentOf","documentation":"To be used when SPDXRef-A is an optional component of SPDXRef-B.","appinfo":{"Enum":{"rdf":"http://spdx.org/rdf/terms#relationshipType"}}},"RelationshipTypeOther":{"value":"RelationshipTypeOther","documentation":"to be used for a relationship which has not been defined in the formal SPDX specification. A description of the relationship should be included in the Relationship comments field.","appinfo":{"Enum":{"rdf":"http://spdx.org/rdf/terms#relationshipType"}}},"RelationshipTypePackageOf":{"value":"RelationshipTypePackageOf","documentation":"To be used when SPDXRef-A is used as a package as part of SPDXRef-B.","appinfo":{"Enum":{"rdf":"http://spdx.org/rdf/terms#relationshipType"}}},"RelationshipTypePatchApplied":{"value":"RelationshipTypePatchApplied","documentation":"A Relationship of relationshipType_patchApplied expresses that the SPDXElement is a 'patchfile' that was applied and produced the relatedSPDXElement. For example, a .diff File relates to a specific file where the diff was applied.","appinfo":{"Enum":{"rdf":"http://spdx.org/rdf/terms#relationshipType"}}},"RelationshipTypePatchFor":{"value":"RelationshipTypePatchFor","documentation":"A Relationship of relationshipType_patchFor expresses that the SPDXElement is a 'patchfile' that is designed to patch (apply modifications to) the relatedSPDXElement. For example, relationship from a .diff File to a Package it is designed to patch.","appinfo":{"Enum":{"rdf":"http://spdx.org/rdf/terms#relationshipType"}}},"RelationshipTypePrerequisiteFor":{"value":"RelationshipTypePrerequisiteFor","documentation":"Is to be used when SPDXRef-A is a prerequisite for SPDXRef-B","appinfo":{"Enum":{"rdf":"http://spdx.org/rdf/terms#relationshipType"}}},"RelationshipTypeStaticLink":{"value":"RelationshipTypeStaticLink","documentation":"Is to be used when SPDXRef-A statically links to SPDXRef-B.","appinfo":{"Enum":{"rdf":"http://spdx.org/rdf/terms#relationshipType"}}},"RelationshipTypeTestcaseOf":{"value":"RelationshipTypeTestcaseOf","documentation":"Is to be used when SPDXRef-A is a test case used in testing SPDXRef-B.","appinfo":{"Enum":{"rdf":"http://spdx.org/rdf/terms#relationshipType"}}},"RelationshipTypeVariantOf":{"value":"RelationshipTypeVariantOf","documentation":"A Relationship of relationshipType_variantOf expresses that an SPDXElement is a variant of the relatedSPDXElement, but it is not clear which came first. For example, if the content of two Files differs by some edit, but there is no way to tell which came first (no reliable date information), then one File is a variant of the other File.","appinfo":{"Enum":{"rdf":"http://spdx.org/rdf/terms#relationshipType"}}}}},"AlgorithmCodeType":{"xsdnode":"complexType","name":"AlgorithmCodeType","documentation":"A data type for Algorithm properties","appinfo":{"ComplexType":{"name":"Algorithm CodeSimpleType","rdf":"http://spdx.org/rdf/terms#algorithm"}},"datatype":"AlgorithmCodeSimpleType"},"AnnotationType":{"xsdnode":"complexType","name":"AnnotationType","documentation":"A data type for Annotation type","appinfo":{"ComplexType":{"name":"Annotation","xmlname":"Annotation","comment":"An Annotation is a comment on an SpdxItem by an agent.","rdf":"http://spdx.org/rdf/terms#Annotation","subclassof":"Thing"}},"sequence":{"Date":{"xsdnode":"element","ref":"Date","minOccurs":"1","maxOccurs":"1"},"AnnotationTypeCode":{"xsdnode":"element","ref":"AnnotationTypeCode"},"CommentText":{"xsdnode":"element","ref":"CommentText","minOccurs":"1","maxOccurs":"1"},"AnnotatorText":{"xsdnode":"element","ref":"AnnotatorText","minOccurs":"1","maxOccurs":"1"}}},"AnnotationTypeCodeType":{"xsdnode":"complexType","name":"AnnotationTypeCodeType","documentation":"A data type for AnnotationType properties","appinfo":{"ComplexType":{"name":"AnnotationType CodeSimpleType","rdf":"http://spdx.org/rdf/terms#annotationType"}},"datatype":"AnnotationTypeCodeSimpleType"},"AnnotatorTextType":{"xsdnode":"complexType","name":"AnnotatorTextType","documentation":"A data type for This field identifies the person, organization or tool that has commented on a file, package, or entire document.","appinfo":{"ComplexType":{"name":"annotator","xmlname":"AnnotatorText","typename":"Annotator","comment":"This field identifies the person, organization or tool that has commented on a file, package, or entire document.","rdf":"http://spdx.org/rdf/terms#annotator","range":"String"}},"datatype":"string"},"ChecksumType":{"xsdnode":"complexType","name":"ChecksumType","documentation":"A data type for Checksum type","appinfo":{"ComplexType":{"name":"Checksum","xmlname":"Checksum","comment":"A Checksum is value that allows the contents of a file to be authenticated. Even small changes to the content of the file will change its checksum. This class allows the results of a variety of checksum and cryptographic message digest algorithms to be represented.","rdf":"http://spdx.org/rdf/terms#Checksum"}},"sequence":{"ChecksumValue":{"xsdnode":"element","ref":"ChecksumValue","minOccurs":"1","maxOccurs":"1"},"AlgorithmCode":{"xsdnode":"element","ref":"AlgorithmCode"}}},"ChecksumValueType":{"xsdnode":"complexType","name":"ChecksumValueType","documentation":"A data type for The checksumValue property provides a lower case hexidecimal encoded digest value produced using a specific algorithm.","appinfo":{"ComplexType":{"name":"checksumValue","xmlname":"ChecksumValue","typename":"ChecksumValue","comment":"The checksumValue property provides a lower case hexidecimal encoded digest value produced using a specific algorithm.","rdf":"http://spdx.org/rdf/terms#checksumValue","domain":"Checksum","range":"HexBinary"}},"datatype":"hexBinary"},"CommentTextType":{"xsdnode":"complexType","name":"CommentTextType","documentation":"A data type for CommentText","appinfo":{"ComplexType":{"name":"comment","xmlname":"CommentText","typename":"Comment","comment":"","rdf":"http://www.w3.org/2000/01/rdf-schema#comment"}},"datatype":"string"},"CreatedDateTimeType":{"xsdnode":"complexType","name":"CreatedDateTimeType","documentation":"A data type for The date and time at which the SpdxDocument was created. This value must in UTC and have 'Z' as its timezone indicator.","appinfo":{"ComplexType":{"name":"created","xmlname":"CreatedDateTime","typename":"Created","comment":"The date and time at which the SpdxDocument was created. This value must in UTC and have 'Z' as its timezone indicator.","rdf":"http://spdx.org/rdf/terms#created","domain":"CreationInfo","range":"DateTime","subpropertyof":"Date"}},"datatype":"dateTime"},"CreationInfoType":{"xsdnode":"complexType","name":"CreationInfoType","documentation":"A data type for CreationInfo type","appinfo":{"ComplexType":{"name":"CreationInfo","xmlname":"CreationInfo","comment":"A CreationInfo provides information about the individuals, organizations and tools involved in the creation of an SpdxDocument.","rdf":"http://spdx.org/rdf/terms#CreationInfo"}},"sequence":{"LicenseListVersionText":{"xsdnode":"element","ref":"LicenseListVersionText","minOccurs":"0"},"CreatedDateTime":{"xsdnode":"element","ref":"CreatedDateTime","minOccurs":"1","maxOccurs":"1"},"CommentText":{"xsdnode":"element","ref":"CommentText","minOccurs":"0"},"CreatorText":{"xsdnode":"element","ref":"CreatorText","minOccurs":"1"}}},"CreatorTextType":{"xsdnode":"complexType","name":"CreatorTextType","documentation":"A data type for The name and, optionally, contact information of a person, organization or tool that created, or was used to create, the SpdxDocument. Values of this property must conform to the agent and tool syntax.","appinfo":{"ComplexType":{"name":"creator","xmlname":"CreatorText","typename":"Creator","comment":"The name and, optionally, contact information of a person, organization or tool that created, or was used to create, the SpdxDocument. Values of this property must conform to the agent and tool syntax.","rdf":"http://spdx.org/rdf/terms#creator","domain":"CreationInfo","range":"String"}},"datatype":"string"},"DateType":{"xsdnode":"complexType","name":"DateType","documentation":"A data type for A date-time stamp.","appinfo":{"ComplexType":{"name":"date","xmlname":"Date","typename":"Date","comment":"A date-time stamp.","rdf":"http://spdx.org/rdf/terms#date","domain":"AnnotationCreationInfo","range":"DateTime"}},"datatype":"dateTime"},"ExternalDocumentIDType":{"xsdnode":"complexType","name":"ExternalDocumentIDType","documentation":"A data type for externalDocumentId is a string containing letters, numbers, “.”, “-” or “+” which uniquely identifies an external document within this document.","appinfo":{"ComplexType":{"name":"externalDocumentId","xmlname":"ExternalDocumentID","typename":"ExternalDocumentID","comment":"externalDocumentId is a string containing letters, numbers, “.”, “-” or “+” which uniquely identifies an external document within this document.","rdf":"http://spdx.org/rdf/terms#externalDocumentId","domain":"ExternalDocumentRef","range":"String"}},"datatype":"string"},"ExternalDocumentRefType":{"xsdnode":"complexType","name":"ExternalDocumentRefType","documentation":"A data type for ExternalDocumentRef type","appinfo":{"ComplexType":{"name":"ExternalDocumentRef","xmlname":"ExternalDocumentRef","comment":"Information about an external SPDX document reference including the checksum. This allows for verification of the external references.","rdf":"http://spdx.org/rdf/terms#ExternalDocumentRef"}},"sequence":{"Checksum":{"xsdnode":"element","ref":"Checksum","minOccurs":"1","maxOccurs":"1"},"ExternalDocumentID":{"xsdnode":"element","ref":"ExternalDocumentID","minOccurs":"1","maxOccurs":"1"},"SpdxDocumentID":{"xsdnode":"element","ref":"SpdxDocumentID","minOccurs":"1","maxOccurs":"1"}}},"LicenseIDType":{"xsdnode":"complexType","name":"LicenseIDType","documentation":"A data type for A human readable short form license identifier for a license. The license ID is iether on the standard license oist or the form LicenseRef-[idString] where [idString] is a unique string containing letters, numbers, ., - or +.","appinfo":{"ComplexType":{"name":"licenseId","xmlname":"LicenseID","typename":"LicenseID","comment":"A human readable short form license identifier for a license. The license ID is iether on the standard license oist or the form \"LicenseRef-\"[idString] where [idString] is a unique string containing letters, numbers, \".\", \"-\" or \"+\".","rdf":"http://spdx.org/rdf/terms#licenseId","domain":"SimpleLicensingInfo","range":"String"}},"datatype":"string"},"LicenseListVersionTextType":{"xsdnode":"complexType","name":"LicenseListVersionTextType","documentation":"A data type for An optional field for creators of the SPDX file to provide the version of the SPDX License List used when the SPDX file was created.","appinfo":{"ComplexType":{"name":"licenseListVersion","xmlname":"LicenseListVersionText","typename":"LicenseListVersion","comment":"An optional field for creators of the SPDX file to provide the version of the SPDX License List used when the SPDX file was created.","rdf":"http://spdx.org/rdf/terms#licenseListVersion","domain":"CreationInfo","range":"String"}},"datatype":"string"},"NameType":{"xsdnode":"complexType","name":"NameType","documentation":"A data type for The full human readable name of the item. This should include version information when applicable.","appinfo":{"ComplexType":{"name":"name","xmlname":"Name","typename":"Name","comment":"The full human readable name of the item. This should include version information when applicable.","rdf":"http://spdx.org/rdf/terms#name","domain":"SpdxElement","range":"String"}},"datatype":"string"},"RelationshipType":{"xsdnode":"complexType","name":"RelationshipType","documentation":"A data type for Relationship type","appinfo":{"ComplexType":{"name":"Relationship","xmlname":"Relationship","comment":"A Relationship represents a relationship between two SpdxElements.","rdf":"http://spdx.org/rdf/terms#Relationship","subclassof":"Thing"}},"sequence":{"RelationshipTypeCode":{"xsdnode":"element","ref":"RelationshipTypeCode"},"CommentText":{"xsdnode":"element","ref":"CommentText","maxOccurs":"1"},"RelatedSpdxElementID":{"xsdnode":"element","ref":"RelatedSpdxElementID","minOccurs":"1","maxOccurs":"1"}}},"RelationshipTypeCodeType":{"xsdnode":"complexType","name":"RelationshipTypeCodeType","documentation":"A data type for RelationshipType properties","appinfo":{"ComplexType":{"name":"RelationshipType CodeSimpleType","rdf":"http://spdx.org/rdf/terms#relationshipType"}},"datatype":"RelationshipTypeCodeSimpleType"},"SpdxElementType":{"xsdnode":"complexType","name":"SpdxElementType","documentation":"A data type for SpdxElement type","appinfo":{"ComplexType":{"name":"SpdxElement","xmlname":"SpdxElement","comment":"An SpdxElement is any thing described in SPDX, either a document or an SpdxItem. SpdxElements can be related to other SpdxElements.","rdf":"http://spdx.org/rdf/terms#SpdxElement","subclassof":"Thing"}},"sequence":{"SpdxID":{"xsdnode":"element","ref":"SpdxID"},"Annotation":{"xsdnode":"element","ref":"Annotation","minOccurs":"0"},"Name":{"xsdnode":"element","ref":"Name","minOccurs":"1","maxOccurs":"1"},"CommentText":{"xsdnode":"element","ref":"CommentText","maxOccurs":"1"},"Relationship":{"xsdnode":"element","ref":"Relationship","minOccurs":"0"}}},"SpdxIDType":{"xsdnode":"complexType","name":"SpdxIDType","documentation":"A data type to identify the current SPDX document which may be referenced in relationships by other files, packages internally and documents externally.","appinfo":{"ComplexType":{"name":"IsDeprecatedLicenseIDType","comment":"A data type to identify the current SPDX document which may be referenced in relationships by other files, packages internally and documents externally.","rdf":"#SPDXRef-DOCUMENT","domain":"Document","range":"String"}},"datatype":"string"},"SpecVersionTextType":{"xsdnode":"complexType","name":"SpecVersionTextType","documentation":"A data type for Identifies the version of this specification that was used to produce this SPDX document. The value for this version of the spec is SPDX-1.2. The values SPDX-1.0 and SPDX-1.1 may also be supported by SPDX tools for backwards compatibility purposes.","appinfo":{"ComplexType":{"name":"specVersion","xmlname":"SpecVersionText","typename":"SpecVersion","comment":"Identifies the version of this specification that was used to produce this SPDX document. The value for this version of the spec is SPDX-1.2. The values SPDX-1.0 and SPDX-1.1 may also be supported by SPDX tools for backwards compatibility purposes.","rdf":"http://spdx.org/rdf/terms#specVersion","domain":"SpdxDocument","range":"String"}},"datatype":"string"},"AlgorithmCode":{"xsdnode":"element","name":"AlgorithmCode","type":"AlgorithmCodeType","nillable":"true","documentation":"A data item for Algorithm properties","appinfo":{"Element":{"name":"AlgorithmCode","rdf":"http://spdx.org/rdf/terms#algorithm"}}},"Annotation":{"xsdnode":"element","name":"Annotation","type":"AnnotationType","nillable":"true","documentation":"A data item for Annotation","appinfo":{"Element":{"name":"Annotation","xmlname":"Annotation","comment":"An Annotation is a comment on an SpdxItem by an agent.","rdf":"http://spdx.org/rdf/terms#Annotation","subclassof":"Thing"}}},"AnnotationTypeCode":{"xsdnode":"element","name":"AnnotationTypeCode","type":"AnnotationTypeCodeType","nillable":"true","documentation":"A data item for AnnotationType properties","appinfo":{"Element":{"name":"AnnotationTypeCode","rdf":"http://spdx.org/rdf/terms#annotationType"}}},"AnnotatorText":{"xsdnode":"element","name":"AnnotatorText","type":"AnnotatorTextType","nillable":"true","documentation":"A data type for This field identifies the person, organization or tool that has commented on a file, package, or entire document.","appinfo":{"Element":{"name":"annotator","xmlname":"AnnotatorText","typename":"Annotator","comment":"This field identifies the person, organization or tool that has commented on a file, package, or entire document.","rdf":"http://spdx.org/rdf/terms#annotator","range":"String"}}},"Checksum":{"xsdnode":"element","name":"Checksum","type":"ChecksumType","nillable":"true","documentation":"A data item for Checksum","appinfo":{"Element":{"name":"Checksum","xmlname":"Checksum","comment":"A Checksum is value that allows the contents of a file to be authenticated. Even small changes to the content of the file will change its checksum. This class allows the results of a variety of checksum and cryptographic message digest algorithms to be represented.","rdf":"http://spdx.org/rdf/terms#Checksum"}}},"ChecksumValue":{"xsdnode":"element","name":"ChecksumValue","type":"ChecksumValueType","nillable":"true","documentation":"A data type for The checksumValue property provides a lower case hexidecimal encoded digest value produced using a specific algorithm.","appinfo":{"Element":{"name":"checksumValue","xmlname":"ChecksumValue","typename":"ChecksumValue","comment":"The checksumValue property provides a lower case hexidecimal encoded digest value produced using a specific algorithm.","rdf":"http://spdx.org/rdf/terms#checksumValue","domain":"Checksum","range":"HexBinary"}}},"CommentText":{"xsdnode":"element","name":"CommentText","type":"CommentTextType","nillable":"true","documentation":"A data type for CommentText","appinfo":{"Element":{"name":"comment","xmlname":"CommentText","typename":"Comment","comment":"","rdf":"http://www.w3.org/2000/01/rdf-schema#comment"}}},"CreatedDateTime":{"xsdnode":"element","name":"CreatedDateTime","type":"CreatedDateTimeType","nillable":"true","documentation":"A data type for The date and time at which the SpdxDocument was created. This value must in UTC and have 'Z' as its timezone indicator.","appinfo":{"Element":{"name":"created","xmlname":"CreatedDateTime","typename":"Created","comment":"The date and time at which the SpdxDocument was created. This value must in UTC and have 'Z' as its timezone indicator.","rdf":"http://spdx.org/rdf/terms#created","domain":"CreationInfo","range":"DateTime","subpropertyof":"Date"}}},"CreationInfo":{"xsdnode":"element","name":"CreationInfo","type":"CreationInfoType","nillable":"true","documentation":"A data item for CreationInfo","appinfo":{"Element":{"name":"CreationInfo","xmlname":"CreationInfo","comment":"A CreationInfo provides information about the individuals, organizations and tools involved in the creation of an SpdxDocument.","rdf":"http://spdx.org/rdf/terms#CreationInfo"}}},"CreatorText":{"xsdnode":"element","name":"CreatorText","type":"CreatorTextType","nillable":"true","documentation":"A data type for The name and, optionally, contact information of a person, organization or tool that created, or was used to create, the SpdxDocument. Values of this property must conform to the agent and tool syntax.","appinfo":{"Element":{"name":"creator","xmlname":"CreatorText","typename":"Creator","comment":"The name and, optionally, contact information of a person, organization or tool that created, or was used to create, the SpdxDocument. Values of this property must conform to the agent and tool syntax.","rdf":"http://spdx.org/rdf/terms#creator","domain":"CreationInfo","range":"String"}}},"DataLicenseID":{"xsdnode":"element","name":"DataLicenseID","type":"LicenseIDType","nillable":"true","documentation":"A data item for The licensing under which the creator of this SPDX document allows related data to be reproduced. The only valid value for this property is http://spdx.org/licenses/CC0-1.0. This is to alleviate any concern that content (the data) in an SPDX file is subject to any form of intellectual property right that could restrict the re-use of the information or the creation of another SPDX file for the same project(s). This approach avoids intellectual property and related restrictions over the SPDX file, however individuals can still contract one to one to restrict release of specific collections of SPDX files (which map to software bill of materials) and the identification of the supplier of SPDX files.","appinfo":{"Element":{"name":"dataLicense","xmlname":"DataLicenseID","comment":"The licensing under which the creator of this SPDX document allows related data to be reproduced. The only valid value for this property is http://spdx.org/licenses/CC0-1.0. This is to alleviate any concern that content (the data) in an SPDX file is subject to any form of intellectual property right that could restrict the re-use of the information or the creation of another SPDX file for the same project(s). This approach avoids intellectual property and related restrictions over the SPDX file, however individuals can still contract one to one to restrict release of specific collections of SPDX files (which map to software bill of materials) and the identification of the supplier of SPDX files.","rdf":"http://spdx.org/rdf/terms#dataLicense","domain":"SpdxDocument","type":"FunctionalProperty"}}},"Date":{"xsdnode":"element","name":"Date","type":"DateType","nillable":"true","documentation":"A data type for A date-time stamp.","appinfo":{"Element":{"name":"date","xmlname":"Date","typename":"Date","comment":"A date-time stamp.","rdf":"http://spdx.org/rdf/terms#date","domain":"AnnotationCreationInfo","range":"DateTime"}}},"DescribesFileID":{"xsdnode":"element","name":"DescribesFileID","type":"SpdxIDType","nillable":"true","documentation":"A data item for The describesFile property relates an SpdxDocument to the file which it describes.","appinfo":{"Element":{"name":"describesFile","xmlname":"DescribesFile","comment":"The describesFile property relates an SpdxDocument to the file which it describes.","rdf":"http://spdx.org/rdf/terms#describesFile","domain":"SpdxDocument","range":"String"}}},"DescribesPackageID":{"xsdnode":"element","name":"DescribesPackageID","type":"SpdxIDType","nillable":"true","documentation":"A data item for The describesPackage property relates an SpdxDocument to the package which it describes.","appinfo":{"Element":{"name":"describesPackage","xmlname":"DescribesPackageID","comment":"The describesPackage property relates an SpdxDocument to the package which it describes.","rdf":"http://spdx.org/rdf/terms#describesPackage","domain":"SpdxDocument","range":"String"}}},"ExternalDocumentID":{"xsdnode":"element","name":"ExternalDocumentID","type":"ExternalDocumentIDType","nillable":"true","documentation":"A data type for externalDocumentId is a string containing letters, numbers, “.”, “-” or “+” which uniquely identifies an external document within this document.","appinfo":{"Element":{"name":"externalDocumentId","xmlname":"ExternalDocumentID","typename":"ExternalDocumentID","comment":"externalDocumentId is a string containing letters, numbers, “.”, “-” or “+” which uniquely identifies an external document within this document.","rdf":"http://spdx.org/rdf/terms#externalDocumentId","domain":"ExternalDocumentRef","range":"String"}}},"ExternalDocumentRef":{"xsdnode":"element","name":"ExternalDocumentRef","type":"ExternalDocumentRefType","nillable":"true","documentation":"A data item for ExternalDocumentRef","appinfo":{"Element":{"name":"ExternalDocumentRef","xmlname":"ExternalDocumentRef","comment":"Information about an external SPDX document reference including the checksum. This allows for verification of the external references.","rdf":"http://spdx.org/rdf/terms#ExternalDocumentRef"}}},"HasExtractedLicensingInfoID":{"xsdnode":"element","name":"HasExtractedLicensingInfoID","type":"SpdxIDType","nillable":"true","documentation":"A data item for Indicates that a particular ExtractedLicensingInfo was defined in the subject SpdxDocument.","appinfo":{"Element":{"name":"HasExtractedLicensingInfoID","xmlname":"HasExtractedLicensingInfo","comment":"Indicates that a particular ExtractedLicensingInfo was defined in the subject SpdxDocument.","rdf":"http://spdx.org/rdf/terms#hasExtractedLicensingInfo","domain":"ExtractedLicenseInfoSpdxDocument","range":"String"}}},"LicenseListVersionText":{"xsdnode":"element","name":"LicenseListVersionText","type":"LicenseListVersionTextType","nillable":"true","documentation":"A data type for An optional field for creators of the SPDX file to provide the version of the SPDX License List used when the SPDX file was created.","appinfo":{"Element":{"name":"licenseListVersion","xmlname":"LicenseListVersionText","typename":"LicenseListVersion","comment":"An optional field for creators of the SPDX file to provide the version of the SPDX License List used when the SPDX file was created.","rdf":"http://spdx.org/rdf/terms#licenseListVersion","domain":"CreationInfo","range":"String"}}},"Name":{"xsdnode":"element","name":"Name","type":"NameType","nillable":"true","documentation":"A data type for The full human readable name of the item. This should include version information when applicable.","appinfo":{"Element":{"name":"name","xmlname":"Name","typename":"Name","comment":"The full human readable name of the item. This should include version information when applicable.","rdf":"http://spdx.org/rdf/terms#name","domain":"SpdxElement","range":"String"}}},"RelatedSpdxElementID":{"xsdnode":"element","name":"RelatedSpdxElementID","type":"SpdxIDType","nillable":"true","documentation":"A data item to identify the current SPDX document which may be referenced in relationships by other files, packages internally and documents externally.","appinfo":{"Element":{"name":"SpdxID","comment":"A data item to identify the current SPDX document which may be referenced in relationships by other files, packages internally and documents externally.","rdf":"#SPDXRef-DOCUMENT","domain":"Document","range":"String"}}},"Relationship":{"xsdnode":"element","name":"Relationship","type":"RelationshipType","nillable":"true","documentation":"A data item for Relationship","appinfo":{"Element":{"name":"Relationship","xmlname":"Relationship","comment":"A Relationship represents a relationship between two SpdxElements.","rdf":"http://spdx.org/rdf/terms#Relationship","subclassof":"Thing"}}},"RelationshipTypeCode":{"xsdnode":"element","name":"RelationshipTypeCode","type":"RelationshipTypeCodeType","nillable":"true","documentation":"A data item for RelationshipType properties","appinfo":{"Element":{"name":"RelationshipTypeCode","rdf":"http://spdx.org/rdf/terms#relationshipType"}}},"SpdxDocument":{"xsdnode":"element","name":"SpdxDocument","type":"SpdxDocumentType","nillable":"true","documentation":"A data item for SpdxDocument","appinfo":{"Element":{"name":"SpdxDocument","xmlname":"SpdxDocument","comment":"An SpdxDocument is a summary of the contents, provenance, ownership and licensing analysis of a specific software package. This is, effectively, the top level of SPDX information.","rdf":"http://spdx.org/rdf/terms#SpdxDocument","subclassof":"SpdxElement"}}},"SpdxDocumentID":{"xsdnode":"element","name":"SpdxDocumentID","type":"SpdxIDType","nillable":"true","documentation":"A data item to identify the current SPDX document which may be referenced in relationships by other files, packages internally and documents externally.","appinfo":{"Element":{"name":"SpdxID","comment":"A data item to identify the current SPDX document which may be referenced in relationships by other files, packages internally and documents externally.","rdf":"#SPDXRef-DOCUMENT","domain":"Document","range":"String"}}},"SpdxID":{"xsdnode":"element","name":"SpdxID","type":"SpdxIDType","nillable":"true","documentation":"A data item to identify the current SPDX document which may be referenced in relationships by other files, packages internally and documents externally.","appinfo":{"Element":{"name":"SpdxID","comment":"A data item to identify the current SPDX document which may be referenced in relationships by other files, packages internally and documents externally.","rdf":"#SPDXRef-DOCUMENT","domain":"Document","range":"String"}}},"SpecVersionText":{"xsdnode":"element","name":"SpecVersionText","type":"SpecVersionTextType","nillable":"true","documentation":"A data type for Identifies the version of this specification that was used to produce this SPDX document. The value for this version of the spec is SPDX-1.2. The values SPDX-1.0 and SPDX-1.1 may also be supported by SPDX tools for backwards compatibility purposes.","appinfo":{"Element":{"name":"specVersion","xmlname":"SpecVersionText","typename":"SpecVersion","comment":"Identifies the version of this specification that was used to produce this SPDX document. The value for this version of the spec is SPDX-1.2. The values SPDX-1.0 and SPDX-1.1 may also be supported by SPDX tools for backwards compatibility purposes.","rdf":"http://spdx.org/rdf/terms#specVersion","domain":"SpdxDocument","range":"String"}}}}