{"1541031972072817653":{"entrytype":"Load Remote Match","status":"Pass","timestamp":1541031971878427430,"filepath":"tmp/spdx-xml/xml/xsd/spdx-xml-ref.xsd","digest":"026e646a857a1eb3b91291594d746cee5e17560bf46cd43f797c3788d7f36141","message":"Loaded Remote Resource"},"1541031972075023679":{"entrytype":"Authenticity Check","status":"Pass","timestamp":1541031972075020378,"filepath":"xml/xsd/spdx-xml-ref.xsd","digest":"026e646a857a1eb3b91291594d746cee5e17560bf46cd43f797c3788d7f36141","message":"spdx-xml-ref.xsd matches authoritative source"},"1541031972092520761":{"entrytype":"Load Remote Match","status":"Pass","timestamp":1541031972076891102,"filepath":"tmp/spdx-xml/xml/instance/spdx-test-data.xml","digest":"903e02e2f86d4a0d2137d46092ff7373cb171940c1f70e3e5f965fe125add7ca","message":"Loaded Remote Resource"},"1541031972094451297":{"entrytype":"Authenticity Check","status":"Pass","timestamp":1541031972094447958,"filepath":"xml/instance/spdx-test-data.xml","digest":"903e02e2f86d4a0d2137d46092ff7373cb171940c1f70e3e5f965fe125add7ca","message":"spdx-test-data.xml matches authoritative source"},"1541031972189065518":{"entrytype":"Load Remote Match","status":"Pass","timestamp":1541031972166259499,"filepath":"tmp/spdx-doc-iepd/xml/xsd/spdx-xml-ref.xsd","digest":"026e646a857a1eb3b91291594d746cee5e17560bf46cd43f797c3788d7f36141","message":"Loaded Remote Resource"},"1541031972193608415":{"entrytype":"Authenticity Check","status":"Pass","timestamp":1541031972193606894,"filepath":"xml/xsd/spdx-xml-ref.xsd","digest":"026e646a857a1eb3b91291594d746cee5e17560bf46cd43f797c3788d7f36141","message":"spdx-xml-ref.xsd matches authoritative source"},"1541031972218528765":{"entrytype":"Load Remote Match","status":"Pass","timestamp":1541031972195156742,"filepath":"tmp/spdx-doc-iepd/xml/instance/spdx-doc-test-data.xml","digest":"a07f3c4e4cbff51467b486eb8dc2d2dddf75bf7098ad74ae166bff7fc67c7d83","message":"Loaded Remote Resource"},"1541031972220078059":{"entrytype":"Authenticity Check","status":"Pass","timestamp":1541031972220076398,"filepath":"xml/instance/spdx-doc-test-data.xml","digest":"a07f3c4e4cbff51467b486eb8dc2d2dddf75bf7098ad74ae166bff7fc67c7d83","message":"spdx-doc-test-data.xml matches authoritative source"},"1541031972359557916":{"entrytype":"GenerateResource","status":"Pass","timestamp":1541031972237282977,"filepath":"spdx-doc-iep.xsd","xslpath":"tmp/spdx-doc-iepd/xml/xsl/spdx-doc-iep.xsl","digest":"fa16f865aec2df5a606a35995af783650c1410e36ac0764e5f4e76c40511474c"},"1541031972383530548":{"entrytype":"GenerateResource","status":"Pass","timestamp":1541031972376942454,"filepath":"spdx-doc-instance.xml","xslpath":"tmp/spdx-doc-iepd/xml/xsl/spdx-doc-instance.xsl","digest":"da7dc734f14ae4f25a41ce1a326879a0653fb58ab573187012a0123535b49908"},"1541031972671714809":{"entrytype":"GenerateResource","status":"Pass","timestamp":1541031972384907954,"filepath":"spdx-xml-ref-xsd.json","xslpath":"tmp/spdx-doc-iepd/xml/xsl/common/xsd-json.xsl","digest":"93ddf4370fb992fb7b602284e499d176d44520fdf548757ecbde6f0d0ffc3e4f"},"1541031972683217584":{"entrytype":"GenerateResource","status":"Pass","timestamp":1541031972673197620,"filepath":"spdx-doc-iep-xsd.json","xslpath":"tmp/spdx-doc-iepd/xml/xsl/common/xsd-json.xsl","digest":"b8fe9d70b5ca0b9fc529385f7dd0214d2e45c1ff85674d3333717cacf7aa7d59"},"1541031972687702408":{"entrytype":"GenerateResource","status":"Pass","timestamp":1541031972685021317,"filepath":"spdx-doc-instance.json","xslpath":"tmp/spdx-doc-iepd/xml/xsl/common/xml-json.xsl","digest":"aad3b90e99c7ab95c02605df03adcad9799398c2c000d08a890e82b1266518e5"},"1541031972694528823":{"entrytype":"GenerateResource","status":"Pass","timestamp":1541031972689018779,"filepath":"spdx-doc-struct.go","xslpath":"tmp/spdx-doc-iepd/xml/xsl/spdx-doc-go-gen.xsl","digest":"ecdaa942d8bdc4ea01f74d019c3d896d866204ee3c08ce5c7cde433674c9d2f2"},"1541031972701546688":{"entrytype":"GenerateResource","status":"Pass","timestamp":1541031972695935067,"filepath":"spdx-doc-struct_test.go","xslpath":"tmp/spdx-doc-iepd/xml/xsl/spdx-doc-go-test-gen.xsl","digest":"0f427baba510bb9023cfbfb05496a4efab824403b48bb01243c677294eefd87a"},"1541031972707752867":{"entrytype":"GenerateResource","status":"Pass","timestamp":1541031972702940884,"filepath":"spdx-doc-documentation.html","xslpath":"tmp/spdx-doc-iepd/xml/xsl/common/docgen.xsl","digest":"24ee174a0e199e07ddad62d14f2d354309717aee55c3348b166b2c25b72c9aa1"},"1541031972709518212":{"entrytype":"Marshal Data","status":"Pass","timestamp":1541031972709495142,"filepath":"spdx-doc-instance-golang.xml","digest":"ec2cde015ada717f3192b6da48753d947cab920ce11058cfd93e9c5b6c775165"},"1541031987925335641":{"entrytype":"Validate","status":"Pass","timestamp":1541031972710986442,"filepath":"tmp/spdx-doc-iepd/xml/xsd/spdx-xml-ref.xsd","xsdpath":"tmp/spdx-doc-iepd/xml/xsd/ext/w3c/XMLSchema.xsd","valid":true},"1541032003160838001":{"entrytype":"Validate","status":"Pass","timestamp":1541031987936693217,"filepath":"tmp/spdx-doc-iepd/xml/xsd/spdx-doc-iep.xsd","xsdpath":"tmp/spdx-doc-iepd/xml/xsd/ext/w3c/XMLSchema.xsd","valid":true},"1541032003171923480":{"entrytype":"Validate","status":"Pass","timestamp":1541032003168068412,"filepath":"tmp/spdx-doc-iepd/xml/instance/spdx-doc-instance.xml","xsdpath":"tmp/spdx-doc-iepd/xml/xsd/spdx-doc-iep.xsd","valid":true},"1541032003197702984":{"entrytype":"Validate","status":"Pass","timestamp":1541032003189580443,"filepath":"tmp/spdx-doc-iepd/xml/instance/spdx-doc-instance.xml","xsdpath":"tmp/spdx-doc-iepd/xml/xsd/spdx-xml-ref.xsd","valid":true},"1541032003218441313":{"entrytype":"Validate","status":"Pass","timestamp":1541032003215075155,"filepath":"tmp/spdx-doc-iepd/xml/instance/spdx-doc-instance-golang.xml","xsdpath":"tmp/spdx-doc-iepd/xml/xsd/spdx-doc-iep.xsd","valid":true},"1541032003249616098":{"entrytype":"Validate","status":"Pass","timestamp":1541032003220290454,"filepath":"tmp/spdx-doc-iepd/xml/instance/spdx-doc-instance-golang.xml","xsdpath":"tmp/spdx-doc-iepd/xml/xsd/spdx-xml-ref.xsd","valid":true}}