{"SoftwareEvidenceArchive":{"name":"SoftwareEvidenceArchive","attributes":{"xsi:schemaLocation":"urn:spdx-xml:1.0 file:./../xsd/spdx-sec-ism-iep.xsd","ism:classification":"U"},"SoftwareInformation":{"name":"SoftwareInformation","attributes":{"ism:classification":"U"},"ProductTitleText":{"name":"ProductTitleText","value":"","attributes":{"ism:classification":"U"}},"SoftwareNameText":{"name":"SoftwareNameText","value":"","attributes":{"ism:classification":"U"}},"SoftwareOrgText":{"name":"SoftwareOrgText","value":"","attributes":{"ism:classification":"U"}},"VersionInformation":{"name":"VersionInformation","attributes":{"ism:classification":"U"},"SoftwareVersionText":{"name":"SoftwareVersionText","value":"","attributes":{"ism:classification":"U"}},"SemanticVersionIndicator":{"name":"SemanticVersionIndicator","value":"","attributes":{"ism:classification":"U"}},"SemanticVersionText":{"name":"SemanticVersionText","value":"","attributes":{"ism:classification":"U"}},"SemanticVersionInformation":{"name":"SemanticVersionInformation","attributes":{"ism:classification":"U"},"APIName":{"name":"APIName","value":"","attributes":{"ism:classification":"U"}},"MajorVersionNumeric":{"name":"MajorVersionNumeric","value":"","attributes":{"ism:classification":"U"}},"MinorVersionNumeric":{"name":"MinorVersionNumeric","value":"","attributes":{"ism:classification":"U"}},"PatchVersionText":{"name":"PatchVersionText","value":"","attributes":{"ism:classification":"U"}},"PreReleaseVersionText":{"name":"PreReleaseVersionText","value":"","attributes":{"ism:classification":"U"}},"BuildMetaText":{"name":"BuildMetaText","value":"","attributes":{"ism:classification":"U"}}},"SemanticVersionDate":{"name":"SemanticVersionDate","value":"","attributes":{"ism:classification":"U"}},"PythonSemanticVersionIndicator":{"name":"PythonSemanticVersionIndicator","value":"","attributes":{"ism:classification":"U"}},"PythonSemanticVersion":{"name":"PythonSemanticVersion","attributes":{"ism:classification":"U"},"PythonEpochSegmentText":{"name":"PythonEpochSegmentText","value":"","attributes":{"ism:classification":"U"}},"PythonReleaseSegmentText":{"name":"PythonReleaseSegmentText","value":"","attributes":{"ism:classification":"U"}},"PythonPreReleaseSegmentText":{"name":"PythonPreReleaseSegmentText","value":"","attributes":{"ism:classification":"U"}},"PythonPostReleaseSegmentText":{"name":"PythonPostReleaseSegmentText","value":"","attributes":{"ism:classification":"U"}},"PythonDevelopmentReleaseSegmentText":{"name":"PythonDevelopmentReleaseSegmentText","value":"","attributes":{"ism:classification":"U"}}},"PythonVersionText":{"name":"PythonVersionText","value":"","attributes":{"ism:classification":"U"}}},"GroupingText":{"name":"GroupingText","value":"","attributes":{"ism:classification":"U"}},"ReleaseNotesText":{"name":"ReleaseNotesText","value":"","attributes":{"ism:classification":"U"}}},"FileInformation":{"name":"FileInformation","attributes":{"ism:classification":"U"},"ComputerFileNameText":{"name":"ComputerFileNameText","value":"","attributes":{"ism:classification":"U"}},"FileExtensionText":{"name":"FileExtensionText","value":"","attributes":{"ism:classification":"U"}}},"AuthoritativeSourceInformation":{"name":"AuthoritativeSourceInformation","attributes":{"ism:classification":"U"},"SourceHashText":{"name":"SourceHashText","value":"","attributes":{"ism:classification":"U"}},"SourceURIText":{"name":"SourceURIText","value":"","attributes":{"ism:classification":"U"}},"AuthoritativeDigitalSignatureIndicator":{"name":"AuthoritativeDigitalSignatureIndicator","value":"","attributes":{"ism:classification":"U"}}},"EcosystemInformation":{"name":"EcosystemInformation","attributes":{"ism:classification":"U"},"Ecosystem":{"name":"Ecosystem","attributes":{"ism:classification":"U"},"CommitterQuantity":{"name":"CommitterQuantity","value":"","attributes":{"ism:classification":"U"}},"Languages":{"name":"Languages","attributes":{"ism:classification":"U"},"LanguageText":{"name":"LanguageText","value":"","attributes":{"ism:classification":"U"}}},"CommitLogs":{"name":"CommitLogs","attributes":{"ism:classification":"U"},"CommitLogText":{"name":"CommitLogText","value":"","attributes":{"ism:classification":"U"}}}},"CompanyInformation":{"name":"CompanyInformation","attributes":{"ism:classification":"U"},"NameText":{"name":"NameText","value":"","attributes":{"ism:classification":"U"}}}},"DependencyInformation":{"name":"DependencyInformation","attributes":{"ism:classification":"U"},"Dependencies":{"name":"Dependencies","attributes":{"ism:classification":"U"},"Dependency":{"name":"Dependency","attributes":{"ism:classification":"U"},"NameText":{"name":"NameText","value":"","attributes":{"ism:classification":"U"}},"DependencyVersionText":{"name":"DependencyVersionText","value":"","attributes":{"ism:classification":"U"}}}},"Compiler":{"name":"Compiler","attributes":{"ism:classification":"U"},"NameText":{"name":"NameText","value":"","attributes":{"ism:classification":"U"}},"CompilerVersionText":{"name":"CompilerVersionText","value":"","attributes":{"ism:classification":"U"}}}},"LicenseInformation":{"name":"LicenseInformation","attributes":{"ism:classification":"U"},"LicenseCategoryCode":{"name":"LicenseCategoryCode","value":"","attributes":{"ism:classification":"U"}},"LicenseCode":{"name":"LicenseCode","value":"","attributes":{"ism:classification":"U"}},"EndOfLifeIndicator":{"name":"EndOfLifeIndicator","value":"","attributes":{"ism:classification":"U"}}},"VulnerabilityInformation":{"name":"VulnerabilityInformation","attributes":{"ism:classification":"U"},"Vulnerabilities":{"name":"Vulnerabilities","attributes":{"ism:classification":"U"},"Vulnerability":{"name":"Vulnerability","attributes":{"ism:classification":"U"},"VulnerabilityIdentifierText":{"name":"VulnerabilityIdentifierText","value":"","attributes":{"ism:classification":"U"}},"SourceText":{"name":"SourceText","value":"","attributes":{"ism:classification":"U"}},"VulnerabilityTitleText":{"name":"VulnerabilityTitleText","value":"","attributes":{"ism:classification":"U"}},"VulnerabilitySummaryText":{"name":"VulnerabilitySummaryText","value":"","attributes":{"ism:classification":"U"}},"VulnerabilityScoreValue":{"name":"VulnerabilityScoreValue","value":"","attributes":{"ism:classification":"U"}},"VulnerabilityScoreVersionValue":{"name":"VulnerabilityScoreVersionValue","value":"","attributes":{"ism:classification":"U"}},"VulnerabilityScoreSystemText":{"name":"VulnerabilityScoreSystemText","value":"","attributes":{"ism:classification":"U"}},"ScoreDetails":{"name":"ScoreDetails","attributes":{"ism:classification":"U"},"CommonVulnerabilityScoringSystemV2":{"name":"CommonVulnerabilityScoringSystemV2","attributes":{"ism:classification":"U"},"VectorStringText":{"name":"VectorStringText","value":"","attributes":{"ism:classification":"U"}},"AccessVectorText":{"name":"AccessVectorText","value":"","attributes":{"ism:classification":"U"}},"AccessComplexityText":{"name":"AccessComplexityText","value":"","attributes":{"ism:classification":"U"}},"VulnerabilityAuthenticationText":{"name":"VulnerabilityAuthenticationText","value":"","attributes":{"ism:classification":"U"}},"ConfidentialityImpactText":{"name":"ConfidentialityImpactText","value":"","attributes":{"ism:classification":"U"}},"IntegrityImpactText":{"name":"IntegrityImpactText","value":"","attributes":{"ism:classification":"U"}},"AvailabilityImpactText":{"name":"AvailabilityImpactText","value":"","attributes":{"ism:classification":"U"}},"VulnerabilityBaseScoreValue":{"name":"VulnerabilityBaseScoreValue","value":"","attributes":{"ism:classification":"U"}}},"CommonVulnerabilityScoringSystemV3":{"name":"CommonVulnerabilityScoringSystemV3","attributes":{"ism:classification":"U"},"VectorStringText":{"name":"VectorStringText","value":"","attributes":{"ism:classification":"U"}},"AccessVectorText":{"name":"AccessVectorText","value":"","attributes":{"ism:classification":"U"}},"AccessComplexityText":{"name":"AccessComplexityText","value":"","attributes":{"ism:classification":"U"}},"PrivilegesRequiredText":{"name":"PrivilegesRequiredText","value":"","attributes":{"ism:classification":"U"}},"UserInteractionText":{"name":"UserInteractionText","value":"","attributes":{"ism:classification":"U"}},"VulnerabilityScopeText":{"name":"VulnerabilityScopeText","value":"","attributes":{"ism:classification":"U"}},"ConfidentialityImpactText":{"name":"ConfidentialityImpactText","value":"","attributes":{"ism:classification":"U"}},"IntegrityImpactText":{"name":"IntegrityImpactText","value":"","attributes":{"ism:classification":"U"}},"AvailabilityImpactText":{"name":"AvailabilityImpactText","value":"","attributes":{"ism:classification":"U"}},"VulnerabilityBaseScoreValue":{"name":"VulnerabilityBaseScoreValue","value":"","attributes":{"ism:classification":"U"}},"BaseSeverityText":{"name":"BaseSeverityText","value":"","attributes":{"ism:classification":"U"}}}},"VulnerabilityVectorText":{"name":"VulnerabilityVectorText","value":"","attributes":{"ism:classification":"U"}},"AccessComplexityText":{"name":"AccessComplexityText","value":"","attributes":{"ism:classification":"U"}},"VulnerabilityAuthenticationText":{"name":"VulnerabilityAuthenticationText","value":"","attributes":{"ism:classification":"U"}},"ConfidentialityImpactText":{"name":"ConfidentialityImpactText","value":"","attributes":{"ism:classification":"U"}},"IntegrityImpactText":{"name":"IntegrityImpactText","value":"","attributes":{"ism:classification":"U"}},"AvailabilityImpactText":{"name":"AvailabilityImpactText","value":"","attributes":{"ism:classification":"U"}},"VulnerabilitySourceText":{"name":"VulnerabilitySourceText","value":"","attributes":{"ism:classification":"U"}},"AssessmentCheckText":{"name":"AssessmentCheckText","value":"","attributes":{"ism:classification":"U"}},"ScannerText":{"name":"ScannerText","value":"","attributes":{"ism:classification":"U"}},"RecommendationText":{"name":"RecommendationText","value":"","attributes":{"ism:classification":"U"}},"VulnerabilityReference":{"name":"VulnerabilityReference","attributes":{"ism:classification":"U"},"TypeOfReferenceText":{"name":"TypeOfReferenceText","value":"","attributes":{"ism:classification":"U"}},"ReferenceSourceText":{"name":"ReferenceSourceText","value":"","attributes":{"ism:classification":"U"}},"URIText":{"name":"URIText","value":"","attributes":{"ism:classification":"U"}},"ReferenceText":{"name":"ReferenceText","value":"","attributes":{"ism:classification":"U"}}},"VulnerabilityModifiedDate":{"name":"VulnerabilityModifiedDate","value":"","attributes":{"ism:classification":"U"}},"VulnerabilityPublishedDate":{"name":"VulnerabilityPublishedDate","value":"","attributes":{"ism:classification":"U"}}}},"VirusInformation":{"name":"VirusInformation","attributes":{"ism:classification":"U"},"KnownVirusQuantity":{"name":"KnownVirusQuantity","value":"","attributes":{"ism:classification":"U"}},"EngineVersionText":{"name":"EngineVersionText","value":"","attributes":{"ism:classification":"U"}},"VirusEngineText":{"name":"VirusEngineText","value":"","attributes":{"ism:classification":"U"}},"ScannedDirectoryQuantity":{"name":"ScannedDirectoryQuantity","value":"","attributes":{"ism:classification":"U"}},"ScannedFileQuantity":{"name":"ScannedFileQuantity","value":"","attributes":{"ism:classification":"U"}},"InfectedFileQuantity":{"name":"InfectedFileQuantity","value":"","attributes":{"ism:classification":"U"}},"DataScannedText":{"name":"DataScannedText","value":"","attributes":{"ism:classification":"U"}},"DataReadText":{"name":"DataReadText","value":"","attributes":{"ism:classification":"U"}},"TimeText":{"name":"TimeText","value":"","attributes":{"ism:classification":"U"}},"FileNotesText":{"name":"FileNotesText","value":"","attributes":{"ism:classification":"U"}},"EngineDetails":{"name":"EngineDetails","attributes":{"ism:classification":"U"},"EngineVersionText":{"name":"EngineVersionText","value":"","attributes":{"ism:classification":"U"}},"DatabaseVersionText":{"name":"DatabaseVersionText","value":"","attributes":{"ism:classification":"U"}}}}},"GovernanceRiskCompliance":{"name":"GovernanceRiskCompliance","attributes":{"ism:classification":"U"},"RiskCode":{"name":"RiskCode","value":"","attributes":{"ism:classification":"U"}},"StatementOfAssuranceText":{"name":"StatementOfAssuranceText","value":"","attributes":{"ism:classification":"U"}}},"DeliveryInformation":{"name":"DeliveryInformation","attributes":{"ism:classification":"U"},"DeliveringOrganizationText":{"name":"DeliveringOrganizationText","value":"","attributes":{"ism:classification":"U"}},"DestinationText":{"name":"DestinationText","value":"","attributes":{"ism:classification":"U"}},"HashText":{"name":"HashText","value":"","attributes":{"ism:classification":"U"}},"LastRegistryUpdateDate":{"name":"LastRegistryUpdateDate","value":"","attributes":{"ism:classification":"U"}}}}}