{"1539827998074262795":{"entrytype":"Load Remote Match","status":"Pass","timestamp":1539827997702727212,"filepath":"tmp/spdx-sec-ism-iepd/xml/xsd/spdx-xml-ref.xsd","digest":"026e646a857a1eb3b91291594d746cee5e17560bf46cd43f797c3788d7f36141","message":"Loaded Remote Resource"},"1539827998076061960":{"entrytype":"Authenticity Check","status":"Pass","timestamp":1539827998076061272,"filepath":"xml/xsd/spdx-xml-ref.xsd","digest":"026e646a857a1eb3b91291594d746cee5e17560bf46cd43f797c3788d7f36141","message":"spdx-xml-ref.xsd matches authoritative source"},"1539827998227556952":{"entrytype":"Load Remote Match","status":"Pass","timestamp":1539827998077651416,"filepath":"tmp/spdx-sec-ism-iepd/xml/instance/spdx-sec-ism-test-data.xml","digest":"395408a3dc9c3db2b5c200b8722a13a60898c861633b99e6e250186adffd1370","message":"Loaded Remote Resource"},"1539827998235295075":{"entrytype":"Authenticity Check","status":"Pass","timestamp":1539827998235293975,"filepath":"xml/instance/spdx-sec-ism-test-data.xml","digest":"395408a3dc9c3db2b5c200b8722a13a60898c861633b99e6e250186adffd1370","message":"spdx-sec-ism-test-data.xml matches authoritative source"},"1539827998508699486":{"entrytype":"GenerateResource","status":"Pass","timestamp":1539827998236960311,"filepath":"spdx-sec-ism-iep.xsd","xslpath":"tmp/spdx-sec-ism-iepd/xml/xsl/spdx-sec-ism-iep.xsl","digest":"fd28ddf560fd06b46d71475b206364215efe21c8d5ec31c52de49b7027fcd70a"},"1539827998567668503":{"entrytype":"GenerateResource","status":"Pass","timestamp":1539827998510488051,"filepath":"spdx-sec-ism-instance.xml","xslpath":"tmp/spdx-sec-ism-iepd/xml/xsl/spdx-sec-ism-instance.xsl","digest":"aa4c0bf1b75687f3f2a7e520fbe35c3d56f4737f8d71ffa8dc43e995e93c5520"},"1539827998731185386":{"entrytype":"GenerateResource","status":"Pass","timestamp":1539827998569334577,"filepath":"spdx-sec-ism-ref-xsd.json","xslpath":"tmp/spdx-sec-ism-iepd/xml/xsl/common/xsd-json.xsl","digest":"8bc866bddd29e98ecc67f1c2b8f1d2a0b86b75a4c0a228343fd9e2baa4e0a7c3"},"1539827998803968837":{"entrytype":"GenerateResource","status":"Pass","timestamp":1539827998732877144,"filepath":"spdx-sec-ism-iep-xsd.json","xslpath":"tmp/spdx-sec-ism-iepd/xml/xsl/common/xsd-json.xsl","digest":"90243f7aa91616175a5a48b4d2a1910ffde3840c6847a81ba2f34f81081499aa"},"1539827998809612534":{"entrytype":"GenerateResource","status":"Pass","timestamp":1539827998805659980,"filepath":"spdx-sec-ism-instance.json","xslpath":"tmp/spdx-sec-ism-iepd/xml/xsl/common/xml-json.xsl","digest":"6e6a3675ba77197f93a807311d2dc4b007a2b1b09cec2c04ca14659f61b07bbe"},"1539827998843531218":{"entrytype":"GenerateResource","status":"Pass","timestamp":1539827998811151098,"filepath":"spdx-sec-ism-struct.go","xslpath":"tmp/spdx-sec-ism-iepd/xml/xsl/spdx-sec-ism-go-gen.xsl","digest":"377f34db556f2a22b6bb3fabed67e9c5d0009b12d82fe7335725a3bd8489ed2b"},"1539827998862730975":{"entrytype":"GenerateResource","status":"Pass","timestamp":1539827998845107137,"filepath":"spdx-sec-ism-struct_test.go","xslpath":"tmp/spdx-sec-ism-iepd/xml/xsl/spdx-sec-ism-go-test-gen.xsl","digest":"e9cc0f639fa9a23c434108073ed56e5392bdd8623de769d7caff77c169a0d0e0"},"1539827998865488223":{"entrytype":"Marshal Data","status":"Pass","timestamp":1539827998865450261,"filepath":"spdx-sec-ism-instance-golang.xml","digest":"cbfdc5e7a8370c3accc592e3caa904ecd296933031107553c8f4c91eb8312a55"},"1539828014107725793":{"entrytype":"Validate","status":"Pass","timestamp":1539827998867019588,"filepath":"tmp/spdx-sec-ism-iepd/xml/xsd/spdx-xml-ref.xsd","xsdpath":"tmp/spdx-sec-ism-iepd/xml/xsd/ext/w3c/XMLSchema.xsd","valid":true},"1539828029338341953":{"entrytype":"Validate","status":"Pass","timestamp":1539828014109501084,"filepath":"tmp/spdx-sec-ism-iepd/xml/xsd/spdx-sec-ism-iep.xsd","xsdpath":"tmp/spdx-sec-ism-iepd/xml/xsd/ext/w3c/XMLSchema.xsd","valid":true},"1539828029360237866":{"entrytype":"Validate","status":"Fail","timestamp":1539828029349541088,"filepath":"tmp/spdx-sec-ism-iepd/xml/instance/spdx-sec-ism-instance.xml","xsdpath":"tmp/spdx-sec-ism-iepd/xml/xsd/spdx-sec-ism-iep.xsd","errors[]":["Element '{urn:spdx-xml:1.0}SemanticVersionIndicator': '' is not a valid value of the atomic type '{urn:spdx-xml:1.0}SemanticVersionIndicatorSimpleType'.","Element '{urn:spdx-xml:1.0}SemanticVersionText': [facet 'pattern'] The value '' is not accepted by the pattern '(0|[1-9]\\d*)\\.(0|[1-9]\\d*)\\.(0|[1-9]\\d*)(-(0|[1-9]\\d*|\\d*[a-zA-Z-][0-9a-zA-Z-]*)(\\.(0|[1-9]\\d*|\\d*[a-zA-Z-][0-9a-zA-Z-]*))*)?(\\+[0-9a-zA-Z-]+(\\.[0-9a-zA-Z-]+)*)?'.","Element '{urn:spdx-xml:1.0}SemanticVersionText': '' is not a valid value of the atomic type '{urn:spdx-xml:1.0}SemanticVersionTextSimpleType'.","Element '{urn:spdx-xml:1.0}MajorVersionNumeric': '' is not a valid value of the atomic type '{urn:spdx-xml:1.0}VersionSimpleType'.","Element '{urn:spdx-xml:1.0}MinorVersionNumeric': '' is not a valid value of the atomic type '{urn:spdx-xml:1.0}VersionSimpleType'.","Element '{urn:spdx-xml:1.0}PatchVersionText': '' is not a valid value of the atomic type '{urn:spdx-xml:1.0}VersionSimpleType'.","Element '{urn:spdx-xml:1.0}PreReleaseVersionText': [facet 'pattern'] The value '' is not accepted by the pattern '-[0-9A-Za-z-]{0,24}'.","Element '{urn:spdx-xml:1.0}PreReleaseVersionText': '' is not a valid value of the atomic type '{urn:spdx-xml:1.0}PreReleaseVersionSimpleType'.","Element '{urn:spdx-xml:1.0}BuildMetaText': [facet 'pattern'] The value '' is not accepted by the pattern '\\+[0-9A-Za-z.-]{0,24}'.","Element '{urn:spdx-xml:1.0}BuildMetaText': '' is not a valid value of the atomic type '{urn:spdx-xml:1.0}BuildMetaSimpleType'.","Element '{urn:spdx-xml:1.0}SemanticVersionDate': '' is not a valid value of the atomic type '{urn:spdx-xml:1.0}DateTimeSimpleType'.","Element '{urn:spdx-xml:1.0}PythonSemanticVersionIndicator': '' is not a valid value of the atomic type '{urn:spdx-xml:1.0}PythonSemanticVersionIndicatorSimpleType'.","Element '{urn:spdx-xml:1.0}PythonEpochSegmentText': [facet 'pattern'] The value '' is not accepted by the pattern '[(\\d+!)?]'.","Element '{urn:spdx-xml:1.0}PythonEpochSegmentText': '' is not a valid value of the atomic type '{urn:spdx-xml:1.0}PythonEpochVersionSimpleType'.","Element '{urn:spdx-xml:1.0}PythonReleaseSegmentText': [facet 'pattern'] The value '' is not accepted by the pattern '[(\\d+)(\\.\\d+)+]'.","Element '{urn:spdx-xml:1.0}PythonReleaseSegmentText': '' is not a valid value of the atomic type '{urn:spdx-xml:1.0}PythonReleaseVersionSimpleType'.","Element '{urn:spdx-xml:1.0}PythonPreReleaseSegmentText': [facet 'pattern'] The value '' is not accepted by the pattern '[(\\d+!)?]'.","Element '{urn:spdx-xml:1.0}PythonPreReleaseSegmentText': '' is not a valid value of the atomic type '{urn:spdx-xml:1.0}PythonPreReleaseVersionSimpleType'.","Element '{urn:spdx-xml:1.0}PythonPostReleaseSegmentText': [facet 'pattern'] The value '' is not accepted by the pattern '[(\\.?(post)\\d*)?]'.","Element '{urn:spdx-xml:1.0}PythonPostReleaseSegmentText': '' is not a valid value of the atomic type '{urn:spdx-xml:1.0}PythonPostReleaseVersionSimpleType'.","Element '{urn:spdx-xml:1.0}PythonDevelopmentReleaseSegmentText': [facet 'pattern'] The value '' is not accepted by the pattern '[(\\d+!)?]'.","Element '{urn:spdx-xml:1.0}PythonDevelopmentReleaseSegmentText': '' is not a valid value of the atomic type '{urn:spdx-xml:1.0}PythonPreReleaseVersionSimpleType'.","Element '{urn:spdx-xml:1.0}PythonVersionText': [facet 'pattern'] The value '' is not accepted by the pattern '[0-9]{1,3}\\.[0-9]{1,3}\\.[0-9]{1,3}(\\..*)?'.","Element '{urn:spdx-xml:1.0}PythonVersionText': '' is not a valid value of the atomic type '{urn:spdx-xml:1.0}PythonVersionTextSimpleType'.","Element '{urn:spdx-xml:1.0}ComputerFileNameText': [facet 'minLength'] The value has a length of '0'; this underruns the allowed minimum length of '1'.","Element '{urn:spdx-xml:1.0}ComputerFileNameText': [facet 'pattern'] The value '' is not accepted by the pattern '[a-zA-Z\\\\_\\-/]{1,256}'.","Element '{urn:spdx-xml:1.0}ComputerFileNameText': '' is not a valid value of the atomic type '{urn:spdx-xml:1.0}ComputerFileNameSimpleType'.","Element '{urn:spdx-xml:1.0}FileExtensionText': [facet 'pattern'] The value '' is not accepted by the pattern '\\.[a-zA-Z]{0,24}'.","Element '{urn:spdx-xml:1.0}FileExtensionText': '' is not a valid value of the atomic type '{urn:spdx-xml:1.0}ComputerFileExtensionSimpleType'.","Element '{urn:spdx-xml:1.0}SourceHashText': [facet 'length'] The value has a length of '0'; this differs from the allowed length of '64'.","Element '{urn:spdx-xml:1.0}SourceHashText': [facet 'pattern'] The value '' is not accepted by the pattern '[A-Fa-f0-9]{64}'.","Element '{urn:spdx-xml:1.0}SourceHashText': '' is not a valid value of the atomic type '{urn:spdx-xml:1.0}Sha256TextSimpleType'."]},"1539828029373467833":{"entrytype":"Validate","status":"Fail","timestamp":1539828029361914925,"filepath":"tmp/spdx-sec-ism-iepd/xml/instance/spdx-sec-ism-instance.xml","xsdpath":"tmp/spdx-sec-ism-iepd/xml/xsd/spdx-xml-ref.xsd","errors[]":["Element '{urn:spdx-xml:1.0}SemanticVersionIndicator': '' is not a valid value of the atomic type '{urn:spdx-xml:1.0}SemanticVersionIndicatorSimpleType'.","Element '{urn:spdx-xml:1.0}SemanticVersionText': [facet 'pattern'] The value '' is not accepted by the pattern '(0|[1-9]\\d*)\\.(0|[1-9]\\d*)\\.(0|[1-9]\\d*)(-(0|[1-9]\\d*|\\d*[a-zA-Z-][0-9a-zA-Z-]*)(\\.(0|[1-9]\\d*|\\d*[a-zA-Z-][0-9a-zA-Z-]*))*)?(\\+[0-9a-zA-Z-]+(\\.[0-9a-zA-Z-]+)*)?'.","Element '{urn:spdx-xml:1.0}SemanticVersionText': '' is not a valid value of the atomic type '{urn:spdx-xml:1.0}SemanticVersionTextSimpleType'.","Element '{urn:spdx-xml:1.0}MajorVersionNumeric': '' is not a valid value of the atomic type '{urn:spdx-xml:1.0}VersionSimpleType'.","Element '{urn:spdx-xml:1.0}MinorVersionNumeric': '' is not a valid value of the atomic type '{urn:spdx-xml:1.0}VersionSimpleType'.","Element '{urn:spdx-xml:1.0}PatchVersionText': '' is not a valid value of the atomic type '{urn:spdx-xml:1.0}VersionSimpleType'.","Element '{urn:spdx-xml:1.0}PreReleaseVersionText': [facet 'pattern'] The value '' is not accepted by the pattern '-[0-9A-Za-z-]{0,24}'.","Element '{urn:spdx-xml:1.0}PreReleaseVersionText': '' is not a valid value of the atomic type '{urn:spdx-xml:1.0}PreReleaseVersionSimpleType'.","Element '{urn:spdx-xml:1.0}BuildMetaText': [facet 'pattern'] The value '' is not accepted by the pattern '\\+[0-9A-Za-z.-]{0,24}'.","Element '{urn:spdx-xml:1.0}BuildMetaText': '' is not a valid value of the atomic type '{urn:spdx-xml:1.0}BuildMetaSimpleType'.","Element '{urn:spdx-xml:1.0}SemanticVersionDate': '' is not a valid value of the atomic type '{urn:spdx-xml:1.0}DateTimeSimpleType'.","Element '{urn:spdx-xml:1.0}PythonSemanticVersionIndicator': '' is not a valid value of the atomic type '{urn:spdx-xml:1.0}PythonSemanticVersionIndicatorSimpleType'.","Element '{urn:spdx-xml:1.0}PythonEpochSegmentText': [facet 'pattern'] The value '' is not accepted by the pattern '[(\\d+!)?]'.","Element '{urn:spdx-xml:1.0}PythonEpochSegmentText': '' is not a valid value of the atomic type '{urn:spdx-xml:1.0}PythonEpochVersionSimpleType'.","Element '{urn:spdx-xml:1.0}PythonReleaseSegmentText': [facet 'pattern'] The value '' is not accepted by the pattern '[(\\d+)(\\.\\d+)+]'.","Element '{urn:spdx-xml:1.0}PythonReleaseSegmentText': '' is not a valid value of the atomic type '{urn:spdx-xml:1.0}PythonReleaseVersionSimpleType'.","Element '{urn:spdx-xml:1.0}PythonPreReleaseSegmentText': [facet 'pattern'] The value '' is not accepted by the pattern '[(\\d+!)?]'.","Element '{urn:spdx-xml:1.0}PythonPreReleaseSegmentText': '' is not a valid value of the atomic type '{urn:spdx-xml:1.0}PythonPreReleaseVersionSimpleType'.","Element '{urn:spdx-xml:1.0}PythonPostReleaseSegmentText': [facet 'pattern'] The value '' is not accepted by the pattern '[(\\.?(post)\\d*)?]'.","Element '{urn:spdx-xml:1.0}PythonPostReleaseSegmentText': '' is not a valid value of the atomic type '{urn:spdx-xml:1.0}PythonPostReleaseVersionSimpleType'.","Element '{urn:spdx-xml:1.0}PythonDevelopmentReleaseSegmentText': [facet 'pattern'] The value '' is not accepted by the pattern '[(\\d+!)?]'.","Element '{urn:spdx-xml:1.0}PythonDevelopmentReleaseSegmentText': '' is not a valid value of the atomic type '{urn:spdx-xml:1.0}PythonPreReleaseVersionSimpleType'.","Element '{urn:spdx-xml:1.0}PythonVersionText': [facet 'pattern'] The value '' is not accepted by the pattern '[0-9]{1,3}\\.[0-9]{1,3}\\.[0-9]{1,3}(\\..*)?'.","Element '{urn:spdx-xml:1.0}PythonVersionText': '' is not a valid value of the atomic type '{urn:spdx-xml:1.0}PythonVersionTextSimpleType'.","Element '{urn:spdx-xml:1.0}ComputerFileNameText': [facet 'minLength'] The value has a length of '0'; this underruns the allowed minimum length of '1'.","Element '{urn:spdx-xml:1.0}ComputerFileNameText': [facet 'pattern'] The value '' is not accepted by the pattern '[a-zA-Z\\\\_\\-/]{1,256}'.","Element '{urn:spdx-xml:1.0}ComputerFileNameText': '' is not a valid value of the atomic type '{urn:spdx-xml:1.0}ComputerFileNameSimpleType'.","Element '{urn:spdx-xml:1.0}FileExtensionText': [facet 'pattern'] The value '' is not accepted by the pattern '\\.[a-zA-Z]{0,24}'.","Element '{urn:spdx-xml:1.0}FileExtensionText': '' is not a valid value of the atomic type '{urn:spdx-xml:1.0}ComputerFileExtensionSimpleType'.","Element '{urn:spdx-xml:1.0}SourceHashText': [facet 'length'] The value has a length of '0'; this differs from the allowed length of '64'.","Element '{urn:spdx-xml:1.0}SourceHashText': [facet 'pattern'] The value '' is not accepted by the pattern '[A-Fa-f0-9]{64}'.","Element '{urn:spdx-xml:1.0}SourceHashText': '' is not a valid value of the atomic type '{urn:spdx-xml:1.0}Sha256TextSimpleType'."]},"1539828029396566463":{"entrytype":"Validate","status":"Fail","timestamp":1539828029390613863,"filepath":"tmp/spdx-sec-ism-iepd/xml/instance/spdx-sec-ism-instance-golang.xml","xsdpath":"tmp/spdx-sec-ism-iepd/xml/xsd/spdx-sec-ism-iep.xsd","errors[]":["Element '{urn:spdx-xml:1.0}VersionInformation': This element is not expected. Expected is ( {urn:spdx-xml:1.0}ProductTitleText ).","Element '{urn:spdx-xml:1.0}FileInformation': Missing child element(s). Expected is ( {urn:spdx-xml:1.0}ComputerFileNameText ).","Element '{urn:spdx-xml:1.0}AuthoritativeSourceInformation': Missing child element(s). Expected is ( {urn:spdx-xml:1.0}SourceHashText ).","Element '{urn:spdx-xml:1.0}Languages': This element is not expected. Expected is ( {urn:spdx-xml:1.0}CommitterQuantity ).","Element '{urn:spdx-xml:1.0}CompanyInformation': Missing child element(s). Expected is ( {urn:spdx-xml:1.0}NameText ).","Element '{urn:spdx-xml:1.0}Dependency': Missing child element(s). Expected is ( {urn:spdx-xml:1.0}NameText ).","Element '{urn:spdx-xml:1.0}Compiler': Missing child element(s). Expected is ( {urn:spdx-xml:1.0}NameText ).","Element '{urn:spdx-xml:1.0}LicenseInformation': Missing child element(s). Expected is ( {urn:spdx-xml:1.0}LicenseCategoryCode ).","Element '{urn:spdx-xml:1.0}ScoreDetails': This element is not expected. Expected is ( {urn:spdx-xml:1.0}VulnerabilityIdentifierText ).","Element '{urn:spdx-xml:1.0}EngineDetails': This element is not expected. Expected is ( {urn:spdx-xml:1.0}KnownVirusQuantity ).","Element '{urn:spdx-xml:1.0}GovernanceRiskCompliance': Missing child element(s). Expected is ( {urn:spdx-xml:1.0}RiskCode ).","Element '{urn:spdx-xml:1.0}DeliveryInformation': Missing child element(s). Expected is ( {urn:spdx-xml:1.0}DeliveringOrganizationText )."]},"1539828029420248744":{"entrytype":"Validate","status":"Fail","timestamp":1539828029413679577,"filepath":"tmp/spdx-sec-ism-iepd/xml/instance/spdx-sec-ism-instance-golang.xml","xsdpath":"tmp/spdx-sec-ism-iepd/xml/xsd/spdx-xml-ref.xsd","errors[]":["Element '{urn:spdx-xml:1.0}VersionInformation': This element is not expected. Expected is ( {urn:spdx-xml:1.0}ProductTitleText ).","Element '{urn:spdx-xml:1.0}FileInformation': Missing child element(s). Expected is ( {urn:spdx-xml:1.0}ComputerFileNameText ).","Element '{urn:spdx-xml:1.0}AuthoritativeSourceInformation': Missing child element(s). Expected is ( {urn:spdx-xml:1.0}SourceHashText ).","Element '{urn:spdx-xml:1.0}Languages': This element is not expected. Expected is ( {urn:spdx-xml:1.0}CommitterQuantity ).","Element '{urn:spdx-xml:1.0}CompanyInformation': Missing child element(s). Expected is ( {urn:spdx-xml:1.0}NameText ).","Element '{urn:spdx-xml:1.0}Dependency': Missing child element(s). Expected is ( {urn:spdx-xml:1.0}NameText ).","Element '{urn:spdx-xml:1.0}Compiler': Missing child element(s). Expected is ( {urn:spdx-xml:1.0}NameText ).","Element '{urn:spdx-xml:1.0}LicenseInformation': Missing child element(s). Expected is ( {urn:spdx-xml:1.0}LicenseCategoryCode ).","Element '{urn:spdx-xml:1.0}ScoreDetails': This element is not expected. Expected is ( {urn:spdx-xml:1.0}VulnerabilityIdentifierText ).","Element '{urn:spdx-xml:1.0}EngineDetails': This element is not expected. Expected is ( {urn:spdx-xml:1.0}KnownVirusQuantity ).","Element '{urn:spdx-xml:1.0}GovernanceRiskCompliance': Missing child element(s). Expected is ( {urn:spdx-xml:1.0}RiskCode ).","Element '{urn:spdx-xml:1.0}DeliveryInformation': Missing child element(s). Expected is ( {urn:spdx-xml:1.0}DeliveringOrganizationText )."]}}