{"1539899474510568390":{"entrytype":"Load Remote Match","status":"Pass","timestamp":1539899474133512732,"filepath":"tmp/spdx-doc-iepd/xml/xsd/spdx-xml-ref.xsd","digest":"026e646a857a1eb3b91291594d746cee5e17560bf46cd43f797c3788d7f36141","message":"Loaded Remote Resource"},"1539899474512937178":{"entrytype":"Authenticity Check","status":"Pass","timestamp":1539899474512933523,"filepath":"xml/xsd/spdx-xml-ref.xsd","digest":"026e646a857a1eb3b91291594d746cee5e17560bf46cd43f797c3788d7f36141","message":"spdx-xml-ref.xsd matches authoritative source"},"1539899474676139880":{"entrytype":"Load Remote Match","status":"Pass","timestamp":1539899474515056175,"filepath":"tmp/spdx-doc-iepd/xml/instance/spdx-doc-test-data.xml","digest":"a07f3c4e4cbff51467b486eb8dc2d2dddf75bf7098ad74ae166bff7fc67c7d83","message":"Loaded Remote Resource"},"1539899474679270898":{"entrytype":"Authenticity Check","status":"Pass","timestamp":1539899474679267388,"filepath":"xml/instance/spdx-doc-test-data.xml","digest":"a07f3c4e4cbff51467b486eb8dc2d2dddf75bf7098ad74ae166bff7fc67c7d83","message":"spdx-doc-test-data.xml matches authoritative source"},"1539899474838904755":{"entrytype":"GenerateResource","status":"Pass","timestamp":1539899474697061371,"filepath":"spdx-doc-iep.xsd","xslpath":"tmp/spdx-doc-iepd/xml/xsl/spdx-doc-iep.xsl","digest":"fa16f865aec2df5a606a35995af783650c1410e36ac0764e5f4e76c40511474c"},"1539899474879090185":{"entrytype":"GenerateResource","status":"Pass","timestamp":1539899474857763194,"filepath":"spdx-doc-instance.xml","xslpath":"tmp/spdx-doc-iepd/xml/xsl/spdx-doc-instance.xsl","digest":"a088961a997c1b012ab315f44c18e8be953756492017859f0ccc9abd07c92ea3"},"1539899475061904589":{"entrytype":"GenerateResource","status":"Pass","timestamp":1539899474880890571,"filepath":"spdx-xml-ref-xsd.json","xslpath":"tmp/spdx-doc-iepd/xml/xsl/common/xsd-json.xsl","digest":"8bc866bddd29e98ecc67f1c2b8f1d2a0b86b75a4c0a228343fd9e2baa4e0a7c3"},"1539899475070993091":{"entrytype":"GenerateResource","status":"Pass","timestamp":1539899475064844711,"filepath":"spdx-doc-iep-xsd.json","xslpath":"tmp/spdx-doc-iepd/xml/xsl/common/xsd-json.xsl","digest":"356c61e92a833fdc9086615835e339fbef4c3fd0bdddbe574dec83ea8845e39e"},"1539899475075369679":{"entrytype":"GenerateResource","status":"Pass","timestamp":1539899475072591475,"filepath":"spdx-doc-instance.json","xslpath":"tmp/spdx-doc-iepd/xml/xsl/common/xml-json.xsl","digest":"be9b857a10514b1df8ddc5405c1f32316a1d68f310831039adf4e669198dbebe"},"1539899475082876197":{"entrytype":"GenerateResource","status":"Pass","timestamp":1539899475076961154,"filepath":"spdx-doc-struct.go","xslpath":"tmp/spdx-doc-iepd/xml/xsl/spdx-doc-go-gen.xsl","digest":"c79513ed49796819dc0fcb34ceea3d9af9bdb2c828c9b83c8ce2ea513660e1ff"},"1539899475100284098":{"entrytype":"GenerateResource","status":"Pass","timestamp":1539899475084693476,"filepath":"spdx-doc-struct_test.go","xslpath":"tmp/spdx-doc-iepd/xml/xsl/spdx-doc-go-test-gen.xsl","digest":"8c5172d50bc9da5ef83aae08ec40d14a5ab0345cecee85573d9d7ecf86239532"},"1539899475102364083":{"entrytype":"Marshal Data","status":"Pass","timestamp":1539899475102319595,"filepath":"spdx-doc-instance-golang.xml","digest":"9bb5d9df173ff9f2a24c7bdf282ecd4fa6308989a4784258a04b3ded11f6e34e"},"1539899490473311966":{"entrytype":"Validate","status":"Pass","timestamp":1539899475104058413,"filepath":"tmp/spdx-doc-iepd/xml/xsd/spdx-xml-ref.xsd","xsdpath":"tmp/spdx-doc-iepd/xml/xsd/ext/w3c/XMLSchema.xsd","valid":true},"1539899505699546625":{"entrytype":"Validate","status":"Pass","timestamp":1539899490478282865,"filepath":"tmp/spdx-doc-iepd/xml/xsd/spdx-doc-iep.xsd","xsdpath":"tmp/spdx-doc-iepd/xml/xsd/ext/w3c/XMLSchema.xsd","valid":true},"1539899505701957788":{"entrytype":"Validate","status":"Pass","timestamp":1539899505701190811,"filepath":"tmp/spdx-doc-iepd/xml/instance/spdx-doc-instance.xml","xsdpath":"tmp/spdx-doc-iepd/xml/xsd/spdx-doc-iep.xsd","valid":true},"1539899505711134539":{"entrytype":"Validate","status":"Pass","timestamp":1539899505703700966,"filepath":"tmp/spdx-doc-iepd/xml/instance/spdx-doc-instance.xml","xsdpath":"tmp/spdx-doc-iepd/xml/xsd/spdx-xml-ref.xsd","valid":true},"1539899505729298111":{"entrytype":"Validate","status":"Pass","timestamp":1539899505728480823,"filepath":"tmp/spdx-doc-iepd/xml/instance/spdx-doc-instance-golang.xml","xsdpath":"tmp/spdx-doc-iepd/xml/xsd/spdx-doc-iep.xsd","valid":true},"1539899505753713103":{"entrytype":"Validate","status":"Pass","timestamp":1539899505746398470,"filepath":"tmp/spdx-doc-iepd/xml/instance/spdx-doc-instance-golang.xml","xsdpath":"tmp/spdx-doc-iepd/xml/xsd/spdx-xml-ref.xsd","valid":true},"1539899505882083066":{"entrytype":"Load Remote Match","status":"Pass","timestamp":1539899505860262319,"filepath":"tmp/spdx-license-iepd/xml/xsd/spdx-xml-ref.xsd","digest":"026e646a857a1eb3b91291594d746cee5e17560bf46cd43f797c3788d7f36141","message":"Loaded Remote Resource"},"1539899505883947229":{"entrytype":"Authenticity Check","status":"Pass","timestamp":1539899505883946218,"filepath":"xml/xsd/spdx-xml-ref.xsd","digest":"026e646a857a1eb3b91291594d746cee5e17560bf46cd43f797c3788d7f36141","message":"spdx-xml-ref.xsd matches authoritative source"},"1539899506041016853":{"entrytype":"Load Remote Match","status":"Pass","timestamp":1539899505885423806,"filepath":"tmp/spdx-license-iepd/xml/instance/spdx-license-test-data.xml","digest":"39dff9fb41d4d5d34fb1bdd9055e3adcd6de67f5498c0313b597d28221ade722","message":"Loaded Remote Resource"},"1539899506043229236":{"entrytype":"Authenticity Check","status":"Pass","timestamp":1539899506043225010,"filepath":"xml/instance/spdx-license-test-data.xml","digest":"39dff9fb41d4d5d34fb1bdd9055e3adcd6de67f5498c0313b597d28221ade722","message":"spdx-license-test-data.xml matches authoritative source"},"1539899506127629390":{"entrytype":"GenerateResource","status":"Pass","timestamp":1539899506061068674,"filepath":"spdx-license-iep.xsd","xslpath":"tmp/spdx-license-iepd/xml/xsl/spdx-license-iep.xsl","digest":"72d25f59322879b0a50271ce16b4939bd4eff0698e4a551971353924f136cb95"},"1539899506154080009":{"entrytype":"GenerateResource","status":"Pass","timestamp":1539899506145267175,"filepath":"spdx-license-instance.xml","xslpath":"tmp/spdx-license-iepd/xml/xsl/spdx-license-instance.xsl","digest":"ff844be7b43f008def99a3503f6ad02d82c57c26ce0d927bc76565a9d7493e1e"},"1539899506325624681":{"entrytype":"GenerateResource","status":"Pass","timestamp":1539899506155855560,"filepath":"spdx-xml-ref-xsd.json","xslpath":"tmp/spdx-license-iepd/xml/xsl/common/xsd-json.xsl","digest":"8bc866bddd29e98ecc67f1c2b8f1d2a0b86b75a4c0a228343fd9e2baa4e0a7c3"},"1539899506331060757":{"entrytype":"GenerateResource","status":"Pass","timestamp":1539899506327330882,"filepath":"spdx-license-iep-xsd.json","xslpath":"tmp/spdx-license-iepd/xml/xsl/common/xsd-json.xsl","digest":"c124023868a91f25eacd2fb76baaa324da7fe5f32b8a60aa73e68f0490781709"},"1539899506335387329":{"entrytype":"GenerateResource","status":"Pass","timestamp":1539899506332744652,"filepath":"spdx-license-instance.json","xslpath":"tmp/spdx-license-iepd/xml/xsl/common/xml-json.xsl","digest":"939c60c70df1c1fe4d57d1d7c166b7949db00ee1dadebf6f7efe5cc6797d80af"},"1539899506341171412":{"entrytype":"GenerateResource","status":"Pass","timestamp":1539899506337031099,"filepath":"spdx-license-struct.go","xslpath":"tmp/spdx-license-iepd/xml/xsl/spdx-license-go-gen.xsl","digest":"b4319fbe5d82a4fe074c97eb8deff34785368961df5b0dfecab15fd4d869ba2d"},"1539899506346571947":{"entrytype":"GenerateResource","status":"Pass","timestamp":1539899506342793518,"filepath":"spdx-license-struct_test.go","xslpath":"tmp/spdx-license-iepd/xml/xsl/spdx-license-go-test-gen.xsl","digest":"442e2c563d9632d0b309d396f86db1bd4180c57dee9c8969aa5c10b8c4871832"},"1539899506348349350":{"entrytype":"Marshal Data","status":"Pass","timestamp":1539899506348322720,"filepath":"spdx-license-instance-golang.xml","digest":"a3d5a1bcf210c2a3fb46890a60843c7ee434a8d6efc9f86cc69d78bf357b963d"},"1539899521599705345":{"entrytype":"Validate","status":"Pass","timestamp":1539899506352980460,"filepath":"tmp/spdx-license-iepd/xml/xsd/spdx-xml-ref.xsd","xsdpath":"tmp/spdx-license-iepd/xml/xsd/ext/w3c/XMLSchema.xsd","valid":true},"1539899536804962071":{"entrytype":"Validate","status":"Pass","timestamp":1539899521601474337,"filepath":"tmp/spdx-license-iepd/xml/xsd/spdx-license-iep.xsd","xsdpath":"tmp/spdx-license-iepd/xml/xsd/ext/w3c/XMLSchema.xsd","valid":true},"1539899536810129019":{"entrytype":"Validate","status":"Pass","timestamp":1539899536808637824,"filepath":"tmp/spdx-license-iepd/xml/instance/spdx-license-instance.xml","xsdpath":"tmp/spdx-license-iepd/xml/xsd/spdx-license-iep.xsd","valid":true},"1539899536842774716":{"entrytype":"Validate","status":"Pass","timestamp":1539899536812313531,"filepath":"tmp/spdx-license-iepd/xml/instance/spdx-license-instance.xml","xsdpath":"tmp/spdx-license-iepd/xml/xsd/spdx-xml-ref.xsd","valid":true},"1539899536862490019":{"entrytype":"Validate","status":"Pass","timestamp":1539899536860838044,"filepath":"tmp/spdx-license-iepd/xml/instance/spdx-license-instance-golang.xml","xsdpath":"tmp/spdx-license-iepd/xml/xsd/spdx-license-iep.xsd","valid":true},"1539899536900977049":{"entrytype":"Validate","status":"Pass","timestamp":1539899536880256232,"filepath":"tmp/spdx-license-iepd/xml/instance/spdx-license-instance-golang.xml","xsdpath":"tmp/spdx-license-iepd/xml/xsd/spdx-xml-ref.xsd","valid":true},"1539899537030752627":{"entrytype":"Load Remote Match","status":"Pass","timestamp":1539899537007855414,"filepath":"tmp/spdx-security-iepd/xml/xsd/spdx-xml-ref.xsd","digest":"026e646a857a1eb3b91291594d746cee5e17560bf46cd43f797c3788d7f36141","message":"Loaded Remote Resource"},"1539899537032685549":{"entrytype":"Authenticity Check","status":"Pass","timestamp":1539899537032684836,"filepath":"xml/xsd/spdx-xml-ref.xsd","digest":"026e646a857a1eb3b91291594d746cee5e17560bf46cd43f797c3788d7f36141","message":"spdx-xml-ref.xsd matches authoritative source"},"1539899537198327902":{"entrytype":"Load Remote Match","status":"Pass","timestamp":1539899537034239690,"filepath":"tmp/spdx-security-iepd/xml/instance/spdx-security-test-data.xml","digest":"e76aadd1a163f2e562fb4ae321c265223ef025bdea3fcf976aaa0c733b0c66f1","message":"Loaded Remote Resource"},"1539899537201359647":{"entrytype":"Authenticity Check","status":"Pass","timestamp":1539899537201356606,"filepath":"xml/instance/spdx-security-test-data.xml","digest":"e76aadd1a163f2e562fb4ae321c265223ef025bdea3fcf976aaa0c733b0c66f1","message":"spdx-security-test-data.xml matches authoritative source"},"1539899537529129622":{"entrytype":"GenerateResource","status":"Pass","timestamp":1539899537219165683,"filepath":"spdx-security-iep.xsd","xslpath":"tmp/spdx-security-iepd/xml/xsl/spdx-security-iep.xsl","digest":"8acf35a67b2c970490c310b5917328ec4ce449c4ed0e3e533765e3e5c6cbb872"},"1539899537667927250":{"entrytype":"GenerateResource","status":"Pass","timestamp":1539899537547961437,"filepath":"spdx-security-instance.xml","xslpath":"tmp/spdx-security-iepd/xml/xsl/spdx-security-instance.xsl","digest":"8294cbb8bf1d73962d6ec6c56823bdacdc71bf98f140bb9d353657b9dfbb31ee"},"1539899537828179507":{"entrytype":"GenerateResource","status":"Pass","timestamp":1539899537670974144,"filepath":"spdx-security-ref-xsd.json","xslpath":"tmp/spdx-security-iepd/xml/xsl/common/xsd-json.xsl","digest":"8bc866bddd29e98ecc67f1c2b8f1d2a0b86b75a4c0a228343fd9e2baa4e0a7c3"},"1539899537902024914":{"entrytype":"GenerateResource","status":"Pass","timestamp":1539899537831292607,"filepath":"spdx-security-iep-xsd.json","xslpath":"tmp/spdx-security-iepd/xml/xsl/common/xsd-json.xsl","digest":"90243f7aa91616175a5a48b4d2a1910ffde3840c6847a81ba2f34f81081499aa"},"1539899537910216290":{"entrytype":"GenerateResource","status":"Pass","timestamp":1539899537904920504,"filepath":"spdx-security-instance.json","xslpath":"tmp/spdx-security-iepd/xml/xsl/common/xml-json.xsl","digest":"f6e737c874e73e8e5dca2caa1fc0d41611b919eeee702477c47e65ce849606ed"},"1539899537946392372":{"entrytype":"GenerateResource","status":"Pass","timestamp":1539899537911773161,"filepath":"spdx-security-struct.go","xslpath":"tmp/spdx-security-iepd/xml/xsl/spdx-security-go-gen.xsl","digest":"377f34db556f2a22b6bb3fabed67e9c5d0009b12d82fe7335725a3bd8489ed2b"},"1539899537965567837":{"entrytype":"GenerateResource","status":"Pass","timestamp":1539899537948014392,"filepath":"spdx-security-struct_test.go","xslpath":"tmp/spdx-security-iepd/xml/xsl/spdx-security-go-test-gen.xsl","digest":"b46dbf73d3e3d891b0afbacc5ba32fdfb8bf2bfaae35abf460089a1b2ae99d7b"},"1539899537967930855":{"entrytype":"Marshal Data","status":"Pass","timestamp":1539899537967875926,"filepath":"spdx-security-instance-golang.xml","digest":"5e6824a4c18224975bc6d23752446ba55712378e6c57499c16fda05dc827590b"},"1539899553205982713":{"entrytype":"Validate","status":"Pass","timestamp":1539899537969574007,"filepath":"tmp/spdx-security-iepd/xml/xsd/spdx-xml-ref.xsd","xsdpath":"tmp/spdx-security-iepd/xml/xsd/ext/w3c/XMLSchema.xsd","valid":true},"1539899568506898737":{"entrytype":"Validate","status":"Pass","timestamp":1539899553209485446,"filepath":"tmp/spdx-security-iepd/xml/xsd/spdx-security-iep.xsd","xsdpath":"tmp/spdx-security-iepd/xml/xsd/ext/w3c/XMLSchema.xsd","valid":true},"1539899568519251592":{"entrytype":"Validate","status":"Pass","timestamp":1539899568510309431,"filepath":"tmp/spdx-security-iepd/xml/instance/spdx-security-instance.xml","xsdpath":"tmp/spdx-security-iepd/xml/xsd/spdx-security-iep.xsd","valid":true},"1539899568544676539":{"entrytype":"Validate","status":"Pass","timestamp":1539899568536487874,"filepath":"tmp/spdx-security-iepd/xml/instance/spdx-security-instance.xml","xsdpath":"tmp/spdx-security-iepd/xml/xsd/spdx-xml-ref.xsd","valid":true},"1539899568584305180":{"entrytype":"Validate","status":"Pass","timestamp":1539899568562285158,"filepath":"tmp/spdx-security-iepd/xml/instance/spdx-security-instance-golang.xml","xsdpath":"tmp/spdx-security-iepd/xml/xsd/spdx-security-iep.xsd","valid":true},"1539899568602892884":{"entrytype":"Validate","status":"Pass","timestamp":1539899568586182440,"filepath":"tmp/spdx-security-iepd/xml/instance/spdx-security-instance-golang.xml","xsdpath":"tmp/spdx-security-iepd/xml/xsd/spdx-xml-ref.xsd","valid":true},"1539899568770863600":{"entrytype":"Load Remote Match","status":"Pass","timestamp":1539899568715425931,"filepath":"tmp/spdx-sec-ism-iepd/xml/xsd/spdx-xml-ref.xsd","digest":"026e646a857a1eb3b91291594d746cee5e17560bf46cd43f797c3788d7f36141","message":"Loaded Remote Resource"},"1539899568772993538":{"entrytype":"Authenticity Check","status":"Pass","timestamp":1539899568772990847,"filepath":"xml/xsd/spdx-xml-ref.xsd","digest":"026e646a857a1eb3b91291594d746cee5e17560bf46cd43f797c3788d7f36141","message":"spdx-xml-ref.xsd matches authoritative source"},"1539899568927856321":{"entrytype":"Load Remote Match","status":"Pass","timestamp":1539899568775023762,"filepath":"tmp/spdx-sec-ism-iepd/xml/instance/spdx-sec-ism-test-data.xml","digest":"9f7823926838648ab97d13486edf181fb98896659c3e39ca78e817b76258508a","message":"Loaded Remote Resource"},"1539899568931024015":{"entrytype":"Authenticity Check","status":"Pass","timestamp":1539899568931020920,"filepath":"xml/instance/spdx-sec-ism-test-data.xml","digest":"9f7823926838648ab97d13486edf181fb98896659c3e39ca78e817b76258508a","message":"spdx-sec-ism-test-data.xml matches authoritative source"},"1539899569259139973":{"entrytype":"GenerateResource","status":"Pass","timestamp":1539899568948843505,"filepath":"spdx-sec-ism-iep.xsd","xslpath":"tmp/spdx-sec-ism-iepd/xml/xsl/spdx-sec-ism-iep.xsl","digest":"fd28ddf560fd06b46d71475b206364215efe21c8d5ec31c52de49b7027fcd70a"},"1539899569360800864":{"entrytype":"GenerateResource","status":"Pass","timestamp":1539899569277765840,"filepath":"spdx-sec-ism-instance.xml","xslpath":"tmp/spdx-sec-ism-iepd/xml/xsl/spdx-sec-ism-instance.xsl","digest":"8f728e4416a9197bb41acbe1a2402b68637b6abe5b423b5e3982bd57e53a4f31"},"1539899569522025799":{"entrytype":"GenerateResource","status":"Pass","timestamp":1539899569363595781,"filepath":"spdx-sec-ism-ref-xsd.json","xslpath":"tmp/spdx-sec-ism-iepd/xml/xsl/common/xsd-json.xsl","digest":"8bc866bddd29e98ecc67f1c2b8f1d2a0b86b75a4c0a228343fd9e2baa4e0a7c3"},"1539899569601160282":{"entrytype":"GenerateResource","status":"Pass","timestamp":1539899569524835347,"filepath":"spdx-sec-ism-iep-xsd.json","xslpath":"tmp/spdx-sec-ism-iepd/xml/xsl/common/xsd-json.xsl","digest":"90243f7aa91616175a5a48b4d2a1910ffde3840c6847a81ba2f34f81081499aa"},"1539899569610919885":{"entrytype":"GenerateResource","status":"Pass","timestamp":1539899569604274525,"filepath":"spdx-sec-ism-instance.json","xslpath":"tmp/spdx-sec-ism-iepd/xml/xsl/common/xml-json.xsl","digest":"ce1e3145362c2821433be76bdf62afed05b5689e8e13d814511cf57ba8d7cae9"},"1539899569652488881":{"entrytype":"GenerateResource","status":"Pass","timestamp":1539899569612426086,"filepath":"spdx-sec-ism-struct.go","xslpath":"tmp/spdx-sec-ism-iepd/xml/xsl/spdx-sec-ism-go-gen.xsl","digest":"377f34db556f2a22b6bb3fabed67e9c5d0009b12d82fe7335725a3bd8489ed2b"},"1539899569672675210":{"entrytype":"GenerateResource","status":"Pass","timestamp":1539899569654205229,"filepath":"spdx-sec-ism-struct_test.go","xslpath":"tmp/spdx-sec-ism-iepd/xml/xsl/spdx-sec-ism-go-test-gen.xsl","digest":"359fd47968d185bc99d1f848d54d80bd0db4ec96853eca9a2ab64f501df39f87"},"1539899569674965768":{"entrytype":"Marshal Data","status":"Pass","timestamp":1539899569674919379,"filepath":"spdx-sec-ism-instance-golang.xml","digest":"6a9f5cf4862958dfca2272167a5ccc26c8d8c4f5411544aa0b69db2d77249be2"},"1539899584910141701":{"entrytype":"Validate","status":"Pass","timestamp":1539899569676543165,"filepath":"tmp/spdx-sec-ism-iepd/xml/xsd/spdx-xml-ref.xsd","xsdpath":"tmp/spdx-sec-ism-iepd/xml/xsd/ext/w3c/XMLSchema.xsd","valid":true},"1539899600287578771":{"entrytype":"Validate","status":"Pass","timestamp":1539899584913372194,"filepath":"tmp/spdx-sec-ism-iepd/xml/xsd/spdx-sec-ism-iep.xsd","xsdpath":"tmp/spdx-sec-ism-iepd/xml/xsd/ext/w3c/XMLSchema.xsd","valid":true},"1539899600299890730":{"entrytype":"Validate","status":"Pass","timestamp":1539899600289347347,"filepath":"tmp/spdx-sec-ism-iepd/xml/instance/spdx-sec-ism-instance.xml","xsdpath":"tmp/spdx-sec-ism-iepd/xml/xsd/spdx-sec-ism-iep.xsd","valid":true},"1539899600318152450":{"entrytype":"Validate","status":"Pass","timestamp":1539899600301521044,"filepath":"tmp/spdx-sec-ism-iepd/xml/instance/spdx-sec-ism-instance.xml","xsdpath":"tmp/spdx-sec-ism-iepd/xml/xsd/spdx-xml-ref.xsd","valid":true},"1539899600346188354":{"entrytype":"Validate","status":"Pass","timestamp":1539899600336101934,"filepath":"tmp/spdx-sec-ism-iepd/xml/instance/spdx-sec-ism-instance-golang.xml","xsdpath":"tmp/spdx-sec-ism-iepd/xml/xsd/spdx-sec-ism-iep.xsd","valid":true},"1539899600377461596":{"entrytype":"Validate","status":"Pass","timestamp":1539899600363406723,"filepath":"tmp/spdx-sec-ism-iepd/xml/instance/spdx-sec-ism-instance-golang.xml","xsdpath":"tmp/spdx-sec-ism-iepd/xml/xsd/spdx-xml-ref.xsd","valid":true}}