{"SoftwareEvidenceArchive":{"name":"SoftwareEvidenceArchive","attributes":{"xsi:schemaLocation":"urn:spdx-xml:1.0  https://spdx-xml.specchain.org/spdx-sec-ism/file/iepxsd","ism:classification":"U"},"SoftwareInformation":{"name":"SoftwareInformation","attributes":{"ism:classification":"U"},"ProductTitleText":{"name":"ProductTitleText","value":"Line text max length 48 characters.","attributes":{"ism:classification":"U"}},"SoftwareNameText":{"name":"SoftwareNameText","value":"Line text max length 48 characters.","attributes":{"ism:classification":"U"}},"SoftwareOrgText":{"name":"SoftwareOrgText","value":"Line text max length 48 characters.","attributes":{"ism:classification":"U"}},"VersionInformation":{"name":"VersionInformation","attributes":{"ism:classification":"U"},"SoftwareVersionText":{"name":"SoftwareVersionText","value":"Line text max length 48 characters.","attributes":{"ism:classification":"U"}},"SemanticVersionIndicator":{"name":"SemanticVersionIndicator","value":"true","attributes":{"ism:classification":"U"}},"SemanticVersionText":{"name":"SemanticVersionText","value":"1.0.0-alpha.beta","attributes":{"ism:classification":"U"}},"SemanticVersionInformation":{"name":"SemanticVersionInformation","attributes":{"ism:classification":"U"},"APIName":{"name":"APIName","value":"APIname","attributes":{"ism:classification":"U"}},"MajorVersionNumeric":{"name":"MajorVersionNumeric","value":"1","attributes":{"ism:classification":"U"}},"MinorVersionNumeric":{"name":"MinorVersionNumeric","value":"1","attributes":{"ism:classification":"U"}},"PatchVersionText":{"name":"PatchVersionText","value":"1","attributes":{"ism:classification":"U"}},"PreReleaseVersionText":{"name":"PreReleaseVersionText","value":"-alpha","attributes":{"ism:classification":"U"}},"BuildMetaText":{"name":"BuildMetaText","value":"+exp.sha.5114f85","attributes":{"ism:classification":"U"}}},"SemanticVersionDate":{"name":"SemanticVersionDate","value":"2018-02-15T09:00:00","attributes":{"ism:classification":"U"}},"PythonSemanticVersionIndicator":{"name":"PythonSemanticVersionIndicator","value":"true","attributes":{"ism:classification":"U"}},"PythonSemanticVersion":{"name":"PythonSemanticVersion","attributes":{"ism:classification":"U"},"PythonEpochSegmentText":{"name":"PythonEpochSegmentText","value":"1","attributes":{"ism:classification":"U"}},"PythonReleaseSegmentText":{"name":"PythonReleaseSegmentText","value":"0","attributes":{"ism:classification":"U"}},"PythonPreReleaseSegmentText":{"name":"PythonPreReleaseSegmentText","value":"3","attributes":{"ism:classification":"U"}},"PythonPostReleaseSegmentText":{"name":"PythonPostReleaseSegmentText","value":"2","attributes":{"ism:classification":"U"}},"PythonDevelopmentReleaseSegmentText":{"name":"PythonDevelopmentReleaseSegmentText","value":"3","attributes":{"ism:classification":"U"}}},"PythonVersionText":{"name":"PythonVersionText","value":"1.0.3.2.3","attributes":{"ism:classification":"U"}}},"GroupingText":{"name":"GroupingText","value":"Line text max length 48 characters.","attributes":{"ism:classification":"U"}},"ReleaseNotesText":{"name":"ReleaseNotesText","value":"Paragraph text max length 512 characters.","attributes":{"ism:classification":"U"}}},"FileInformation":{"name":"FileInformation","attributes":{"ism:classification":"U"},"ComputerFileNameText":{"name":"ComputerFileNameText","value":"filename","attributes":{"ism:classification":"U"}},"FileExtensionText":{"name":"FileExtensionText","value":".xml","attributes":{"ism:classification":"U"}}},"AuthoritativeSourceInformation":{"name":"AuthoritativeSourceInformation","attributes":{"ism:classification":"U"},"SourceHashText":{"name":"SourceHashText","value":"49FE985C79ACECDAC8AC147A88E872FF4E134650367A9D7FC1EFCBAD8C28B47C","attributes":{"ism:classification":"U"}},"SourceURIText":{"name":"SourceURIText","value":"good:URI","attributes":{"ism:classification":"U"}},"AuthoritativeDigitalSignatureIndicator":{"name":"AuthoritativeDigitalSignatureIndicator","value":"true","attributes":{"ism:classification":"U"}}},"EcosystemInformation":{"name":"EcosystemInformation","attributes":{"ism:classification":"U"},"Ecosystem":{"name":"Ecosystem","attributes":{"ism:classification":"U"},"CommitterQuantity":{"name":"CommitterQuantity","value":"100","attributes":{"ism:classification":"U"}},"Languages":{"name":"Languages","attributes":{"ism:classification":"U"},"LanguageText":{"name":"LanguageText","value":"Line text max length 48 characters.","attributes":{"ism:classification":"U"}}},"CommitLogs":{"name":"CommitLogs","attributes":{"ism:classification":"U"},"CommitLogText":{"name":"CommitLogText","value":"Line text max length 48 characters.","attributes":{"ism:classification":"U"}}}},"CompanyInformation":{"name":"CompanyInformation","attributes":{"ism:classification":"U"},"NameText":{"name":"NameText","value":"Line text max length 48 characters.","attributes":{"ism:classification":"U"}}}},"DependencyInformation":{"name":"DependencyInformation","attributes":{"ism:classification":"U"},"Dependencies":{"name":"Dependencies","attributes":{"ism:classification":"U"},"Dependency":{"name":"Dependency","attributes":{"ism:classification":"U"},"NameText":{"name":"NameText","value":"Line text max length 48 characters.","attributes":{"ism:classification":"U"}},"DependencyVersionText":{"name":"DependencyVersionText","value":"Line text max length 48 characters.","attributes":{"ism:classification":"U"}}}},"Compiler":{"name":"Compiler","attributes":{"ism:classification":"U"},"NameText":{"name":"NameText","value":"Line text max length 48 characters.","attributes":{"ism:classification":"U"}},"CompilerVersionText":{"name":"CompilerVersionText","value":"Line text max length 48 characters.","attributes":{"ism:classification":"U"}}}},"LicenseInformation":{"name":"LicenseInformation","attributes":{"ism:classification":"U"},"LicenseCategoryCode":{"name":"LicenseCategoryCode","value":"FOSS","attributes":{"ism:classification":"U"}},"LicenseCode":{"name":"LicenseCode","value":"LGPL","attributes":{"ism:classification":"U"}},"EndOfLifeIndicator":{"name":"EndOfLifeIndicator","value":"true","attributes":{"ism:classification":"U"}}},"VulnerabilityInformation":{"name":"VulnerabilityInformation","attributes":{"ism:classification":"U"},"Vulnerabilities":{"name":"Vulnerabilities","attributes":{"ism:classification":"U"},"Vulnerability":{"name":"Vulnerability","attributes":{"ism:classification":"U"},"VulnerabilityIdentifierText":{"name":"VulnerabilityIdentifierText","value":"Line text max length 48 characters.","attributes":{"ism:classification":"U"}},"SourceText":{"name":"SourceText","value":"Line text max length 48 characters.","attributes":{"ism:classification":"U"}},"VulnerabilityTitleText":{"name":"VulnerabilityTitleText","value":"Paragraph text max length 512 characters.","attributes":{"ism:classification":"U"}},"VulnerabilitySummaryText":{"name":"VulnerabilitySummaryText","value":"Paragraph text max length 512 characters.","attributes":{"ism:classification":"U"}},"VulnerabilityScoreValue":{"name":"VulnerabilityScoreValue","value":"123.456","attributes":{"ism:classification":"U"}},"VulnerabilityScoreVersionValue":{"name":"VulnerabilityScoreVersionValue","value":"123.456","attributes":{"ism:classification":"U"}},"VulnerabilityScoreSystemText":{"name":"VulnerabilityScoreSystemText","value":"Line text max length 48 characters.","attributes":{"ism:classification":"U"}},"ScoreDetails":{"name":"ScoreDetails","attributes":{"ism:classification":"U"},"CommonVulnerabilityScoringSystemV2":{"name":"CommonVulnerabilityScoringSystemV2","attributes":{"ism:classification":"U"},"VectorStringText":{"name":"VectorStringText","value":"Line text max length 48 characters.","attributes":{"ism:classification":"U"}},"AccessVectorText":{"name":"AccessVectorText","value":"Line text max length 48 characters.","attributes":{"ism:classification":"U"}},"AccessComplexityText":{"name":"AccessComplexityText","value":"Line text max length 48 characters.","attributes":{"ism:classification":"U"}},"VulnerabilityAuthenticationText":{"name":"VulnerabilityAuthenticationText","value":"Line text max length 48 characters.","attributes":{"ism:classification":"U"}},"ConfidentialityImpactText":{"name":"ConfidentialityImpactText","value":"Line text max length 48 characters.","attributes":{"ism:classification":"U"}},"IntegrityImpactText":{"name":"IntegrityImpactText","value":"Line text max length 48 characters.","attributes":{"ism:classification":"U"}},"AvailabilityImpactText":{"name":"AvailabilityImpactText","value":"Line text max length 48 characters.","attributes":{"ism:classification":"U"}},"VulnerabilityBaseScoreValue":{"name":"VulnerabilityBaseScoreValue","value":"123.456","attributes":{"ism:classification":"U"}}},"CommonVulnerabilityScoringSystemV3":{"name":"CommonVulnerabilityScoringSystemV3","attributes":{"ism:classification":"U"},"VectorStringText":{"name":"VectorStringText","value":"Line text max length 48 characters.","attributes":{"ism:classification":"U"}},"AccessVectorText":{"name":"AccessVectorText","value":"Line text max length 48 characters.","attributes":{"ism:classification":"U"}},"AccessComplexityText":{"name":"AccessComplexityText","value":"Line text max length 48 characters.","attributes":{"ism:classification":"U"}},"PrivilegesRequiredText":{"name":"PrivilegesRequiredText","value":"Line text max length 48 characters.","attributes":{"ism:classification":"U"}},"UserInteractionText":{"name":"UserInteractionText","value":"Line text max length 48 characters.","attributes":{"ism:classification":"U"}},"VulnerabilityScopeText":{"name":"VulnerabilityScopeText","value":"Line text max length 48 characters.","attributes":{"ism:classification":"U"}},"ConfidentialityImpactText":{"name":"ConfidentialityImpactText","value":"Line text max length 48 characters.","attributes":{"ism:classification":"U"}},"IntegrityImpactText":{"name":"IntegrityImpactText","value":"Line text max length 48 characters.","attributes":{"ism:classification":"U"}},"AvailabilityImpactText":{"name":"AvailabilityImpactText","value":"Line text max length 48 characters.","attributes":{"ism:classification":"U"}},"VulnerabilityBaseScoreValue":{"name":"VulnerabilityBaseScoreValue","value":"123.456","attributes":{"ism:classification":"U"}},"BaseSeverityText":{"name":"BaseSeverityText","value":"Line text max length 48 characters.","attributes":{"ism:classification":"U"}}}},"VulnerabilityVectorText":{"name":"VulnerabilityVectorText","value":"Line text max length 48 characters.","attributes":{"ism:classification":"U"}},"AccessComplexityText":{"name":"AccessComplexityText","value":"Line text max length 48 characters.","attributes":{"ism:classification":"U"}},"VulnerabilityAuthenticationText":{"name":"VulnerabilityAuthenticationText","value":"Line text max length 48 characters.","attributes":{"ism:classification":"U"}},"ConfidentialityImpactText":{"name":"ConfidentialityImpactText","value":"Line text max length 48 characters.","attributes":{"ism:classification":"U"}},"IntegrityImpactText":{"name":"IntegrityImpactText","value":"Line text max length 48 characters.","attributes":{"ism:classification":"U"}},"AvailabilityImpactText":{"name":"AvailabilityImpactText","value":"Line text max length 48 characters.","attributes":{"ism:classification":"U"}},"VulnerabilitySourceText":{"name":"VulnerabilitySourceText","value":"Line text max length 48 characters.","attributes":{"ism:classification":"U"}},"AssessmentCheckText":{"name":"AssessmentCheckText","value":"Line text max length 48 characters.","attributes":{"ism:classification":"U"}},"ScannerText":{"name":"ScannerText","value":"Line text max length 48 characters.","attributes":{"ism:classification":"U"}},"RecommendationText":{"name":"RecommendationText","value":"Paragraph text max length 512 characters.","attributes":{"ism:classification":"U"}},"VulnerabilityReference":{"name":"VulnerabilityReference","attributes":{"ism:classification":"U"},"TypeOfReferenceText":{"name":"TypeOfReferenceText","value":"Line text max length 48 characters.","attributes":{"ism:classification":"U"}},"ReferenceSourceText":{"name":"ReferenceSourceText","value":"Line text max length 48 characters.","attributes":{"ism:classification":"U"}},"URIText":{"name":"URIText","value":"good:URI","attributes":{"ism:classification":"U"}},"ReferenceText":{"name":"ReferenceText","value":"Paragraph text max length 512 characters.","attributes":{"ism:classification":"U"}}},"VulnerabilityModifiedDate":{"name":"VulnerabilityModifiedDate","value":"2018-02-15T09:00:00","attributes":{"ism:classification":"U"}},"VulnerabilityPublishedDate":{"name":"VulnerabilityPublishedDate","value":"2018-02-15T09:00:00","attributes":{"ism:classification":"U"}}}},"VirusInformation":{"name":"VirusInformation","attributes":{"ism:classification":"U"},"KnownVirusQuantity":{"name":"KnownVirusQuantity","value":"100","attributes":{"ism:classification":"U"}},"EngineVersionText":{"name":"EngineVersionText","value":"Line text max length 48 characters.","attributes":{"ism:classification":"U"}},"VirusEngineText":{"name":"VirusEngineText","value":"Line text max length 48 characters.","attributes":{"ism:classification":"U"}},"ScannedDirectoryQuantity":{"name":"ScannedDirectoryQuantity","value":"100","attributes":{"ism:classification":"U"}},"ScannedFileQuantity":{"name":"ScannedFileQuantity","value":"100","attributes":{"ism:classification":"U"}},"InfectedFileQuantity":{"name":"InfectedFileQuantity","value":"100","attributes":{"ism:classification":"U"}},"DataScannedText":{"name":"DataScannedText","value":"Line text max length 48 characters.","attributes":{"ism:classification":"U"}},"DataReadText":{"name":"DataReadText","value":"Line text max length 48 characters.","attributes":{"ism:classification":"U"}},"TimeText":{"name":"TimeText","value":"Line text max length 48 characters.","attributes":{"ism:classification":"U"}},"FileNotesText":{"name":"FileNotesText","value":"Paragraph text max length 512 characters.","attributes":{"ism:classification":"U"}},"EngineDetails":{"name":"EngineDetails","attributes":{"ism:classification":"U"},"EngineVersionText":{"name":"EngineVersionText","value":"Line text max length 48 characters.","attributes":{"ism:classification":"U"}},"DatabaseVersionText":{"name":"DatabaseVersionText","value":"Line text max length 48 characters.","attributes":{"ism:classification":"U"}}}}},"GovernanceRiskCompliance":{"name":"GovernanceRiskCompliance","attributes":{"ism:classification":"U"},"RiskCode":{"name":"RiskCode","value":"medium","attributes":{"ism:classification":"U"}},"StatementOfAssuranceText":{"name":"StatementOfAssuranceText","value":"Paragraph text max length 512 characters.","attributes":{"ism:classification":"U"}}},"DeliveryInformation":{"name":"DeliveryInformation","attributes":{"ism:classification":"U"},"DeliveringOrganizationText":{"name":"DeliveringOrganizationText","value":"Line text max length 48 characters.","attributes":{"ism:classification":"U"}},"DestinationText":{"name":"DestinationText","value":"Line text max length 48 characters.","attributes":{"ism:classification":"U"}},"HashText":{"name":"HashText","value":"49FE985C79ACECDAC8AC147A88E872FF4E134650367A9D7FC1EFCBAD8C28B47C","attributes":{"ism:classification":"U"}},"LastRegistryUpdateDate":{"name":"LastRegistryUpdateDate","value":"2018-02-15T09:00:00","attributes":{"ism:classification":"U"}}}}}