{"1539842169631102500":{"entrytype":"Load Remote Match","status":"Pass","timestamp":1539842169256903792,"filepath":"tmp/spdx-doc-iepd/xml/xsd/spdx-xml-ref.xsd","digest":"026e646a857a1eb3b91291594d746cee5e17560bf46cd43f797c3788d7f36141","message":"Loaded Remote Resource"},"1539842169633306894":{"entrytype":"Authenticity Check","status":"Pass","timestamp":1539842169633303865,"filepath":"xml/xsd/spdx-xml-ref.xsd","digest":"026e646a857a1eb3b91291594d746cee5e17560bf46cd43f797c3788d7f36141","message":"spdx-xml-ref.xsd matches authoritative source"},"1539842169786527409":{"entrytype":"Load Remote Match","status":"Pass","timestamp":1539842169635108271,"filepath":"tmp/spdx-doc-iepd/xml/instance/spdx-doc-test-data.xml","digest":"a07f3c4e4cbff51467b486eb8dc2d2dddf75bf7098ad74ae166bff7fc67c7d83","message":"Loaded Remote Resource"},"1539842169789676135":{"entrytype":"Authenticity Check","status":"Pass","timestamp":1539842169789672897,"filepath":"xml/instance/spdx-doc-test-data.xml","digest":"a07f3c4e4cbff51467b486eb8dc2d2dddf75bf7098ad74ae166bff7fc67c7d83","message":"spdx-doc-test-data.xml matches authoritative source"},"1539842169946632029":{"entrytype":"GenerateResource","status":"Pass","timestamp":1539842169791506988,"filepath":"spdx-doc-iep.xsd","xslpath":"tmp/spdx-doc-iepd/xml/xsl/spdx-doc-iep.xsl","digest":"fa16f865aec2df5a606a35995af783650c1410e36ac0764e5f4e76c40511474c"},"1539842169972537337":{"entrytype":"GenerateResource","status":"Pass","timestamp":1539842169965771491,"filepath":"spdx-doc-instance.xml","xslpath":"tmp/spdx-doc-iepd/xml/xsl/spdx-doc-instance.xsl","digest":"a088961a997c1b012ab315f44c18e8be953756492017859f0ccc9abd07c92ea3"},"1539842170128772688":{"entrytype":"GenerateResource","status":"Pass","timestamp":1539842169974032468,"filepath":"spdx-xml-ref-xsd.json","xslpath":"tmp/spdx-doc-iepd/xml/xsl/common/xsd-json.xsl","digest":"8bc866bddd29e98ecc67f1c2b8f1d2a0b86b75a4c0a228343fd9e2baa4e0a7c3"},"1539842170137736615":{"entrytype":"GenerateResource","status":"Pass","timestamp":1539842170131692333,"filepath":"spdx-doc-iep-xsd.json","xslpath":"tmp/spdx-doc-iepd/xml/xsl/common/xsd-json.xsl","digest":"356c61e92a833fdc9086615835e339fbef4c3fd0bdddbe574dec83ea8845e39e"},"1539842170142014359":{"entrytype":"GenerateResource","status":"Pass","timestamp":1539842170139321383,"filepath":"spdx-doc-instance.json","xslpath":"tmp/spdx-doc-iepd/xml/xsl/common/xml-json.xsl","digest":"be9b857a10514b1df8ddc5405c1f32316a1d68f310831039adf4e669198dbebe"},"1539842170148975883":{"entrytype":"GenerateResource","status":"Pass","timestamp":1539842170143530421,"filepath":"spdx-doc-struct.go","xslpath":"tmp/spdx-doc-iepd/xml/xsl/spdx-doc-go-gen.xsl","digest":"c79513ed49796819dc0fcb34ceea3d9af9bdb2c828c9b83c8ce2ea513660e1ff"},"1539842170156251752":{"entrytype":"GenerateResource","status":"Pass","timestamp":1539842170150449107,"filepath":"spdx-doc-struct_test.go","xslpath":"tmp/spdx-doc-iepd/xml/xsl/spdx-doc-go-test-gen.xsl","digest":"8c5172d50bc9da5ef83aae08ec40d14a5ab0345cecee85573d9d7ecf86239532"},"1539842170157953825":{"entrytype":"Marshal Data","status":"Pass","timestamp":1539842170157929900,"filepath":"spdx-doc-instance-golang.xml","digest":"9bb5d9df173ff9f2a24c7bdf282ecd4fa6308989a4784258a04b3ded11f6e34e"},"1539842185414923483":{"entrytype":"Validate","status":"Pass","timestamp":1539842170159533217,"filepath":"tmp/spdx-doc-iepd/xml/xsd/spdx-xml-ref.xsd","xsdpath":"tmp/spdx-doc-iepd/xml/xsd/ext/w3c/XMLSchema.xsd","valid":true},"1539842200642817989":{"entrytype":"Validate","status":"Pass","timestamp":1539842185432513322,"filepath":"tmp/spdx-doc-iepd/xml/xsd/spdx-doc-iep.xsd","xsdpath":"tmp/spdx-doc-iepd/xml/xsd/ext/w3c/XMLSchema.xsd","valid":true},"1539842200646705571":{"entrytype":"Validate","status":"Pass","timestamp":1539842200645907755,"filepath":"tmp/spdx-doc-iepd/xml/instance/spdx-doc-instance.xml","xsdpath":"tmp/spdx-doc-iepd/xml/xsd/spdx-doc-iep.xsd","valid":true},"1539842200658492504":{"entrytype":"Validate","status":"Pass","timestamp":1539842200648352731,"filepath":"tmp/spdx-doc-iepd/xml/instance/spdx-doc-instance.xml","xsdpath":"tmp/spdx-doc-iepd/xml/xsd/spdx-xml-ref.xsd","valid":true},"1539842200660944473":{"entrytype":"Validate","status":"Pass","timestamp":1539842200660046451,"filepath":"tmp/spdx-doc-iepd/xml/instance/spdx-doc-instance-golang.xml","xsdpath":"tmp/spdx-doc-iepd/xml/xsd/spdx-doc-iep.xsd","valid":true},"1539842200669250061":{"entrytype":"Validate","status":"Pass","timestamp":1539842200662395716,"filepath":"tmp/spdx-doc-iepd/xml/instance/spdx-doc-instance-golang.xml","xsdpath":"tmp/spdx-doc-iepd/xml/xsd/spdx-xml-ref.xsd","valid":true},"1539842200775669028":{"entrytype":"Load Remote Match","status":"Pass","timestamp":1539842200745661266,"filepath":"tmp/spdx-license-iepd/xml/xsd/spdx-xml-ref.xsd","digest":"026e646a857a1eb3b91291594d746cee5e17560bf46cd43f797c3788d7f36141","message":"Loaded Remote Resource"},"1539842200777596163":{"entrytype":"Authenticity Check","status":"Pass","timestamp":1539842200777594368,"filepath":"xml/xsd/spdx-xml-ref.xsd","digest":"026e646a857a1eb3b91291594d746cee5e17560bf46cd43f797c3788d7f36141","message":"spdx-xml-ref.xsd matches authoritative source"},"1539842200932979457":{"entrytype":"Load Remote Match","status":"Pass","timestamp":1539842200779202545,"filepath":"tmp/spdx-license-iepd/xml/instance/spdx-license-test-data.xml","digest":"39dff9fb41d4d5d34fb1bdd9055e3adcd6de67f5498c0313b597d28221ade722","message":"Loaded Remote Resource"},"1539842200935896608":{"entrytype":"Authenticity Check","status":"Pass","timestamp":1539842200935893930,"filepath":"xml/instance/spdx-license-test-data.xml","digest":"39dff9fb41d4d5d34fb1bdd9055e3adcd6de67f5498c0313b597d28221ade722","message":"spdx-license-test-data.xml matches authoritative source"},"1539842201021326086":{"entrytype":"GenerateResource","status":"Pass","timestamp":1539842200937999263,"filepath":"spdx-license-iep.xsd","xslpath":"tmp/spdx-license-iepd/xml/xsl/spdx-license-iep.xsl","digest":"72d25f59322879b0a50271ce16b4939bd4eff0698e4a551971353924f136cb95"},"1539842201055370698":{"entrytype":"GenerateResource","status":"Pass","timestamp":1539842201040629526,"filepath":"spdx-license-instance.xml","xslpath":"tmp/spdx-license-iepd/xml/xsl/spdx-license-instance.xsl","digest":"ff844be7b43f008def99a3503f6ad02d82c57c26ce0d927bc76565a9d7493e1e"},"1539842201230161020":{"entrytype":"GenerateResource","status":"Pass","timestamp":1539842201057126890,"filepath":"spdx-xml-ref-xsd.json","xslpath":"tmp/spdx-license-iepd/xml/xsl/common/xsd-json.xsl","digest":"8bc866bddd29e98ecc67f1c2b8f1d2a0b86b75a4c0a228343fd9e2baa4e0a7c3"},"1539842201236752994":{"entrytype":"GenerateResource","status":"Pass","timestamp":1539842201233142604,"filepath":"spdx-license-iep-xsd.json","xslpath":"tmp/spdx-license-iepd/xml/xsl/common/xsd-json.xsl","digest":"c124023868a91f25eacd2fb76baaa324da7fe5f32b8a60aa73e68f0490781709"},"1539842201240667993":{"entrytype":"GenerateResource","status":"Pass","timestamp":1539842201238143864,"filepath":"spdx-license-instance.json","xslpath":"tmp/spdx-license-iepd/xml/xsl/common/xml-json.xsl","digest":"939c60c70df1c1fe4d57d1d7c166b7949db00ee1dadebf6f7efe5cc6797d80af"},"1539842201245896629":{"entrytype":"GenerateResource","status":"Pass","timestamp":1539842201242144635,"filepath":"spdx-license-struct.go","xslpath":"tmp/spdx-license-iepd/xml/xsl/spdx-license-go-gen.xsl","digest":"b4319fbe5d82a4fe074c97eb8deff34785368961df5b0dfecab15fd4d869ba2d"},"1539842201251122798":{"entrytype":"GenerateResource","status":"Pass","timestamp":1539842201247347779,"filepath":"spdx-license-struct_test.go","xslpath":"tmp/spdx-license-iepd/xml/xsl/spdx-license-go-test-gen.xsl","digest":"442e2c563d9632d0b309d396f86db1bd4180c57dee9c8969aa5c10b8c4871832"},"1539842201268991337":{"entrytype":"Marshal Data","status":"Pass","timestamp":1539842201268949210,"filepath":"spdx-license-instance-golang.xml","digest":"a3d5a1bcf210c2a3fb46890a60843c7ee434a8d6efc9f86cc69d78bf357b963d"},"1539842216609527955":{"entrytype":"Validate","status":"Pass","timestamp":1539842201270684276,"filepath":"tmp/spdx-license-iepd/xml/xsd/spdx-xml-ref.xsd","xsdpath":"tmp/spdx-license-iepd/xml/xsd/ext/w3c/XMLSchema.xsd","valid":true},"1539842231816476839":{"entrytype":"Validate","status":"Pass","timestamp":1539842216612608282,"filepath":"tmp/spdx-license-iepd/xml/xsd/spdx-license-iep.xsd","xsdpath":"tmp/spdx-license-iepd/xml/xsd/ext/w3c/XMLSchema.xsd","valid":true},"1539842231820382029":{"entrytype":"Validate","status":"Pass","timestamp":1539842231819712163,"filepath":"tmp/spdx-license-iepd/xml/instance/spdx-license-instance.xml","xsdpath":"tmp/spdx-license-iepd/xml/xsd/spdx-license-iep.xsd","valid":true},"1539842231832358343":{"entrytype":"Validate","status":"Pass","timestamp":1539842231822014218,"filepath":"tmp/spdx-license-iepd/xml/instance/spdx-license-instance.xml","xsdpath":"tmp/spdx-license-iepd/xml/xsd/spdx-xml-ref.xsd","valid":true},"1539842231834294445":{"entrytype":"Validate","status":"Pass","timestamp":1539842231833971453,"filepath":"tmp/spdx-license-iepd/xml/instance/spdx-license-instance-golang.xml","xsdpath":"tmp/spdx-license-iepd/xml/xsd/spdx-license-iep.xsd","valid":true},"1539842231843389263":{"entrytype":"Validate","status":"Pass","timestamp":1539842231835721129,"filepath":"tmp/spdx-license-iepd/xml/instance/spdx-license-instance-golang.xml","xsdpath":"tmp/spdx-license-iepd/xml/xsd/spdx-xml-ref.xsd","valid":true},"1539842231960082078":{"entrytype":"Load Remote Match","status":"Pass","timestamp":1539842231925125415,"filepath":"tmp/spdx-security-iepd/xml/xsd/spdx-xml-ref.xsd","digest":"026e646a857a1eb3b91291594d746cee5e17560bf46cd43f797c3788d7f36141","message":"Loaded Remote Resource"},"1539842231962354225":{"entrytype":"Authenticity Check","status":"Pass","timestamp":1539842231962351151,"filepath":"xml/xsd/spdx-xml-ref.xsd","digest":"026e646a857a1eb3b91291594d746cee5e17560bf46cd43f797c3788d7f36141","message":"spdx-xml-ref.xsd matches authoritative source"},"1539842232113151727":{"entrytype":"Load Remote Match","status":"Pass","timestamp":1539842231964362942,"filepath":"tmp/spdx-security-iepd/xml/instance/spdx-security-test-data.xml","digest":"e76aadd1a163f2e562fb4ae321c265223ef025bdea3fcf976aaa0c733b0c66f1","message":"Loaded Remote Resource"},"1539842232115320942":{"entrytype":"Authenticity Check","status":"Pass","timestamp":1539842232115317671,"filepath":"xml/instance/spdx-security-test-data.xml","digest":"e76aadd1a163f2e562fb4ae321c265223ef025bdea3fcf976aaa0c733b0c66f1","message":"spdx-security-test-data.xml matches authoritative source"},"1539842232448144484":{"entrytype":"GenerateResource","status":"Pass","timestamp":1539842232117184674,"filepath":"spdx-security-iep.xsd","xslpath":"tmp/spdx-security-iepd/xml/xsl/spdx-security-iep.xsl","digest":"8acf35a67b2c970490c310b5917328ec4ce449c4ed0e3e533765e3e5c6cbb872"},"1539842232568747216":{"entrytype":"GenerateResource","status":"Pass","timestamp":1539842232465932942,"filepath":"spdx-security-instance.xml","xslpath":"tmp/spdx-security-iepd/xml/xsl/spdx-security-instance.xsl","digest":"8294cbb8bf1d73962d6ec6c56823bdacdc71bf98f140bb9d353657b9dfbb31ee"},"1539842232727012798":{"entrytype":"GenerateResource","status":"Pass","timestamp":1539842232570224043,"filepath":"spdx-security-ref-xsd.json","xslpath":"tmp/spdx-security-iepd/xml/xsl/common/xsd-json.xsl","digest":"8bc866bddd29e98ecc67f1c2b8f1d2a0b86b75a4c0a228343fd9e2baa4e0a7c3"},"1539842232799547139":{"entrytype":"GenerateResource","status":"Pass","timestamp":1539842232728852933,"filepath":"spdx-security-iep-xsd.json","xslpath":"tmp/spdx-security-iepd/xml/xsl/common/xsd-json.xsl","digest":"90243f7aa91616175a5a48b4d2a1910ffde3840c6847a81ba2f34f81081499aa"},"1539842232806419045":{"entrytype":"GenerateResource","status":"Pass","timestamp":1539842232801366531,"filepath":"spdx-security-instance.json","xslpath":"tmp/spdx-security-iepd/xml/xsl/common/xml-json.xsl","digest":"f6e737c874e73e8e5dca2caa1fc0d41611b919eeee702477c47e65ce849606ed"},"1539842232838888759":{"entrytype":"GenerateResource","status":"Pass","timestamp":1539842232807988877,"filepath":"spdx-security-struct.go","xslpath":"tmp/spdx-security-iepd/xml/xsl/spdx-security-go-gen.xsl","digest":"377f34db556f2a22b6bb3fabed67e9c5d0009b12d82fe7335725a3bd8489ed2b"},"1539842232857352550":{"entrytype":"GenerateResource","status":"Pass","timestamp":1539842232840430945,"filepath":"spdx-security-struct_test.go","xslpath":"tmp/spdx-security-iepd/xml/xsl/spdx-security-go-test-gen.xsl","digest":"b46dbf73d3e3d891b0afbacc5ba32fdfb8bf2bfaae35abf460089a1b2ae99d7b"},"1539842232878870533":{"entrytype":"Marshal Data","status":"Pass","timestamp":1539842232878643743,"filepath":"spdx-security-instance-golang.xml","digest":"5e6824a4c18224975bc6d23752446ba55712378e6c57499c16fda05dc827590b"},"1539842248107750059":{"entrytype":"Validate","status":"Pass","timestamp":1539842232880966053,"filepath":"tmp/spdx-security-iepd/xml/xsd/spdx-xml-ref.xsd","xsdpath":"tmp/spdx-security-iepd/xml/xsd/ext/w3c/XMLSchema.xsd","valid":true},"1539842263343183531":{"entrytype":"Validate","status":"Pass","timestamp":1539842248111139131,"filepath":"tmp/spdx-security-iepd/xml/xsd/spdx-security-iep.xsd","xsdpath":"tmp/spdx-security-iepd/xml/xsd/ext/w3c/XMLSchema.xsd","valid":true},"1539842263358316548":{"entrytype":"Validate","status":"Pass","timestamp":1539842263345336462,"filepath":"tmp/spdx-security-iepd/xml/instance/spdx-security-instance.xml","xsdpath":"tmp/spdx-security-iepd/xml/xsd/spdx-security-iep.xsd","valid":true},"1539842263386092629":{"entrytype":"Validate","status":"Pass","timestamp":1539842263363709642,"filepath":"tmp/spdx-security-iepd/xml/instance/spdx-security-instance.xml","xsdpath":"tmp/spdx-security-iepd/xml/xsd/spdx-xml-ref.xsd","valid":true},"1539842263395636906":{"entrytype":"Validate","status":"Pass","timestamp":1539842263387822730,"filepath":"tmp/spdx-security-iepd/xml/instance/spdx-security-instance-golang.xml","xsdpath":"tmp/spdx-security-iepd/xml/xsd/spdx-security-iep.xsd","valid":true},"1539842263415066564":{"entrytype":"Validate","status":"Pass","timestamp":1539842263397409612,"filepath":"tmp/spdx-security-iepd/xml/instance/spdx-security-instance-golang.xml","xsdpath":"tmp/spdx-security-iepd/xml/xsd/spdx-xml-ref.xsd","valid":true},"1539842263531122053":{"entrytype":"Load Remote Match","status":"Pass","timestamp":1539842263505839972,"filepath":"tmp/spdx-sec-ism-iepd/xml/xsd/spdx-xml-ref.xsd","digest":"026e646a857a1eb3b91291594d746cee5e17560bf46cd43f797c3788d7f36141","message":"Loaded Remote Resource"},"1539842263535763016":{"entrytype":"Authenticity Check","status":"Pass","timestamp":1539842263535762372,"filepath":"xml/xsd/spdx-xml-ref.xsd","digest":"026e646a857a1eb3b91291594d746cee5e17560bf46cd43f797c3788d7f36141","message":"spdx-xml-ref.xsd matches authoritative source"},"1539842263684135012":{"entrytype":"Load Remote Match","status":"Pass","timestamp":1539842263537389966,"filepath":"tmp/spdx-sec-ism-iepd/xml/instance/spdx-sec-ism-test-data.xml","digest":"9f7823926838648ab97d13486edf181fb98896659c3e39ca78e817b76258508a","message":"Loaded Remote Resource"},"1539842263686246907":{"entrytype":"Authenticity Check","status":"Pass","timestamp":1539842263686243815,"filepath":"xml/instance/spdx-sec-ism-test-data.xml","digest":"9f7823926838648ab97d13486edf181fb98896659c3e39ca78e817b76258508a","message":"spdx-sec-ism-test-data.xml matches authoritative source"},"1539842264001102558":{"entrytype":"GenerateResource","status":"Pass","timestamp":1539842263694396799,"filepath":"spdx-sec-ism-iep.xsd","xslpath":"tmp/spdx-sec-ism-iepd/xml/xsl/spdx-sec-ism-iep.xsl","digest":"fd28ddf560fd06b46d71475b206364215efe21c8d5ec31c52de49b7027fcd70a"},"1539842264104392673":{"entrytype":"GenerateResource","status":"Pass","timestamp":1539842264021268265,"filepath":"spdx-sec-ism-instance.xml","xslpath":"tmp/spdx-sec-ism-iepd/xml/xsl/spdx-sec-ism-instance.xsl","digest":"8f728e4416a9197bb41acbe1a2402b68637b6abe5b423b5e3982bd57e53a4f31"},"1539842264270306932":{"entrytype":"GenerateResource","status":"Pass","timestamp":1539842264106168831,"filepath":"spdx-sec-ism-ref-xsd.json","xslpath":"tmp/spdx-sec-ism-iepd/xml/xsl/common/xsd-json.xsl","digest":"8bc866bddd29e98ecc67f1c2b8f1d2a0b86b75a4c0a228343fd9e2baa4e0a7c3"},"1539842264344627517":{"entrytype":"GenerateResource","status":"Pass","timestamp":1539842264272330244,"filepath":"spdx-sec-ism-iep-xsd.json","xslpath":"tmp/spdx-sec-ism-iepd/xml/xsl/common/xsd-json.xsl","digest":"90243f7aa91616175a5a48b4d2a1910ffde3840c6847a81ba2f34f81081499aa"},"1539842264351350153":{"entrytype":"GenerateResource","status":"Pass","timestamp":1539842264346536258,"filepath":"spdx-sec-ism-instance.json","xslpath":"tmp/spdx-sec-ism-iepd/xml/xsl/common/xml-json.xsl","digest":"ce1e3145362c2821433be76bdf62afed05b5689e8e13d814511cf57ba8d7cae9"},"1539842264387355426":{"entrytype":"GenerateResource","status":"Pass","timestamp":1539842264355921836,"filepath":"spdx-sec-ism-struct.go","xslpath":"tmp/spdx-sec-ism-iepd/xml/xsl/spdx-sec-ism-go-gen.xsl","digest":"377f34db556f2a22b6bb3fabed67e9c5d0009b12d82fe7335725a3bd8489ed2b"},"1539842264406102865":{"entrytype":"GenerateResource","status":"Pass","timestamp":1539842264389167531,"filepath":"spdx-sec-ism-struct_test.go","xslpath":"tmp/spdx-sec-ism-iepd/xml/xsl/spdx-sec-ism-go-test-gen.xsl","digest":"359fd47968d185bc99d1f848d54d80bd0db4ec96853eca9a2ab64f501df39f87"},"1539842264428204813":{"entrytype":"Marshal Data","status":"Pass","timestamp":1539842264427984951,"filepath":"spdx-sec-ism-instance-golang.xml","digest":"6a9f5cf4862958dfca2272167a5ccc26c8d8c4f5411544aa0b69db2d77249be2"},"1539842279684616709":{"entrytype":"Validate","status":"Pass","timestamp":1539842264430312935,"filepath":"tmp/spdx-sec-ism-iepd/xml/xsd/spdx-xml-ref.xsd","xsdpath":"tmp/spdx-sec-ism-iepd/xml/xsd/ext/w3c/XMLSchema.xsd","valid":true},"1539842295015476233":{"entrytype":"Validate","status":"Pass","timestamp":1539842279688102626,"filepath":"tmp/spdx-sec-ism-iepd/xml/xsd/spdx-sec-ism-iep.xsd","xsdpath":"tmp/spdx-sec-ism-iepd/xml/xsd/ext/w3c/XMLSchema.xsd","valid":true},"1539842295024526917":{"entrytype":"Validate","status":"Pass","timestamp":1539842295018769049,"filepath":"tmp/spdx-sec-ism-iepd/xml/instance/spdx-sec-ism-instance.xml","xsdpath":"tmp/spdx-sec-ism-iepd/xml/xsd/spdx-sec-ism-iep.xsd","valid":true},"1539842295035170829":{"entrytype":"Validate","status":"Pass","timestamp":1539842295026379681,"filepath":"tmp/spdx-sec-ism-iepd/xml/instance/spdx-sec-ism-instance.xml","xsdpath":"tmp/spdx-sec-ism-iepd/xml/xsd/spdx-xml-ref.xsd","valid":true},"1539842295041872512":{"entrytype":"Validate","status":"Pass","timestamp":1539842295036790464,"filepath":"tmp/spdx-sec-ism-iepd/xml/instance/spdx-sec-ism-instance-golang.xml","xsdpath":"tmp/spdx-sec-ism-iepd/xml/xsd/spdx-sec-ism-iep.xsd","valid":true},"1539842295050482267":{"entrytype":"Validate","status":"Pass","timestamp":1539842295043712832,"filepath":"tmp/spdx-sec-ism-iepd/xml/instance/spdx-sec-ism-instance-golang.xml","xsdpath":"tmp/spdx-sec-ism-iepd/xml/xsd/spdx-xml-ref.xsd","valid":true}}