{"1540200105081291324":{"entrytype":"Load Remote Match","status":"Pass","timestamp":1540200104878708202,"filepath":"tmp/spdx-doc-iepd/xml/xsd/spdx-xml-ref.xsd","digest":"026e646a857a1eb3b91291594d746cee5e17560bf46cd43f797c3788d7f36141","message":"Loaded Remote Resource"},"1540200105099240900":{"entrytype":"Authenticity Check","status":"Pass","timestamp":1540200105099237756,"filepath":"xml/xsd/spdx-xml-ref.xsd","digest":"026e646a857a1eb3b91291594d746cee5e17560bf46cd43f797c3788d7f36141","message":"spdx-xml-ref.xsd matches authoritative source"},"1540200105116361085":{"entrytype":"Load Remote Match","status":"Pass","timestamp":1540200105101060261,"filepath":"tmp/spdx-doc-iepd/xml/instance/spdx-doc-test-data.xml","digest":"a07f3c4e4cbff51467b486eb8dc2d2dddf75bf7098ad74ae166bff7fc67c7d83","message":"Loaded Remote Resource"},"1540200105118139866":{"entrytype":"Authenticity Check","status":"Pass","timestamp":1540200105118138309,"filepath":"xml/instance/spdx-doc-test-data.xml","digest":"a07f3c4e4cbff51467b486eb8dc2d2dddf75bf7098ad74ae166bff7fc67c7d83","message":"spdx-doc-test-data.xml matches authoritative source"},"1540200105240900429":{"entrytype":"GenerateResource","status":"Pass","timestamp":1540200105119815632,"filepath":"spdx-doc-iep.xsd","xslpath":"tmp/spdx-doc-iepd/xml/xsl/spdx-doc-iep.xsl","digest":"fa16f865aec2df5a606a35995af783650c1410e36ac0764e5f4e76c40511474c"},"1540200105248977853":{"entrytype":"GenerateResource","status":"Pass","timestamp":1540200105242532261,"filepath":"spdx-doc-instance.xml","xslpath":"tmp/spdx-doc-iepd/xml/xsl/spdx-doc-instance.xsl","digest":"da7dc734f14ae4f25a41ce1a326879a0653fb58ab573187012a0123535b49908"},"1540200105547133810":{"entrytype":"GenerateResource","status":"Pass","timestamp":1540200105250415382,"filepath":"spdx-xml-ref-xsd.json","xslpath":"tmp/spdx-doc-iepd/xml/xsl/common/xsd-json.xsl","digest":"93ddf4370fb992fb7b602284e499d176d44520fdf548757ecbde6f0d0ffc3e4f"},"1540200105558553512":{"entrytype":"GenerateResource","status":"Pass","timestamp":1540200105548860509,"filepath":"spdx-doc-iep-xsd.json","xslpath":"tmp/spdx-doc-iepd/xml/xsl/common/xsd-json.xsl","digest":"b8fe9d70b5ca0b9fc529385f7dd0214d2e45c1ff85674d3333717cacf7aa7d59"},"1540200105581545291":{"entrytype":"GenerateResource","status":"Pass","timestamp":1540200105578767032,"filepath":"spdx-doc-instance.json","xslpath":"tmp/spdx-doc-iepd/xml/xsl/common/xml-json.xsl","digest":"aad3b90e99c7ab95c02605df03adcad9799398c2c000d08a890e82b1266518e5"},"1540200105588855335":{"entrytype":"GenerateResource","status":"Pass","timestamp":1540200105583036865,"filepath":"spdx-doc-struct.go","xslpath":"tmp/spdx-doc-iepd/xml/xsl/spdx-doc-go-gen.xsl","digest":"90d1b0fb2ae7cf1739e5083df3b227b28f0c57f1d0af85dc0b706514bb30f463"},"1540200105596033987":{"entrytype":"GenerateResource","status":"Pass","timestamp":1540200105590387647,"filepath":"spdx-doc-struct_test.go","xslpath":"tmp/spdx-doc-iepd/xml/xsl/spdx-doc-go-test-gen.xsl","digest":"0f427baba510bb9023cfbfb05496a4efab824403b48bb01243c677294eefd87a"},"1540200105598286839":{"entrytype":"Marshal Data","status":"Pass","timestamp":1540200105598258241,"filepath":"spdx-doc-instance-golang.xml","digest":"9bb5d9df173ff9f2a24c7bdf282ecd4fa6308989a4784258a04b3ded11f6e34e"},"1540200120805442366":{"entrytype":"Validate","status":"Pass","timestamp":1540200105602625983,"filepath":"tmp/spdx-doc-iepd/xml/xsd/spdx-xml-ref.xsd","xsdpath":"tmp/spdx-doc-iepd/xml/xsd/ext/w3c/XMLSchema.xsd","valid":true},"1540200136016313779":{"entrytype":"Validate","status":"Pass","timestamp":1540200120808720630,"filepath":"tmp/spdx-doc-iepd/xml/xsd/spdx-doc-iep.xsd","xsdpath":"tmp/spdx-doc-iepd/xml/xsd/ext/w3c/XMLSchema.xsd","valid":true},"1540200136023273074":{"entrytype":"Validate","status":"Pass","timestamp":1540200136019984860,"filepath":"tmp/spdx-doc-iepd/xml/instance/spdx-doc-instance.xml","xsdpath":"tmp/spdx-doc-iepd/xml/xsd/spdx-doc-iep.xsd","valid":true},"1540200136061117078":{"entrytype":"Validate","status":"Pass","timestamp":1540200136041036536,"filepath":"tmp/spdx-doc-iepd/xml/instance/spdx-doc-instance.xml","xsdpath":"tmp/spdx-doc-iepd/xml/xsd/spdx-xml-ref.xsd","valid":true},"1540200136064212856":{"entrytype":"Validate","status":"Pass","timestamp":1540200136063127928,"filepath":"tmp/spdx-doc-iepd/xml/instance/spdx-doc-instance-golang.xml","xsdpath":"tmp/spdx-doc-iepd/xml/xsd/spdx-doc-iep.xsd","valid":true},"1540200136074681490":{"entrytype":"Validate","status":"Pass","timestamp":1540200136065921180,"filepath":"tmp/spdx-doc-iepd/xml/instance/spdx-doc-instance-golang.xml","xsdpath":"tmp/spdx-doc-iepd/xml/xsd/spdx-xml-ref.xsd","valid":true},"1540200136180577012":{"entrytype":"Load Remote Match","status":"Pass","timestamp":1540200136160614440,"filepath":"tmp/spdx-license-iepd/xml/xsd/spdx-xml-ref.xsd","digest":"026e646a857a1eb3b91291594d746cee5e17560bf46cd43f797c3788d7f36141","message":"Loaded Remote Resource"},"1540200136182696810":{"entrytype":"Authenticity Check","status":"Pass","timestamp":1540200136182695931,"filepath":"xml/xsd/spdx-xml-ref.xsd","digest":"026e646a857a1eb3b91291594d746cee5e17560bf46cd43f797c3788d7f36141","message":"spdx-xml-ref.xsd matches authoritative source"},"1540200136329578418":{"entrytype":"Load Remote Match","status":"Pass","timestamp":1540200136184326864,"filepath":"tmp/spdx-license-iepd/xml/instance/spdx-license-test-data.xml","digest":"39dff9fb41d4d5d34fb1bdd9055e3adcd6de67f5498c0313b597d28221ade722","message":"Loaded Remote Resource"},"1540200136331709063":{"entrytype":"Authenticity Check","status":"Pass","timestamp":1540200136331706542,"filepath":"xml/instance/spdx-license-test-data.xml","digest":"39dff9fb41d4d5d34fb1bdd9055e3adcd6de67f5498c0313b597d28221ade722","message":"spdx-license-test-data.xml matches authoritative source"},"1540200136412403439":{"entrytype":"GenerateResource","status":"Pass","timestamp":1540200136333903500,"filepath":"spdx-license-iep.xsd","xslpath":"tmp/spdx-license-iepd/xml/xsl/spdx-license-iep.xsl","digest":"72d25f59322879b0a50271ce16b4939bd4eff0698e4a551971353924f136cb95"},"1540200136433983621":{"entrytype":"GenerateResource","status":"Pass","timestamp":1540200136430471736,"filepath":"spdx-license-instance.xml","xslpath":"tmp/spdx-license-iepd/xml/xsl/spdx-license-instance.xsl","digest":"daa125f832cff329a77dde2817cf90b0efbdb4335a454adb18540cf808553fc8"},"1540200136731567470":{"entrytype":"GenerateResource","status":"Pass","timestamp":1540200136435611699,"filepath":"spdx-xml-ref-xsd.json","xslpath":"tmp/spdx-license-iepd/xml/xsl/common/xsd-json.xsl","digest":"93ddf4370fb992fb7b602284e499d176d44520fdf548757ecbde6f0d0ffc3e4f"},"1540200136738576275":{"entrytype":"GenerateResource","status":"Pass","timestamp":1540200136733515641,"filepath":"spdx-license-iep-xsd.json","xslpath":"tmp/spdx-license-iepd/xml/xsl/common/xsd-json.xsl","digest":"c8fd9f8a88341980d035e2d55661c3101ae3d412a0e5c65aabdf72182390fe7c"},"1540200136742589669":{"entrytype":"GenerateResource","status":"Pass","timestamp":1540200136740158817,"filepath":"spdx-license-instance.json","xslpath":"tmp/spdx-license-iepd/xml/xsl/common/xml-json.xsl","digest":"a28519fc4dfc96d63e7ae420eca1202af28b45a2c4eec8c3229e3dd5717aaef3"},"1540200136747846623":{"entrytype":"GenerateResource","status":"Pass","timestamp":1540200136744261971,"filepath":"spdx-license-struct.go","xslpath":"tmp/spdx-license-iepd/xml/xsl/spdx-license-go-gen.xsl","digest":"1824720fcd3ce3c71e6f7f20bcdf7efd3ab191b315b3c263f67f51143ecaed44"},"1540200136753320423":{"entrytype":"GenerateResource","status":"Pass","timestamp":1540200136749403839,"filepath":"spdx-license-struct_test.go","xslpath":"tmp/spdx-license-iepd/xml/xsl/spdx-license-go-test-gen.xsl","digest":"072aa72b94cf86b6b300b539af869b537e0adfb51cb2e0df3e1b6c23ef23acf8"},"1540200136770697824":{"entrytype":"Marshal Data","status":"Pass","timestamp":1540200136770672601,"filepath":"spdx-license-instance-golang.xml","digest":"a3d5a1bcf210c2a3fb46890a60843c7ee434a8d6efc9f86cc69d78bf357b963d"},"1540200152011973235":{"entrytype":"Validate","status":"Pass","timestamp":1540200136772244014,"filepath":"tmp/spdx-license-iepd/xml/xsd/spdx-xml-ref.xsd","xsdpath":"tmp/spdx-license-iepd/xml/xsd/ext/w3c/XMLSchema.xsd","valid":true},"1540200167218732087":{"entrytype":"Validate","status":"Pass","timestamp":1540200152015401144,"filepath":"tmp/spdx-license-iepd/xml/xsd/spdx-license-iep.xsd","xsdpath":"tmp/spdx-license-iepd/xml/xsd/ext/w3c/XMLSchema.xsd","valid":true},"1540200167222241621":{"entrytype":"Validate","status":"Pass","timestamp":1540200167221905568,"filepath":"tmp/spdx-license-iepd/xml/instance/spdx-license-instance.xml","xsdpath":"tmp/spdx-license-iepd/xml/xsd/spdx-license-iep.xsd","valid":true},"1540200167232011462":{"entrytype":"Validate","status":"Pass","timestamp":1540200167224080656,"filepath":"tmp/spdx-license-iepd/xml/instance/spdx-license-instance.xml","xsdpath":"tmp/spdx-license-iepd/xml/xsd/spdx-xml-ref.xsd","valid":true},"1540200167234148737":{"entrytype":"Validate","status":"Pass","timestamp":1540200167233716610,"filepath":"tmp/spdx-license-iepd/xml/instance/spdx-license-instance-golang.xml","xsdpath":"tmp/spdx-license-iepd/xml/xsd/spdx-license-iep.xsd","valid":true},"1540200167245397534":{"entrytype":"Validate","status":"Pass","timestamp":1540200167235790423,"filepath":"tmp/spdx-license-iepd/xml/instance/spdx-license-instance-golang.xml","xsdpath":"tmp/spdx-license-iepd/xml/xsd/spdx-xml-ref.xsd","valid":true},"1540200167361043586":{"entrytype":"Load Remote Match","status":"Pass","timestamp":1540200167335898853,"filepath":"tmp/spdx-security-iepd/xml/xsd/spdx-xml-ref.xsd","digest":"026e646a857a1eb3b91291594d746cee5e17560bf46cd43f797c3788d7f36141","message":"Loaded Remote Resource"},"1540200167362990619":{"entrytype":"Authenticity Check","status":"Pass","timestamp":1540200167362989781,"filepath":"xml/xsd/spdx-xml-ref.xsd","digest":"026e646a857a1eb3b91291594d746cee5e17560bf46cd43f797c3788d7f36141","message":"spdx-xml-ref.xsd matches authoritative source"},"1540200167507607053":{"entrytype":"Load Remote Match","status":"Pass","timestamp":1540200167364640676,"filepath":"tmp/spdx-security-iepd/xml/instance/spdx-security-test-data.xml","digest":"e76aadd1a163f2e562fb4ae321c265223ef025bdea3fcf976aaa0c733b0c66f1","message":"Loaded Remote Resource"},"1540200167509874868":{"entrytype":"Authenticity Check","status":"Pass","timestamp":1540200167509872141,"filepath":"xml/instance/spdx-security-test-data.xml","digest":"e76aadd1a163f2e562fb4ae321c265223ef025bdea3fcf976aaa0c733b0c66f1","message":"spdx-security-test-data.xml matches authoritative source"},"1540200167828750737":{"entrytype":"GenerateResource","status":"Pass","timestamp":1540200167511955689,"filepath":"spdx-security-iep.xsd","xslpath":"tmp/spdx-security-iepd/xml/xsl/spdx-security-iep.xsl","digest":"8acf35a67b2c970490c310b5917328ec4ce449c4ed0e3e533765e3e5c6cbb872"},"1540200167947523179":{"entrytype":"GenerateResource","status":"Pass","timestamp":1540200167841581456,"filepath":"spdx-security-instance.xml","xslpath":"tmp/spdx-security-iepd/xml/xsl/spdx-security-instance.xsl","digest":"a1b01ef7553d0d5bf45830ba634517d60b80c3487f30c3412861d39d11eb0820"},"1540200168248320567":{"entrytype":"GenerateResource","status":"Pass","timestamp":1540200167949299954,"filepath":"spdx-security-ref-xsd.json","xslpath":"tmp/spdx-security-iepd/xml/xsl/common/xsd-json.xsl","digest":"93ddf4370fb992fb7b602284e499d176d44520fdf548757ecbde6f0d0ffc3e4f"},"1540200168364021647":{"entrytype":"GenerateResource","status":"Pass","timestamp":1540200168251356223,"filepath":"spdx-security-iep-xsd.json","xslpath":"tmp/spdx-security-iepd/xml/xsl/common/xsd-json.xsl","digest":"bd9bc87a589c054b74543df69ad566548240007e53240d8eb7983754bb32fb1b"},"1540200168371060419":{"entrytype":"GenerateResource","status":"Pass","timestamp":1540200168365950606,"filepath":"spdx-security-instance.json","xslpath":"tmp/spdx-security-iepd/xml/xsl/common/xml-json.xsl","digest":"cf2459bdb33a6f762d2718769cdf18debb6c0c25d69b42030363f1fe4092b254"},"1540200168401572463":{"entrytype":"GenerateResource","status":"Pass","timestamp":1540200168372850611,"filepath":"spdx-security-struct.go","xslpath":"tmp/spdx-security-iepd/xml/xsl/spdx-security-go-gen.xsl","digest":"8537a547448cf413b627f8609e87cadd3d7a7914f5049f60577455f151e5d0fc"},"1540200168420249996":{"entrytype":"GenerateResource","status":"Pass","timestamp":1540200168403397284,"filepath":"spdx-security-struct_test.go","xslpath":"tmp/spdx-security-iepd/xml/xsl/spdx-security-go-test-gen.xsl","digest":"f8251fa32a49dbabb3ee93fd1e5fab13681e73bfb00decf5c80b0a822e4f9746"},"1540200168438848002":{"entrytype":"Marshal Data","status":"Pass","timestamp":1540200168438749000,"filepath":"spdx-security-instance-golang.xml","digest":"5e6824a4c18224975bc6d23752446ba55712378e6c57499c16fda05dc827590b"},"1540200183671117775":{"entrytype":"Validate","status":"Pass","timestamp":1540200168440635153,"filepath":"tmp/spdx-security-iepd/xml/xsd/spdx-xml-ref.xsd","xsdpath":"tmp/spdx-security-iepd/xml/xsd/ext/w3c/XMLSchema.xsd","valid":true},"1540200198885943858":{"entrytype":"Validate","status":"Pass","timestamp":1540200183674379394,"filepath":"tmp/spdx-security-iepd/xml/xsd/spdx-security-iep.xsd","xsdpath":"tmp/spdx-security-iepd/xml/xsd/ext/w3c/XMLSchema.xsd","valid":true},"1540200198893058926":{"entrytype":"Validate","status":"Pass","timestamp":1540200198889144429,"filepath":"tmp/spdx-security-iepd/xml/instance/spdx-security-instance.xml","xsdpath":"tmp/spdx-security-iepd/xml/xsd/spdx-security-iep.xsd","valid":true},"1540200198902276167":{"entrytype":"Validate","status":"Pass","timestamp":1540200198894819664,"filepath":"tmp/spdx-security-iepd/xml/instance/spdx-security-instance.xml","xsdpath":"tmp/spdx-security-iepd/xml/xsd/spdx-xml-ref.xsd","valid":true},"1540200198908696487":{"entrytype":"Validate","status":"Pass","timestamp":1540200198904021372,"filepath":"tmp/spdx-security-iepd/xml/instance/spdx-security-instance-golang.xml","xsdpath":"tmp/spdx-security-iepd/xml/xsd/spdx-security-iep.xsd","valid":true},"1540200198919332990":{"entrytype":"Validate","status":"Pass","timestamp":1540200198910345700,"filepath":"tmp/spdx-security-iepd/xml/instance/spdx-security-instance-golang.xml","xsdpath":"tmp/spdx-security-iepd/xml/xsd/spdx-xml-ref.xsd","valid":true},"1540200199128166188":{"entrytype":"Load Remote Match","status":"Pass","timestamp":1540200199013794296,"filepath":"tmp/spdx-sec-ism-iepd/xml/xsd/spdx-xml-ref.xsd","digest":"026e646a857a1eb3b91291594d746cee5e17560bf46cd43f797c3788d7f36141","message":"Loaded Remote Resource"},"1540200199130362737":{"entrytype":"Authenticity Check","status":"Pass","timestamp":1540200199130361443,"filepath":"xml/xsd/spdx-xml-ref.xsd","digest":"026e646a857a1eb3b91291594d746cee5e17560bf46cd43f797c3788d7f36141","message":"spdx-xml-ref.xsd matches authoritative source"},"1540200199272401190":{"entrytype":"Load Remote Match","status":"Pass","timestamp":1540200199132140608,"filepath":"tmp/spdx-sec-ism-iepd/xml/instance/spdx-sec-ism-test-data.xml","digest":"9f7823926838648ab97d13486edf181fb98896659c3e39ca78e817b76258508a","message":"Loaded Remote Resource"},"1540200199275673682":{"entrytype":"Authenticity Check","status":"Pass","timestamp":1540200199275670465,"filepath":"xml/instance/spdx-sec-ism-test-data.xml","digest":"9f7823926838648ab97d13486edf181fb98896659c3e39ca78e817b76258508a","message":"spdx-sec-ism-test-data.xml matches authoritative source"},"1540200199600156104":{"entrytype":"GenerateResource","status":"Pass","timestamp":1540200199277867198,"filepath":"spdx-sec-ism-iep.xsd","xslpath":"tmp/spdx-sec-ism-iepd/xml/xsl/spdx-sec-ism-iep.xsl","digest":"fd28ddf560fd06b46d71475b206364215efe21c8d5ec31c52de49b7027fcd70a"},"1540200199682458589":{"entrytype":"GenerateResource","status":"Pass","timestamp":1540200199619344818,"filepath":"spdx-sec-ism-instance.xml","xslpath":"tmp/spdx-sec-ism-iepd/xml/xsl/spdx-sec-ism-instance.xsl","digest":"b14d44ab429e018226445e3745b6bd796f76f097c08721db2a717e9dddfd6cca"},"1540200199984856134":{"entrytype":"GenerateResource","status":"Pass","timestamp":1540200199684266515,"filepath":"spdx-sec-ism-ref-xsd.json","xslpath":"tmp/spdx-sec-ism-iepd/xml/xsl/common/xsd-json.xsl","digest":"93ddf4370fb992fb7b602284e499d176d44520fdf548757ecbde6f0d0ffc3e4f"},"1540200200100148756":{"entrytype":"GenerateResource","status":"Pass","timestamp":1540200199986950899,"filepath":"spdx-sec-ism-iep-xsd.json","xslpath":"tmp/spdx-sec-ism-iepd/xml/xsl/common/xsd-json.xsl","digest":"bd9bc87a589c054b74543df69ad566548240007e53240d8eb7983754bb32fb1b"},"1540200200106971999":{"entrytype":"GenerateResource","status":"Pass","timestamp":1540200200102130368,"filepath":"spdx-sec-ism-instance.json","xslpath":"tmp/spdx-sec-ism-iepd/xml/xsl/common/xml-json.xsl","digest":"74c329e58a46ef2b637d8468b841b8061645d4835dfbcda05cb9ed703ebcd7ae"},"1540200200183874035":{"entrytype":"GenerateResource","status":"Pass","timestamp":1540200200108842734,"filepath":"spdx-sec-ism-struct.go","xslpath":"tmp/spdx-sec-ism-iepd/xml/xsl/spdx-sec-ism-go-gen.xsl","digest":"967dbeecc31900f25eb068ae77514a3543120261157e54210c3f772507ae6b40"},"1540200200202786667":{"entrytype":"GenerateResource","status":"Pass","timestamp":1540200200185854668,"filepath":"spdx-sec-ism-struct_test.go","xslpath":"tmp/spdx-sec-ism-iepd/xml/xsl/spdx-sec-ism-go-test-gen.xsl","digest":"9ef0cbc5b56b6c4b39faba8ffffa68cc652eb308869737eb9d05b22a1e4f779d"},"1540200200222273313":{"entrytype":"Marshal Data","status":"Pass","timestamp":1540200200222231769,"filepath":"spdx-sec-ism-instance-golang.xml","digest":"0b00ca8c4985678a27367fd23859f29144c804ef23bf879c94486af69045f753"},"1540200215460829728":{"entrytype":"Validate","status":"Pass","timestamp":1540200200224049443,"filepath":"tmp/spdx-sec-ism-iepd/xml/xsd/spdx-xml-ref.xsd","xsdpath":"tmp/spdx-sec-ism-iepd/xml/xsd/ext/w3c/XMLSchema.xsd","valid":true},"1540200230693375238":{"entrytype":"Validate","status":"Pass","timestamp":1540200215464057880,"filepath":"tmp/spdx-sec-ism-iepd/xml/xsd/spdx-sec-ism-iep.xsd","xsdpath":"tmp/spdx-sec-ism-iepd/xml/xsd/ext/w3c/XMLSchema.xsd","valid":true},"1540200230703792577":{"entrytype":"Validate","status":"Pass","timestamp":1540200230695542263,"filepath":"tmp/spdx-sec-ism-iepd/xml/instance/spdx-sec-ism-instance.xml","xsdpath":"tmp/spdx-sec-ism-iepd/xml/xsd/spdx-sec-ism-iep.xsd","valid":true},"1540200230714151666":{"entrytype":"Validate","status":"Pass","timestamp":1540200230705334289,"filepath":"tmp/spdx-sec-ism-iepd/xml/instance/spdx-sec-ism-instance.xml","xsdpath":"tmp/spdx-sec-ism-iepd/xml/xsd/spdx-xml-ref.xsd","valid":true},"1540200230720831036":{"entrytype":"Validate","status":"Pass","timestamp":1540200230715751019,"filepath":"tmp/spdx-sec-ism-iepd/xml/instance/spdx-sec-ism-instance-golang.xml","xsdpath":"tmp/spdx-sec-ism-iepd/xml/xsd/spdx-sec-ism-iep.xsd","valid":true},"1540200230730677726":{"entrytype":"Validate","status":"Pass","timestamp":1540200230722464476,"filepath":"tmp/spdx-sec-ism-iepd/xml/instance/spdx-sec-ism-instance-golang.xml","xsdpath":"tmp/spdx-sec-ism-iepd/xml/xsd/spdx-xml-ref.xsd","valid":true}}