{"1541031972072817653":{"entrytype":"Load Remote Match","status":"Pass","timestamp":1541031971878427430,"filepath":"tmp/spdx-xml/xml/xsd/spdx-xml-ref.xsd","digest":"026e646a857a1eb3b91291594d746cee5e17560bf46cd43f797c3788d7f36141","message":"Loaded Remote Resource"},"1541031972075023679":{"entrytype":"Authenticity Check","status":"Pass","timestamp":1541031972075020378,"filepath":"xml/xsd/spdx-xml-ref.xsd","digest":"026e646a857a1eb3b91291594d746cee5e17560bf46cd43f797c3788d7f36141","message":"spdx-xml-ref.xsd matches authoritative source"},"1541031972092520761":{"entrytype":"Load Remote Match","status":"Pass","timestamp":1541031972076891102,"filepath":"tmp/spdx-xml/xml/instance/spdx-test-data.xml","digest":"903e02e2f86d4a0d2137d46092ff7373cb171940c1f70e3e5f965fe125add7ca","message":"Loaded Remote Resource"},"1541031972094451297":{"entrytype":"Authenticity Check","status":"Pass","timestamp":1541031972094447958,"filepath":"xml/instance/spdx-test-data.xml","digest":"903e02e2f86d4a0d2137d46092ff7373cb171940c1f70e3e5f965fe125add7ca","message":"spdx-test-data.xml matches authoritative source"},"1541031972189065518":{"entrytype":"Load Remote Match","status":"Pass","timestamp":1541031972166259499,"filepath":"tmp/spdx-doc-iepd/xml/xsd/spdx-xml-ref.xsd","digest":"026e646a857a1eb3b91291594d746cee5e17560bf46cd43f797c3788d7f36141","message":"Loaded Remote Resource"},"1541031972193608415":{"entrytype":"Authenticity Check","status":"Pass","timestamp":1541031972193606894,"filepath":"xml/xsd/spdx-xml-ref.xsd","digest":"026e646a857a1eb3b91291594d746cee5e17560bf46cd43f797c3788d7f36141","message":"spdx-xml-ref.xsd matches authoritative source"},"1541031972218528765":{"entrytype":"Load Remote Match","status":"Pass","timestamp":1541031972195156742,"filepath":"tmp/spdx-doc-iepd/xml/instance/spdx-doc-test-data.xml","digest":"a07f3c4e4cbff51467b486eb8dc2d2dddf75bf7098ad74ae166bff7fc67c7d83","message":"Loaded Remote Resource"},"1541031972220078059":{"entrytype":"Authenticity Check","status":"Pass","timestamp":1541031972220076398,"filepath":"xml/instance/spdx-doc-test-data.xml","digest":"a07f3c4e4cbff51467b486eb8dc2d2dddf75bf7098ad74ae166bff7fc67c7d83","message":"spdx-doc-test-data.xml matches authoritative source"},"1541031972359557916":{"entrytype":"GenerateResource","status":"Pass","timestamp":1541031972237282977,"filepath":"spdx-doc-iep.xsd","xslpath":"tmp/spdx-doc-iepd/xml/xsl/spdx-doc-iep.xsl","digest":"fa16f865aec2df5a606a35995af783650c1410e36ac0764e5f4e76c40511474c"},"1541031972383530548":{"entrytype":"GenerateResource","status":"Pass","timestamp":1541031972376942454,"filepath":"spdx-doc-instance.xml","xslpath":"tmp/spdx-doc-iepd/xml/xsl/spdx-doc-instance.xsl","digest":"da7dc734f14ae4f25a41ce1a326879a0653fb58ab573187012a0123535b49908"},"1541031972671714809":{"entrytype":"GenerateResource","status":"Pass","timestamp":1541031972384907954,"filepath":"spdx-xml-ref-xsd.json","xslpath":"tmp/spdx-doc-iepd/xml/xsl/common/xsd-json.xsl","digest":"93ddf4370fb992fb7b602284e499d176d44520fdf548757ecbde6f0d0ffc3e4f"},"1541031972683217584":{"entrytype":"GenerateResource","status":"Pass","timestamp":1541031972673197620,"filepath":"spdx-doc-iep-xsd.json","xslpath":"tmp/spdx-doc-iepd/xml/xsl/common/xsd-json.xsl","digest":"b8fe9d70b5ca0b9fc529385f7dd0214d2e45c1ff85674d3333717cacf7aa7d59"},"1541031972687702408":{"entrytype":"GenerateResource","status":"Pass","timestamp":1541031972685021317,"filepath":"spdx-doc-instance.json","xslpath":"tmp/spdx-doc-iepd/xml/xsl/common/xml-json.xsl","digest":"aad3b90e99c7ab95c02605df03adcad9799398c2c000d08a890e82b1266518e5"},"1541031972694528823":{"entrytype":"GenerateResource","status":"Pass","timestamp":1541031972689018779,"filepath":"spdx-doc-struct.go","xslpath":"tmp/spdx-doc-iepd/xml/xsl/spdx-doc-go-gen.xsl","digest":"ecdaa942d8bdc4ea01f74d019c3d896d866204ee3c08ce5c7cde433674c9d2f2"},"1541031972701546688":{"entrytype":"GenerateResource","status":"Pass","timestamp":1541031972695935067,"filepath":"spdx-doc-struct_test.go","xslpath":"tmp/spdx-doc-iepd/xml/xsl/spdx-doc-go-test-gen.xsl","digest":"0f427baba510bb9023cfbfb05496a4efab824403b48bb01243c677294eefd87a"},"1541031972707752867":{"entrytype":"GenerateResource","status":"Pass","timestamp":1541031972702940884,"filepath":"spdx-doc-documentation.html","xslpath":"tmp/spdx-doc-iepd/xml/xsl/common/docgen.xsl","digest":"24ee174a0e199e07ddad62d14f2d354309717aee55c3348b166b2c25b72c9aa1"},"1541031972709518212":{"entrytype":"Marshal Data","status":"Pass","timestamp":1541031972709495142,"filepath":"spdx-doc-instance-golang.xml","digest":"ec2cde015ada717f3192b6da48753d947cab920ce11058cfd93e9c5b6c775165"},"1541031987925335641":{"entrytype":"Validate","status":"Pass","timestamp":1541031972710986442,"filepath":"tmp/spdx-doc-iepd/xml/xsd/spdx-xml-ref.xsd","xsdpath":"tmp/spdx-doc-iepd/xml/xsd/ext/w3c/XMLSchema.xsd","valid":true},"1541032003160838001":{"entrytype":"Validate","status":"Pass","timestamp":1541031987936693217,"filepath":"tmp/spdx-doc-iepd/xml/xsd/spdx-doc-iep.xsd","xsdpath":"tmp/spdx-doc-iepd/xml/xsd/ext/w3c/XMLSchema.xsd","valid":true},"1541032003171923480":{"entrytype":"Validate","status":"Pass","timestamp":1541032003168068412,"filepath":"tmp/spdx-doc-iepd/xml/instance/spdx-doc-instance.xml","xsdpath":"tmp/spdx-doc-iepd/xml/xsd/spdx-doc-iep.xsd","valid":true},"1541032003197702984":{"entrytype":"Validate","status":"Pass","timestamp":1541032003189580443,"filepath":"tmp/spdx-doc-iepd/xml/instance/spdx-doc-instance.xml","xsdpath":"tmp/spdx-doc-iepd/xml/xsd/spdx-xml-ref.xsd","valid":true},"1541032003218441313":{"entrytype":"Validate","status":"Pass","timestamp":1541032003215075155,"filepath":"tmp/spdx-doc-iepd/xml/instance/spdx-doc-instance-golang.xml","xsdpath":"tmp/spdx-doc-iepd/xml/xsd/spdx-doc-iep.xsd","valid":true},"1541032003249616098":{"entrytype":"Validate","status":"Pass","timestamp":1541032003220290454,"filepath":"tmp/spdx-doc-iepd/xml/instance/spdx-doc-instance-golang.xml","xsdpath":"tmp/spdx-doc-iepd/xml/xsd/spdx-xml-ref.xsd","valid":true},"1541032003402485623":{"entrytype":"Load Remote Match","status":"Pass","timestamp":1541032003379067404,"filepath":"tmp/spdx-license-iepd/xml/xsd/spdx-xml-ref.xsd","digest":"026e646a857a1eb3b91291594d746cee5e17560bf46cd43f797c3788d7f36141","message":"Loaded Remote Resource"},"1541032003404168515":{"entrytype":"Authenticity Check","status":"Pass","timestamp":1541032003404167455,"filepath":"xml/xsd/spdx-xml-ref.xsd","digest":"026e646a857a1eb3b91291594d746cee5e17560bf46cd43f797c3788d7f36141","message":"spdx-xml-ref.xsd matches authoritative source"},"1541032003554177382":{"entrytype":"Load Remote Match","status":"Pass","timestamp":1541032003405541450,"filepath":"tmp/spdx-license-iepd/xml/instance/spdx-license-test-data.xml","digest":"39dff9fb41d4d5d34fb1bdd9055e3adcd6de67f5498c0313b597d28221ade722","message":"Loaded Remote Resource"},"1541032003556195157":{"entrytype":"Authenticity Check","status":"Pass","timestamp":1541032003556191205,"filepath":"xml/instance/spdx-license-test-data.xml","digest":"39dff9fb41d4d5d34fb1bdd9055e3adcd6de67f5498c0313b597d28221ade722","message":"spdx-license-test-data.xml matches authoritative source"},"1541032003650879516":{"entrytype":"GenerateResource","status":"Pass","timestamp":1541032003573898321,"filepath":"spdx-license-iep.xsd","xslpath":"tmp/spdx-license-iepd/xml/xsl/spdx-license-iep.xsl","digest":"72d25f59322879b0a50271ce16b4939bd4eff0698e4a551971353924f136cb95"},"1541032003671796698":{"entrytype":"GenerateResource","status":"Pass","timestamp":1541032003668349116,"filepath":"spdx-license-instance.xml","xslpath":"tmp/spdx-license-iepd/xml/xsl/spdx-license-instance.xsl","digest":"daa125f832cff329a77dde2817cf90b0efbdb4335a454adb18540cf808553fc8"},"1541032003971659276":{"entrytype":"GenerateResource","status":"Pass","timestamp":1541032003673218852,"filepath":"spdx-xml-ref-xsd.json","xslpath":"tmp/spdx-license-iepd/xml/xsl/common/xsd-json.xsl","digest":"93ddf4370fb992fb7b602284e499d176d44520fdf548757ecbde6f0d0ffc3e4f"},"1541032003978047559":{"entrytype":"GenerateResource","status":"Pass","timestamp":1541032003973072004,"filepath":"spdx-license-iep-xsd.json","xslpath":"tmp/spdx-license-iepd/xml/xsl/common/xsd-json.xsl","digest":"c8fd9f8a88341980d035e2d55661c3101ae3d412a0e5c65aabdf72182390fe7c"},"1541032003981935060":{"entrytype":"GenerateResource","status":"Pass","timestamp":1541032003979610292,"filepath":"spdx-license-instance.json","xslpath":"tmp/spdx-license-iepd/xml/xsl/common/xml-json.xsl","digest":"a28519fc4dfc96d63e7ae420eca1202af28b45a2c4eec8c3229e3dd5717aaef3"},"1541032003987050801":{"entrytype":"GenerateResource","status":"Pass","timestamp":1541032003983277593,"filepath":"spdx-license-struct.go","xslpath":"tmp/spdx-license-iepd/xml/xsl/spdx-license-go-gen.xsl","digest":"2b4232f1933b2abc0d5c29e20a1c62969e2811dd6e0fb72f162a137a1defaf4d"},"1541032003992259382":{"entrytype":"GenerateResource","status":"Pass","timestamp":1541032003988518345,"filepath":"spdx-license-struct_test.go","xslpath":"tmp/spdx-license-iepd/xml/xsl/spdx-license-go-test-gen.xsl","digest":"072aa72b94cf86b6b300b539af869b537e0adfb51cb2e0df3e1b6c23ef23acf8"},"1541032003996788471":{"entrytype":"GenerateResource","status":"Pass","timestamp":1541032003993691730,"filepath":"spdx-license-documentation.html","xslpath":"tmp/spdx-license-iepd/xml/xsl/common/docgen.xsl","digest":"d8037e8c4c03a09726f8ae33e89a701bea3248e4429661b2f9b39753197a1744"},"1541032003998411783":{"entrytype":"Marshal Data","status":"Pass","timestamp":1541032003998399595,"filepath":"spdx-license-instance-golang.xml","digest":"41680eb9d7f59a607c4a27934cd7ca71efb03327c6a9706db61206a76a6cb183"},"1541032019214653675":{"entrytype":"Validate","status":"Pass","timestamp":1541032003999784043,"filepath":"tmp/spdx-license-iepd/xml/xsd/spdx-xml-ref.xsd","xsdpath":"tmp/spdx-license-iepd/xml/xsd/ext/w3c/XMLSchema.xsd","valid":true},"1541032034446548338":{"entrytype":"Validate","status":"Pass","timestamp":1541032019217745660,"filepath":"tmp/spdx-license-iepd/xml/xsd/spdx-license-iep.xsd","xsdpath":"tmp/spdx-license-iepd/xml/xsd/ext/w3c/XMLSchema.xsd","valid":true},"1541032034468340552":{"entrytype":"Validate","status":"Pass","timestamp":1541032034465487320,"filepath":"tmp/spdx-license-iepd/xml/instance/spdx-license-instance.xml","xsdpath":"tmp/spdx-license-iepd/xml/xsd/spdx-license-iep.xsd","valid":true},"1541032034516092301":{"entrytype":"Validate","status":"Pass","timestamp":1541032034486058782,"filepath":"tmp/spdx-license-iepd/xml/instance/spdx-license-instance.xml","xsdpath":"tmp/spdx-license-iepd/xml/xsd/spdx-xml-ref.xsd","valid":true},"1541032034518602593":{"entrytype":"Validate","status":"Pass","timestamp":1541032034517880292,"filepath":"tmp/spdx-license-iepd/xml/instance/spdx-license-instance-golang.xml","xsdpath":"tmp/spdx-license-iepd/xml/xsd/spdx-license-iep.xsd","valid":true},"1541032034530085818":{"entrytype":"Validate","status":"Pass","timestamp":1541032034520344516,"filepath":"tmp/spdx-license-iepd/xml/instance/spdx-license-instance-golang.xml","xsdpath":"tmp/spdx-license-iepd/xml/xsd/spdx-xml-ref.xsd","valid":true},"1541032034664647673":{"entrytype":"Load Remote Match","status":"Pass","timestamp":1541032034637984506,"filepath":"tmp/spdx-security-iepd/xml/xsd/spdx-xml-ref.xsd","digest":"026e646a857a1eb3b91291594d746cee5e17560bf46cd43f797c3788d7f36141","message":"Loaded Remote Resource"},"1541032034666660735":{"entrytype":"Authenticity Check","status":"Pass","timestamp":1541032034666659976,"filepath":"xml/xsd/spdx-xml-ref.xsd","digest":"026e646a857a1eb3b91291594d746cee5e17560bf46cd43f797c3788d7f36141","message":"spdx-xml-ref.xsd matches authoritative source"},"1541032034811706383":{"entrytype":"Load Remote Match","status":"Pass","timestamp":1541032034668080605,"filepath":"tmp/spdx-security-iepd/xml/instance/spdx-security-test-data.xml","digest":"e76aadd1a163f2e562fb4ae321c265223ef025bdea3fcf976aaa0c733b0c66f1","message":"Loaded Remote Resource"},"1541032034814913376":{"entrytype":"Authenticity Check","status":"Pass","timestamp":1541032034814909835,"filepath":"xml/instance/spdx-security-test-data.xml","digest":"e76aadd1a163f2e562fb4ae321c265223ef025bdea3fcf976aaa0c733b0c66f1","message":"spdx-security-test-data.xml matches authoritative source"},"1541032035155006715":{"entrytype":"GenerateResource","status":"Pass","timestamp":1541032034832592392,"filepath":"spdx-security-iep.xsd","xslpath":"tmp/spdx-security-iepd/xml/xsl/spdx-security-iep.xsl","digest":"8acf35a67b2c970490c310b5917328ec4ce449c4ed0e3e533765e3e5c6cbb872"},"1541032035282062629":{"entrytype":"GenerateResource","status":"Pass","timestamp":1541032035173752680,"filepath":"spdx-security-instance.xml","xslpath":"tmp/spdx-security-iepd/xml/xsl/spdx-security-instance.xsl","digest":"a1b01ef7553d0d5bf45830ba634517d60b80c3487f30c3412861d39d11eb0820"},"1541032035583223135":{"entrytype":"GenerateResource","status":"Pass","timestamp":1541032035285051629,"filepath":"spdx-security-ref-xsd.json","xslpath":"tmp/spdx-security-iepd/xml/xsl/common/xsd-json.xsl","digest":"93ddf4370fb992fb7b602284e499d176d44520fdf548757ecbde6f0d0ffc3e4f"},"1541032035696466796":{"entrytype":"GenerateResource","status":"Pass","timestamp":1541032035586155005,"filepath":"spdx-security-iep-xsd.json","xslpath":"tmp/spdx-security-iepd/xml/xsl/common/xsd-json.xsl","digest":"bd9bc87a589c054b74543df69ad566548240007e53240d8eb7983754bb32fb1b"},"1541032035704572641":{"entrytype":"GenerateResource","status":"Pass","timestamp":1541032035699646018,"filepath":"spdx-security-instance.json","xslpath":"tmp/spdx-security-iepd/xml/xsl/common/xml-json.xsl","digest":"cf2459bdb33a6f762d2718769cdf18debb6c0c25d69b42030363f1fe4092b254"},"1541032035734950275":{"entrytype":"GenerateResource","status":"Pass","timestamp":1541032035706132452,"filepath":"spdx-security-struct.go","xslpath":"tmp/spdx-security-iepd/xml/xsl/spdx-security-go-gen.xsl","digest":"2ca27d7b324c934c2b6a3ee6d61d270420c060a605ef92e214aa4489a33ccd82"},"1541032035754211820":{"entrytype":"GenerateResource","status":"Pass","timestamp":1541032035736637752,"filepath":"spdx-security-struct_test.go","xslpath":"tmp/spdx-security-iepd/xml/xsl/spdx-security-go-test-gen.xsl","digest":"f8251fa32a49dbabb3ee93fd1e5fab13681e73bfb00decf5c80b0a822e4f9746"},"1541032035808653695":{"entrytype":"GenerateResource","status":"Pass","timestamp":1541032035755762672,"filepath":"spdx-security-documentation.html","xslpath":"tmp/spdx-security-iepd/xml/xsl/common/docgen.xsl","digest":"3c8bf6a966f20312e27aab50544b0c9a00809aaeca4b507da89c375a3fc24abf"},"1541032035811346908":{"entrytype":"Marshal Data","status":"Pass","timestamp":1541032035811292631,"filepath":"spdx-security-instance-golang.xml","digest":"fdd4d612ce6c97237c92ddd7ea34ac0a728d90cecbf48db9fe4925bcc859c700"},"1541032051023626981":{"entrytype":"Validate","status":"Pass","timestamp":1541032035812924986,"filepath":"tmp/spdx-security-iepd/xml/xsd/spdx-xml-ref.xsd","xsdpath":"tmp/spdx-security-iepd/xml/xsd/ext/w3c/XMLSchema.xsd","valid":true},"1541032066226197946":{"entrytype":"Validate","status":"Pass","timestamp":1541032051027047216,"filepath":"tmp/spdx-security-iepd/xml/xsd/spdx-security-iep.xsd","xsdpath":"tmp/spdx-security-iepd/xml/xsd/ext/w3c/XMLSchema.xsd","valid":true},"1541032066251136638":{"entrytype":"Validate","status":"Pass","timestamp":1541032066245238358,"filepath":"tmp/spdx-security-iepd/xml/instance/spdx-security-instance.xml","xsdpath":"tmp/spdx-security-iepd/xml/xsd/spdx-security-iep.xsd","valid":true},"1541032066302988104":{"entrytype":"Validate","status":"Pass","timestamp":1541032066268749586,"filepath":"tmp/spdx-security-iepd/xml/instance/spdx-security-instance.xml","xsdpath":"tmp/spdx-security-iepd/xml/xsd/spdx-xml-ref.xsd","valid":true},"1541032066313161080":{"entrytype":"Validate","status":"Pass","timestamp":1541032066304864674,"filepath":"tmp/spdx-security-iepd/xml/instance/spdx-security-instance-golang.xml","xsdpath":"tmp/spdx-security-iepd/xml/xsd/spdx-security-iep.xsd","valid":true},"1541032066324114706":{"entrytype":"Validate","status":"Pass","timestamp":1541032066314907121,"filepath":"tmp/spdx-security-iepd/xml/instance/spdx-security-instance-golang.xml","xsdpath":"tmp/spdx-security-iepd/xml/xsd/spdx-xml-ref.xsd","valid":true},"1541032066461746612":{"entrytype":"Load Remote Match","status":"Pass","timestamp":1541032066442229122,"filepath":"tmp/spdx-sec-ism-iepd/xml/xsd/spdx-xml-ref.xsd","digest":"026e646a857a1eb3b91291594d746cee5e17560bf46cd43f797c3788d7f36141","message":"Loaded Remote Resource"},"1541032066463648996":{"entrytype":"Authenticity Check","status":"Pass","timestamp":1541032066463648278,"filepath":"xml/xsd/spdx-xml-ref.xsd","digest":"026e646a857a1eb3b91291594d746cee5e17560bf46cd43f797c3788d7f36141","message":"spdx-xml-ref.xsd matches authoritative source"},"1541032066615138977":{"entrytype":"Load Remote Match","status":"Pass","timestamp":1541032066465169931,"filepath":"tmp/spdx-sec-ism-iepd/xml/instance/spdx-sec-ism-test-data.xml","digest":"d8989d31ec85696ed0f0e7d24e49182c8e930dfe7617e40b4d3ae34fde740b6f","message":"Loaded Remote Resource"},"1541032066617234881":{"entrytype":"Authenticity Check","status":"Pass","timestamp":1541032066617230599,"filepath":"xml/instance/spdx-sec-ism-test-data.xml","digest":"d8989d31ec85696ed0f0e7d24e49182c8e930dfe7617e40b4d3ae34fde740b6f","message":"spdx-sec-ism-test-data.xml matches authoritative source"},"1541032066950446281":{"entrytype":"GenerateResource","status":"Pass","timestamp":1541032066635007301,"filepath":"spdx-sec-ism-iep.xsd","xslpath":"tmp/spdx-sec-ism-iepd/xml/xsl/spdx-sec-ism-iep.xsl","digest":"fd28ddf560fd06b46d71475b206364215efe21c8d5ec31c52de49b7027fcd70a"},"1541032067032952003":{"entrytype":"GenerateResource","status":"Pass","timestamp":1541032066967480581,"filepath":"spdx-sec-ism-instance.xml","xslpath":"tmp/spdx-sec-ism-iepd/xml/xsl/spdx-sec-ism-instance.xsl","digest":"b14d44ab429e018226445e3745b6bd796f76f097c08721db2a717e9dddfd6cca"},"1541032067321102545":{"entrytype":"GenerateResource","status":"Pass","timestamp":1541032067034519376,"filepath":"spdx-sec-ism-ref-xsd.json","xslpath":"tmp/spdx-sec-ism-iepd/xml/xsl/common/xsd-json.xsl","digest":"93ddf4370fb992fb7b602284e499d176d44520fdf548757ecbde6f0d0ffc3e4f"},"1541032067433259610":{"entrytype":"GenerateResource","status":"Pass","timestamp":1541032067322978412,"filepath":"spdx-sec-ism-iep-xsd.json","xslpath":"tmp/spdx-sec-ism-iepd/xml/xsl/common/xsd-json.xsl","digest":"bd9bc87a589c054b74543df69ad566548240007e53240d8eb7983754bb32fb1b"},"1541032067439842522":{"entrytype":"GenerateResource","status":"Pass","timestamp":1541032067435170538,"filepath":"spdx-sec-ism-instance.json","xslpath":"tmp/spdx-sec-ism-iepd/xml/xsl/common/xml-json.xsl","digest":"74c329e58a46ef2b637d8468b841b8061645d4835dfbcda05cb9ed703ebcd7ae"},"1541032067515990820":{"entrytype":"GenerateResource","status":"Pass","timestamp":1541032067441461424,"filepath":"spdx-sec-ism-struct.go","xslpath":"tmp/spdx-sec-ism-iepd/xml/xsl/spdx-sec-ism-go-gen.xsl","digest":"967dbeecc31900f25eb068ae77514a3543120261157e54210c3f772507ae6b40"},"1541032067534636384":{"entrytype":"GenerateResource","status":"Pass","timestamp":1541032067517875392,"filepath":"spdx-sec-ism-struct_test.go","xslpath":"tmp/spdx-sec-ism-iepd/xml/xsl/spdx-sec-ism-go-test-gen.xsl","digest":"9ef0cbc5b56b6c4b39faba8ffffa68cc652eb308869737eb9d05b22a1e4f779d"},"1541032067589206453":{"entrytype":"GenerateResource","status":"Pass","timestamp":1541032067536299744,"filepath":"spdx-sec-ism-documentation.html","xslpath":"tmp/spdx-sec-ism-iepd/xml/xsl/common/docgen.xsl","digest":"3c8bf6a966f20312e27aab50544b0c9a00809aaeca4b507da89c375a3fc24abf"},"1541032067595950935":{"entrytype":"Marshal Data","status":"Pass","timestamp":1541032067595896694,"filepath":"spdx-sec-ism-instance-golang.xml","digest":"92b1021fff7fd20e10908794e6d96613373fa76b60e654bd16da3b28a607ee92"},"1541032082807984604":{"entrytype":"Validate","status":"Pass","timestamp":1541032067597521179,"filepath":"tmp/spdx-sec-ism-iepd/xml/xsd/spdx-xml-ref.xsd","xsdpath":"tmp/spdx-sec-ism-iepd/xml/xsd/ext/w3c/XMLSchema.xsd","valid":true},"1541032098036163655":{"entrytype":"Validate","status":"Pass","timestamp":1541032082812471379,"filepath":"tmp/spdx-sec-ism-iepd/xml/xsd/spdx-sec-ism-iep.xsd","xsdpath":"tmp/spdx-sec-ism-iepd/xml/xsd/ext/w3c/XMLSchema.xsd","valid":true},"1541032098064366631":{"entrytype":"Validate","status":"Pass","timestamp":1541032098055157452,"filepath":"tmp/spdx-sec-ism-iepd/xml/instance/spdx-sec-ism-instance.xml","xsdpath":"tmp/spdx-sec-ism-iepd/xml/xsd/spdx-sec-ism-iep.xsd","valid":true},"1541032098090935496":{"entrytype":"Validate","status":"Pass","timestamp":1541032098081600932,"filepath":"tmp/spdx-sec-ism-iepd/xml/instance/spdx-sec-ism-instance.xml","xsdpath":"tmp/spdx-sec-ism-iepd/xml/xsd/spdx-xml-ref.xsd","valid":true},"1541032098098505980":{"entrytype":"Validate","status":"Pass","timestamp":1541032098092685184,"filepath":"tmp/spdx-sec-ism-iepd/xml/instance/spdx-sec-ism-instance-golang.xml","xsdpath":"tmp/spdx-sec-ism-iepd/xml/xsd/spdx-sec-ism-iep.xsd","valid":true},"1541032098108373183":{"entrytype":"Validate","status":"Pass","timestamp":1541032098100082856,"filepath":"tmp/spdx-sec-ism-iepd/xml/instance/spdx-sec-ism-instance-golang.xml","xsdpath":"tmp/spdx-sec-ism-iepd/xml/xsd/spdx-xml-ref.xsd","valid":true}}