{"1539909611650891744":{"entrytype":"Load Remote Match","status":"Pass","timestamp":1539909611045592471,"filepath":"tmp/spdx-doc-iepd/xml/xsd/spdx-xml-ref.xsd","digest":"026e646a857a1eb3b91291594d746cee5e17560bf46cd43f797c3788d7f36141","message":"Loaded Remote Resource"},"1539909611652904094":{"entrytype":"Authenticity Check","status":"Pass","timestamp":1539909611652903216,"filepath":"xml/xsd/spdx-xml-ref.xsd","digest":"026e646a857a1eb3b91291594d746cee5e17560bf46cd43f797c3788d7f36141","message":"spdx-xml-ref.xsd matches authoritative source"},"1539909611812251133":{"entrytype":"Load Remote Match","status":"Pass","timestamp":1539909611654296818,"filepath":"tmp/spdx-doc-iepd/xml/instance/spdx-doc-test-data.xml","digest":"a07f3c4e4cbff51467b486eb8dc2d2dddf75bf7098ad74ae166bff7fc67c7d83","message":"Loaded Remote Resource"},"1539909611815174620":{"entrytype":"Authenticity Check","status":"Pass","timestamp":1539909611815170998,"filepath":"xml/instance/spdx-doc-test-data.xml","digest":"a07f3c4e4cbff51467b486eb8dc2d2dddf75bf7098ad74ae166bff7fc67c7d83","message":"spdx-doc-test-data.xml matches authoritative source"},"1539909611949139068":{"entrytype":"GenerateResource","status":"Pass","timestamp":1539909611832555439,"filepath":"spdx-doc-iep.xsd","xslpath":"tmp/spdx-doc-iepd/xml/xsl/spdx-doc-iep.xsl","digest":"fa16f865aec2df5a606a35995af783650c1410e36ac0764e5f4e76c40511474c"},"1539909611973502465":{"entrytype":"GenerateResource","status":"Pass","timestamp":1539909611966489835,"filepath":"spdx-doc-instance.xml","xslpath":"tmp/spdx-doc-iepd/xml/xsl/spdx-doc-instance.xsl","digest":"a088961a997c1b012ab315f44c18e8be953756492017859f0ccc9abd07c92ea3"},"1539909612133523815":{"entrytype":"GenerateResource","status":"Pass","timestamp":1539909611974965619,"filepath":"spdx-xml-ref-xsd.json","xslpath":"tmp/spdx-doc-iepd/xml/xsl/common/xsd-json.xsl","digest":"8bc866bddd29e98ecc67f1c2b8f1d2a0b86b75a4c0a228343fd9e2baa4e0a7c3"},"1539909612141193834":{"entrytype":"GenerateResource","status":"Pass","timestamp":1539909612135111363,"filepath":"spdx-doc-iep-xsd.json","xslpath":"tmp/spdx-doc-iepd/xml/xsl/common/xsd-json.xsl","digest":"356c61e92a833fdc9086615835e339fbef4c3fd0bdddbe574dec83ea8845e39e"},"1539909612145389159":{"entrytype":"GenerateResource","status":"Pass","timestamp":1539909612142685328,"filepath":"spdx-doc-instance.json","xslpath":"tmp/spdx-doc-iepd/xml/xsl/common/xml-json.xsl","digest":"be9b857a10514b1df8ddc5405c1f32316a1d68f310831039adf4e669198dbebe"},"1539909612153177590":{"entrytype":"GenerateResource","status":"Pass","timestamp":1539909612147066038,"filepath":"spdx-doc-struct.go","xslpath":"tmp/spdx-doc-iepd/xml/xsl/spdx-doc-go-gen.xsl","digest":"c79513ed49796819dc0fcb34ceea3d9af9bdb2c828c9b83c8ce2ea513660e1ff"},"1539909612160166472":{"entrytype":"GenerateResource","status":"Pass","timestamp":1539909612154672784,"filepath":"spdx-doc-struct_test.go","xslpath":"tmp/spdx-doc-iepd/xml/xsl/spdx-doc-go-test-gen.xsl","digest":"8c5172d50bc9da5ef83aae08ec40d14a5ab0345cecee85573d9d7ecf86239532"},"1539909612161971594":{"entrytype":"Marshal Data","status":"Pass","timestamp":1539909612161953806,"filepath":"spdx-doc-instance-golang.xml","digest":"9bb5d9df173ff9f2a24c7bdf282ecd4fa6308989a4784258a04b3ded11f6e34e"},"1539909627417729937":{"entrytype":"Validate","status":"Pass","timestamp":1539909612163373895,"filepath":"tmp/spdx-doc-iepd/xml/xsd/spdx-xml-ref.xsd","xsdpath":"tmp/spdx-doc-iepd/xml/xsd/ext/w3c/XMLSchema.xsd","valid":true},"1539909642639262153":{"entrytype":"Validate","status":"Pass","timestamp":1539909627421046801,"filepath":"tmp/spdx-doc-iepd/xml/xsd/spdx-doc-iep.xsd","xsdpath":"tmp/spdx-doc-iepd/xml/xsd/ext/w3c/XMLSchema.xsd","valid":true},"1539909642643339369":{"entrytype":"Validate","status":"Pass","timestamp":1539909642642245651,"filepath":"tmp/spdx-doc-iepd/xml/instance/spdx-doc-instance.xml","xsdpath":"tmp/spdx-doc-iepd/xml/xsd/spdx-doc-iep.xsd","valid":true},"1539909642654766144":{"entrytype":"Validate","status":"Pass","timestamp":1539909642644890432,"filepath":"tmp/spdx-doc-iepd/xml/instance/spdx-doc-instance.xml","xsdpath":"tmp/spdx-doc-iepd/xml/xsd/spdx-xml-ref.xsd","valid":true},"1539909642672876631":{"entrytype":"Validate","status":"Pass","timestamp":1539909642671938130,"filepath":"tmp/spdx-doc-iepd/xml/instance/spdx-doc-instance-golang.xml","xsdpath":"tmp/spdx-doc-iepd/xml/xsd/spdx-doc-iep.xsd","valid":true},"1539909642696711948":{"entrytype":"Validate","status":"Pass","timestamp":1539909642689888754,"filepath":"tmp/spdx-doc-iepd/xml/instance/spdx-doc-instance-golang.xml","xsdpath":"tmp/spdx-doc-iepd/xml/xsd/spdx-xml-ref.xsd","valid":true},"1539909642879464317":{"entrytype":"Load Remote Match","status":"Pass","timestamp":1539909642802608135,"filepath":"tmp/spdx-license-iepd/xml/xsd/spdx-xml-ref.xsd","digest":"026e646a857a1eb3b91291594d746cee5e17560bf46cd43f797c3788d7f36141","message":"Loaded Remote Resource"},"1539909642881014004":{"entrytype":"Authenticity Check","status":"Pass","timestamp":1539909642881013056,"filepath":"xml/xsd/spdx-xml-ref.xsd","digest":"026e646a857a1eb3b91291594d746cee5e17560bf46cd43f797c3788d7f36141","message":"spdx-xml-ref.xsd matches authoritative source"},"1539909643029458947":{"entrytype":"Load Remote Match","status":"Pass","timestamp":1539909642882434089,"filepath":"tmp/spdx-license-iepd/xml/instance/spdx-license-test-data.xml","digest":"39dff9fb41d4d5d34fb1bdd9055e3adcd6de67f5498c0313b597d28221ade722","message":"Loaded Remote Resource"},"1539909643031024686":{"entrytype":"Authenticity Check","status":"Pass","timestamp":1539909643031023411,"filepath":"xml/instance/spdx-license-test-data.xml","digest":"39dff9fb41d4d5d34fb1bdd9055e3adcd6de67f5498c0313b597d28221ade722","message":"spdx-license-test-data.xml matches authoritative source"},"1539909643125980629":{"entrytype":"GenerateResource","status":"Pass","timestamp":1539909643048421519,"filepath":"spdx-license-iep.xsd","xslpath":"tmp/spdx-license-iepd/xml/xsl/spdx-license-iep.xsl","digest":"72d25f59322879b0a50271ce16b4939bd4eff0698e4a551971353924f136cb95"},"1539909643146759884":{"entrytype":"GenerateResource","status":"Pass","timestamp":1539909643143210346,"filepath":"spdx-license-instance.xml","xslpath":"tmp/spdx-license-iepd/xml/xsl/spdx-license-instance.xsl","digest":"ff844be7b43f008def99a3503f6ad02d82c57c26ce0d927bc76565a9d7493e1e"},"1539909643310995972":{"entrytype":"GenerateResource","status":"Pass","timestamp":1539909643148300027,"filepath":"spdx-xml-ref-xsd.json","xslpath":"tmp/spdx-license-iepd/xml/xsl/common/xsd-json.xsl","digest":"8bc866bddd29e98ecc67f1c2b8f1d2a0b86b75a4c0a228343fd9e2baa4e0a7c3"},"1539909643316698166":{"entrytype":"GenerateResource","status":"Pass","timestamp":1539909643313026451,"filepath":"spdx-license-iep-xsd.json","xslpath":"tmp/spdx-license-iepd/xml/xsl/common/xsd-json.xsl","digest":"c124023868a91f25eacd2fb76baaa324da7fe5f32b8a60aa73e68f0490781709"},"1539909643320453564":{"entrytype":"GenerateResource","status":"Pass","timestamp":1539909643318173645,"filepath":"spdx-license-instance.json","xslpath":"tmp/spdx-license-iepd/xml/xsl/common/xml-json.xsl","digest":"939c60c70df1c1fe4d57d1d7c166b7949db00ee1dadebf6f7efe5cc6797d80af"},"1539909643326093235":{"entrytype":"GenerateResource","status":"Pass","timestamp":1539909643321772989,"filepath":"spdx-license-struct.go","xslpath":"tmp/spdx-license-iepd/xml/xsl/spdx-license-go-gen.xsl","digest":"b4319fbe5d82a4fe074c97eb8deff34785368961df5b0dfecab15fd4d869ba2d"},"1539909643331488194":{"entrytype":"GenerateResource","status":"Pass","timestamp":1539909643327606425,"filepath":"spdx-license-struct_test.go","xslpath":"tmp/spdx-license-iepd/xml/xsl/spdx-license-go-test-gen.xsl","digest":"442e2c563d9632d0b309d396f86db1bd4180c57dee9c8969aa5c10b8c4871832"},"1539909643333102006":{"entrytype":"Marshal Data","status":"Pass","timestamp":1539909643333089629,"filepath":"spdx-license-instance-golang.xml","digest":"a3d5a1bcf210c2a3fb46890a60843c7ee434a8d6efc9f86cc69d78bf357b963d"},"1539909658552819101":{"entrytype":"Validate","status":"Pass","timestamp":1539909643334584366,"filepath":"tmp/spdx-license-iepd/xml/xsd/spdx-xml-ref.xsd","xsdpath":"tmp/spdx-license-iepd/xml/xsd/ext/w3c/XMLSchema.xsd","valid":true},"1539909673762792955":{"entrytype":"Validate","status":"Pass","timestamp":1539909658556019220,"filepath":"tmp/spdx-license-iepd/xml/xsd/spdx-license-iep.xsd","xsdpath":"tmp/spdx-license-iepd/xml/xsd/ext/w3c/XMLSchema.xsd","valid":true},"1539909673767911211":{"entrytype":"Validate","status":"Pass","timestamp":1539909673766418574,"filepath":"tmp/spdx-license-iepd/xml/instance/spdx-license-instance.xml","xsdpath":"tmp/spdx-license-iepd/xml/xsd/spdx-license-iep.xsd","valid":true},"1539909673801170073":{"entrytype":"Validate","status":"Pass","timestamp":1539909673769756393,"filepath":"tmp/spdx-license-iepd/xml/instance/spdx-license-instance.xml","xsdpath":"tmp/spdx-license-iepd/xml/xsd/spdx-xml-ref.xsd","valid":true},"1539909673819175036":{"entrytype":"Validate","status":"Pass","timestamp":1539909673818691924,"filepath":"tmp/spdx-license-iepd/xml/instance/spdx-license-instance-golang.xml","xsdpath":"tmp/spdx-license-iepd/xml/xsd/spdx-license-iep.xsd","valid":true},"1539909673845478150":{"entrytype":"Validate","status":"Pass","timestamp":1539909673836296177,"filepath":"tmp/spdx-license-iepd/xml/instance/spdx-license-instance-golang.xml","xsdpath":"tmp/spdx-license-iepd/xml/xsd/spdx-xml-ref.xsd","valid":true},"1539909674019898099":{"entrytype":"Load Remote Match","status":"Pass","timestamp":1539909673950637089,"filepath":"tmp/spdx-security-iepd/xml/xsd/spdx-xml-ref.xsd","digest":"026e646a857a1eb3b91291594d746cee5e17560bf46cd43f797c3788d7f36141","message":"Loaded Remote Resource"},"1539909674025653201":{"entrytype":"Authenticity Check","status":"Pass","timestamp":1539909674025651769,"filepath":"xml/xsd/spdx-xml-ref.xsd","digest":"026e646a857a1eb3b91291594d746cee5e17560bf46cd43f797c3788d7f36141","message":"spdx-xml-ref.xsd matches authoritative source"},"1539909674172062205":{"entrytype":"Load Remote Match","status":"Pass","timestamp":1539909674027078835,"filepath":"tmp/spdx-security-iepd/xml/instance/spdx-security-test-data.xml","digest":"e76aadd1a163f2e562fb4ae321c265223ef025bdea3fcf976aaa0c733b0c66f1","message":"Loaded Remote Resource"},"1539909674173622937":{"entrytype":"Authenticity Check","status":"Pass","timestamp":1539909674173621620,"filepath":"xml/instance/spdx-security-test-data.xml","digest":"e76aadd1a163f2e562fb4ae321c265223ef025bdea3fcf976aaa0c733b0c66f1","message":"spdx-security-test-data.xml matches authoritative source"},"1539909674525806591":{"entrytype":"GenerateResource","status":"Pass","timestamp":1539909674190904046,"filepath":"spdx-security-iep.xsd","xslpath":"tmp/spdx-security-iepd/xml/xsl/spdx-security-iep.xsl","digest":"8acf35a67b2c970490c310b5917328ec4ce449c4ed0e3e533765e3e5c6cbb872"},"1539909674665876372":{"entrytype":"GenerateResource","status":"Pass","timestamp":1539909674542825993,"filepath":"spdx-security-instance.xml","xslpath":"tmp/spdx-security-iepd/xml/xsl/spdx-security-instance.xsl","digest":"8294cbb8bf1d73962d6ec6c56823bdacdc71bf98f140bb9d353657b9dfbb31ee"},"1539909674837246842":{"entrytype":"GenerateResource","status":"Pass","timestamp":1539909674667387117,"filepath":"spdx-security-ref-xsd.json","xslpath":"tmp/spdx-security-iepd/xml/xsl/common/xsd-json.xsl","digest":"8bc866bddd29e98ecc67f1c2b8f1d2a0b86b75a4c0a228343fd9e2baa4e0a7c3"},"1539909674908942495":{"entrytype":"GenerateResource","status":"Pass","timestamp":1539909674838670645,"filepath":"spdx-security-iep-xsd.json","xslpath":"tmp/spdx-security-iepd/xml/xsl/common/xsd-json.xsl","digest":"90243f7aa91616175a5a48b4d2a1910ffde3840c6847a81ba2f34f81081499aa"},"1539909674915425861":{"entrytype":"GenerateResource","status":"Pass","timestamp":1539909674910437205,"filepath":"spdx-security-instance.json","xslpath":"tmp/spdx-security-iepd/xml/xsl/common/xml-json.xsl","digest":"f6e737c874e73e8e5dca2caa1fc0d41611b919eeee702477c47e65ce849606ed"},"1539909674950548871":{"entrytype":"GenerateResource","status":"Pass","timestamp":1539909674916821003,"filepath":"spdx-security-struct.go","xslpath":"tmp/spdx-security-iepd/xml/xsl/spdx-security-go-gen.xsl","digest":"377f34db556f2a22b6bb3fabed67e9c5d0009b12d82fe7335725a3bd8489ed2b"},"1539909674969361159":{"entrytype":"GenerateResource","status":"Pass","timestamp":1539909674952086450,"filepath":"spdx-security-struct_test.go","xslpath":"tmp/spdx-security-iepd/xml/xsl/spdx-security-go-test-gen.xsl","digest":"b46dbf73d3e3d891b0afbacc5ba32fdfb8bf2bfaae35abf460089a1b2ae99d7b"},"1539909674971631428":{"entrytype":"Marshal Data","status":"Pass","timestamp":1539909674971586108,"filepath":"spdx-security-instance-golang.xml","digest":"5e6824a4c18224975bc6d23752446ba55712378e6c57499c16fda05dc827590b"},"1539909690202685629":{"entrytype":"Validate","status":"Pass","timestamp":1539909674973271012,"filepath":"tmp/spdx-security-iepd/xml/xsd/spdx-xml-ref.xsd","xsdpath":"tmp/spdx-security-iepd/xml/xsd/ext/w3c/XMLSchema.xsd","valid":true},"1539909705424202256":{"entrytype":"Validate","status":"Pass","timestamp":1539909690205751425,"filepath":"tmp/spdx-security-iepd/xml/xsd/spdx-security-iep.xsd","xsdpath":"tmp/spdx-security-iepd/xml/xsd/ext/w3c/XMLSchema.xsd","valid":true},"1539909705431529385":{"entrytype":"Validate","status":"Pass","timestamp":1539909705427356999,"filepath":"tmp/spdx-security-iepd/xml/instance/spdx-security-instance.xml","xsdpath":"tmp/spdx-security-iepd/xml/xsd/spdx-security-iep.xsd","valid":true},"1539909705483779098":{"entrytype":"Validate","status":"Pass","timestamp":1539909705451714140,"filepath":"tmp/spdx-security-iepd/xml/instance/spdx-security-instance.xml","xsdpath":"tmp/spdx-security-iepd/xml/xsd/spdx-xml-ref.xsd","valid":true},"1539909705508415308":{"entrytype":"Validate","status":"Pass","timestamp":1539909705501297508,"filepath":"tmp/spdx-security-iepd/xml/instance/spdx-security-instance-golang.xml","xsdpath":"tmp/spdx-security-iepd/xml/xsd/spdx-security-iep.xsd","valid":true},"1539909705521579188":{"entrytype":"Validate","status":"Pass","timestamp":1539909705510112912,"filepath":"tmp/spdx-security-iepd/xml/instance/spdx-security-instance-golang.xml","xsdpath":"tmp/spdx-security-iepd/xml/xsd/spdx-xml-ref.xsd","valid":true},"1539909705699286194":{"entrytype":"Load Remote Match","status":"Pass","timestamp":1539909705631096463,"filepath":"tmp/spdx-sec-ism-iepd/xml/xsd/spdx-xml-ref.xsd","digest":"026e646a857a1eb3b91291594d746cee5e17560bf46cd43f797c3788d7f36141","message":"Loaded Remote Resource"},"1539909705701146380":{"entrytype":"Authenticity Check","status":"Pass","timestamp":1539909705701144941,"filepath":"xml/xsd/spdx-xml-ref.xsd","digest":"026e646a857a1eb3b91291594d746cee5e17560bf46cd43f797c3788d7f36141","message":"spdx-xml-ref.xsd matches authoritative source"},"1539909705856825027":{"entrytype":"Load Remote Match","status":"Pass","timestamp":1539909705702738240,"filepath":"tmp/spdx-sec-ism-iepd/xml/instance/spdx-sec-ism-test-data.xml","digest":"9f7823926838648ab97d13486edf181fb98896659c3e39ca78e817b76258508a","message":"Loaded Remote Resource"},"1539909705858414900":{"entrytype":"Authenticity Check","status":"Pass","timestamp":1539909705858413760,"filepath":"xml/instance/spdx-sec-ism-test-data.xml","digest":"9f7823926838648ab97d13486edf181fb98896659c3e39ca78e817b76258508a","message":"spdx-sec-ism-test-data.xml matches authoritative source"},"1539909706154058717":{"entrytype":"GenerateResource","status":"Pass","timestamp":1539909705875423076,"filepath":"spdx-sec-ism-iep.xsd","xslpath":"tmp/spdx-sec-ism-iepd/xml/xsl/spdx-sec-ism-iep.xsl","digest":"fd28ddf560fd06b46d71475b206364215efe21c8d5ec31c52de49b7027fcd70a"},"1539909706236932578":{"entrytype":"GenerateResource","status":"Pass","timestamp":1539909706171188596,"filepath":"spdx-sec-ism-instance.xml","xslpath":"tmp/spdx-sec-ism-iepd/xml/xsl/spdx-sec-ism-instance.xsl","digest":"8f728e4416a9197bb41acbe1a2402b68637b6abe5b423b5e3982bd57e53a4f31"},"1539909706400327574":{"entrytype":"GenerateResource","status":"Pass","timestamp":1539909706238504546,"filepath":"spdx-sec-ism-ref-xsd.json","xslpath":"tmp/spdx-sec-ism-iepd/xml/xsl/common/xsd-json.xsl","digest":"8bc866bddd29e98ecc67f1c2b8f1d2a0b86b75a4c0a228343fd9e2baa4e0a7c3"},"1539909706472136460":{"entrytype":"GenerateResource","status":"Pass","timestamp":1539909706401918375,"filepath":"spdx-sec-ism-iep-xsd.json","xslpath":"tmp/spdx-sec-ism-iepd/xml/xsl/common/xsd-json.xsl","digest":"90243f7aa91616175a5a48b4d2a1910ffde3840c6847a81ba2f34f81081499aa"},"1539909706478445965":{"entrytype":"GenerateResource","status":"Pass","timestamp":1539909706473805625,"filepath":"spdx-sec-ism-instance.json","xslpath":"tmp/spdx-sec-ism-iepd/xml/xsl/common/xml-json.xsl","digest":"ce1e3145362c2821433be76bdf62afed05b5689e8e13d814511cf57ba8d7cae9"},"1539909706520411403":{"entrytype":"GenerateResource","status":"Pass","timestamp":1539909706480070754,"filepath":"spdx-sec-ism-struct.go","xslpath":"tmp/spdx-sec-ism-iepd/xml/xsl/spdx-sec-ism-go-gen.xsl","digest":"377f34db556f2a22b6bb3fabed67e9c5d0009b12d82fe7335725a3bd8489ed2b"},"1539909706538818894":{"entrytype":"GenerateResource","status":"Pass","timestamp":1539909706522029140,"filepath":"spdx-sec-ism-struct_test.go","xslpath":"tmp/spdx-sec-ism-iepd/xml/xsl/spdx-sec-ism-go-test-gen.xsl","digest":"359fd47968d185bc99d1f848d54d80bd0db4ec96853eca9a2ab64f501df39f87"},"1539909706541062678":{"entrytype":"Marshal Data","status":"Pass","timestamp":1539909706541019876,"filepath":"spdx-sec-ism-instance-golang.xml","digest":"6a9f5cf4862958dfca2272167a5ccc26c8d8c4f5411544aa0b69db2d77249be2"},"1539909721768402551":{"entrytype":"Validate","status":"Pass","timestamp":1539909706542680941,"filepath":"tmp/spdx-sec-ism-iepd/xml/xsd/spdx-xml-ref.xsd","xsdpath":"tmp/spdx-sec-ism-iepd/xml/xsd/ext/w3c/XMLSchema.xsd","valid":true},"1539909737109325755":{"entrytype":"Validate","status":"Pass","timestamp":1539909721771709242,"filepath":"tmp/spdx-sec-ism-iepd/xml/xsd/spdx-sec-ism-iep.xsd","xsdpath":"tmp/spdx-sec-ism-iepd/xml/xsd/ext/w3c/XMLSchema.xsd","valid":true},"1539909737121436129":{"entrytype":"Validate","status":"Pass","timestamp":1539909737112570489,"filepath":"tmp/spdx-sec-ism-iepd/xml/instance/spdx-sec-ism-instance.xml","xsdpath":"tmp/spdx-sec-ism-iepd/xml/xsd/spdx-sec-ism-iep.xsd","valid":true},"1539909737131574387":{"entrytype":"Validate","status":"Pass","timestamp":1539909737122994001,"filepath":"tmp/spdx-sec-ism-iepd/xml/instance/spdx-sec-ism-instance.xml","xsdpath":"tmp/spdx-sec-ism-iepd/xml/xsd/spdx-xml-ref.xsd","valid":true},"1539909737153547004":{"entrytype":"Validate","status":"Pass","timestamp":1539909737148824397,"filepath":"tmp/spdx-sec-ism-iepd/xml/instance/spdx-sec-ism-instance-golang.xml","xsdpath":"tmp/spdx-sec-ism-iepd/xml/xsd/spdx-sec-ism-iep.xsd","valid":true},"1539909737178115094":{"entrytype":"Validate","status":"Pass","timestamp":1539909737170795830,"filepath":"tmp/spdx-sec-ism-iepd/xml/instance/spdx-sec-ism-instance-golang.xml","xsdpath":"tmp/spdx-sec-ism-iepd/xml/xsd/spdx-xml-ref.xsd","valid":true}}