{"config":"config/spdx-sec-ism-cfg.json","gogenxsdxsl":"xml/xsl/spdx-sec-ism-go-gen.xsl","gogenxsl":"xml/xsl/common/go-gen.xsl","gotestgenxsl":"xml/xsl/spdx-sec-ism-go-test-gen.xsl","iepxsd":"xml/xsd/spdx-sec-ism-iep.xsd","iepxsdjson":"json/spdx-sec-ism-iep-xsd.json","iepxsdxsl":"xml/xsl/spdx-sec-ism-iep.xsl","iepxsl":"xml/xsl/common/iep.xsl","instancegolangxml":"xml/instance/spdx-sec-ism-instance-golang.xml","instancejson":"json/spdx-sec-ism-instance.json","instancexml":"xml/instance/spdx-sec-ism-instance.xml","instancexsl":"xml/xsl/spdx-sec-ism-instance.xsl","ismstructgo":"src/spdx-sec-ism/ism-struct.go","maingo":"src/spdx-sec-ism/spdx-sec-ism.go","provenancereportjson":"json/spdx-sec-ism-provenance-report.json","reftestdataxml":"xml/instance/spdx-test-data.xml","refxsd":"xml/xsd/spdx-xml-ref.xsd","refxsdjson":"json/spdx-sec-ism-ref-xsd.json","resourcesjson":"json/spdx-sec-ism-resources.json","structgo":"src/spdx-sec-ism/spdx-sec-ism-struct.go","structtestgo":"src/spdx-sec-ism/spdx-sec-ism-struct_test.go","testdataxml":"xml/instance/spdx-sec-ism-test-data.xml","xmlinstancexsl":"xml/xsl/common/xml-instance.xsl","xmljsonxsl":"xml/xsl/common/xml-json.xsl","xmlschemaxsd":"xml/xsd/ext/w3c/XMLSchema.xsd","xsdjsonxsl":"xml/xsl/common/xsd-json.xsl","xsltxsd":"xml/xsd/ext/w3c/xslt.xsd","zipiepd":"spdx-sec-ism-iepd.zip"}