{
    "project":"spdx-doc",
    "configfile": "spdx-doc-cfg.json",
    "reflink": "https://raw.githubusercontent.com/mil-oss/spdx-xsd/master/xml/xsd/spdx-xml-ref.xsd",
    "testlink":"https://raw.githubusercontent.com/mil-oss/spdx-xsd/master/iepd/spdx-document/xml/instance/spdx-doc-test-data.xml",
    "host":"https://spdx-xml.specchain.org/spdx-doc/",
    "port":":8080",
    "dbloc":"tmp/spdx-doc-iepd/db/spdx-doc.db",
    "tempdir":"tmp/",
    "temppath":"tmp/spdx-doc-iepd/",
    "resources": [
        {
            "name": "config",
            "filename": "spdx-doc-cfg.json",
            "src": "config/spdx-doc-cfg.json",
            "path": "config/spdx-doc-cfg.json",
            "description": "Configuration Information"
        },
        {
            "name": "refxsd",
            "filename": "spdx-xml-ref.xsd",
            "src": "xml/xsd/spdx-xml-ref.xsd",
            "path": "xml/xsd/spdx-xml-ref.xsd",
            "description": "NIEM Conformant Reference XML Schema for SPDX data"
        },
        {
            "name": "reftestdataxml",
            "filename": "spdx-test-data.xml",
            "src": "xml/xsd/spdx-xml-ref.xsd",
            "path": "xml/xsd/spdx-xml-ref.xsd",
            "description": "Test values for all SPDX data items"
        },
        {
            "name": "iepxsd",
            "filename": "spdx-doc-iep.xsd",
            "src": "iepd/spdx-document/xml/xsd/spdx-doc-iep.xsd",
            "path": "xml/xsd/spdx-doc-iep.xsd",
            "description": "XML Schema for SPDX Document information exchange"
        },
        {
            "name": "xmlschemaxsd",
            "filename": "XMLSchema.xsd",
            "src": "xml/xsd/ext/w3c/XMLSchema.xsd",
            "path": "xml/xsd/ext/w3c/XMLSchema.xsd",
            "description": "W3C XML Schema for XSD validation"
        },
        {
            "name": "xsltxsd",
            "filename": "xslt.xsd",
            "src": "xml/xsd/ext/w3c/xslt.xsd",
            "path": "xml/xsd/ext/w3c/xslt.xsd",
            "description": "W3C XSLT Schema for XSLT validation"
        },
        {
            "name": "iepxsdxsl",
            "src": "iepd/spdx-document/xml/xsl/spdx-doc-iep.xsl",
            "path": "xml/xsl/spdx-doc-iep.xsl",
            "description": "XSLT to generate the SPDX Document Implementation Schema"
        
        },
        {
            "name": "instancexsl",
            "src": "iepd/spdx-document/xml/xsl/spdx-doc-instance.xsl",
            "path": "xml/xsl/spdx-doc-instance.xsl",
            "description": "XSLT to generate a SPDX Document instance using test values"
        
        },
        {
            "name": "gogenxsdxsl",
            "filename": "spdx-doc-go-gen.xsl",
            "src": "iepd/spdx-document/xml/xsl/spdx-doc-go-gen.xsl",
            "path": "xml/xsl/spdx-doc-go-gen.xsl",
            "description": "XSLT to generate a GOLANG Struct for SPDX Document information"
        
        },
        {
            "name": "gotestgenxsl",
            "filename": "spdx-doc-go-test-gen.xsl",
            "src": "iepd/spdx-document/xml/xsl/spdx-doc-go-test-gen.xsl",
            "path": "xml/xsl/spdx-doc-go-test-gen.xsl",
            "description": "XSLT to generate GOLANG Unit Tests for SPDX Document information using test data"
        
        },
        {
            "name": "testdataxml",
            "filename":"spdx-doc-test-data.xml",
            "src": "iepd/spdx-document/xml/instance/spdx-doc-test-data.xml",
            "path": "xml/instance/spdx-doc-test-data.xml",
            "description": "Test data for SPDX Document information"
        },
        {
            "name": "instancexml",
            "filename": "spdx-doc-instance.xml",
            "src": "iepd/spdx-document/xml/instance/spdx-doc-instance.xml",
            "path": "xml/instance/spdx-doc-instance.xml",
            "description": "SPDX Document XML Instance generated using XSLT"
        },
        {
            "name": "instancegolangxml",
            "filename": "spdx-doc-instance-golang.xml",
            "src": "iepd/spdx-document/xml/instance/spdx-doc-instance-golang.xml",
            "path": "xml/instance/spdx-doc-instance-golang.xml",
            "description": "SPDX Document XML Instance created by marshalling XML instance using GOLANG struct"
        },
        {
            "name": "structgo",
            "filename": "spdx-doc-struct.go",
            "src": "src/spdx-doc/spdx-doc-struct.go",
            "path": "src/spdx-doc/spdx-doc-struct.go",
            "description": "Auto-generated code structure for marshalling and unmarshalling XML Instances using Golang"
        },
        {
            "name": "structtestgo",
            "filename": "spdx-doc-struct_test.go",
            "src": "src/spdx-doc/spdx-doc-struct_test.go",
            "path": "src/spdx-doc/spdx-doc-struct_test.go",
            "description": "Auto-generated code tests for marshalling and unmarshalling XML Instances using Golang"
        },
        {
            "name": "maingo",
            "filename": "spdx-document.go",
            "src": "src/spdx-doc/spdx-document.go",
            "path": "src/spdx-doc/spdx-document.go",
            "description": "Golang start class"
        },
        {
            "name": "iepxsdjson",
            "filename": "spdx-doc-iep-xsd.json",
            "src": "iepd/spdx-document/json/spdx-doc-iep-xsd.json",
            "path": "json/spdx-doc-iep-xsd.json",
            "description": "JSON Representation of SPDX Document Schema"
        },
        {
            "name": "refxsdjson",
            "filename": "spdx-xml-ref-xsd.json",
            "src": "iepd/spdx-document/json/spdx-xml-ref-xsd.json",
            "path": "json/spdx-xml-ref-xsd.json",
            "description": "JSON Representation of SPDX Reference XML Schema"
        },
        {
            "name": "instancejson",
            "filename": "spdx-doc-instance.json",
            "src": "iepd/spdx-document/json/spdx-doc-instance.json",
            "path": "json/spdx-doc-instance.json",
            "description": "JSON Representation of SPDX Document XML Test Instance"
        },
        {
            "name": "provenancereportjson",
            "filename": "spdx-doc-provenance-report.json",
            "src": "iepd/spdx-document/json/spdx-doc-provenance-report.json",
            "path": "json/spdx-doc-provenance-report.json"
        },
        {
            "name": "resourcesjson",
            "filename": "spdx-doc-resources.json",
            "src": "iepd/spdx-document/json/spdx-doc-resources.json",
            "path": "json/spdx-doc-resources.json"
        },
        {
            "name": "iepxsl",
            "filename": "iep.xsl",
            "src": "xml/xsl/iep.xsl",
            "path": "xml/xsl/common/iep.xsl",
            "description": "Common XSLT utility for generating Implementaion XSDs from Reference XSDs"
        },
        {
            "name": "xmlinstancexsl",
            "filename": "xml-instance.xsl",
            "src": "xml/xsl/xml-instance.xsl",
            "path": "xml/xsl/common/xml-instance.xsl",
            "description": "Common XSLT utility for generating XML Instances from Implemtation XSDs using test data"
        },
        {
            "name": "gogenxsl",
            "filename": "go-gen.xsl",
            "src": "xml/xsl/go-gen.xsl",
            "path": "xml/xsl/common/go-gen.xsl",
            "description": "Common XSLT utility for generating GOLANG structs and Unit Tests from Implemtation XSDs using test data"
        },
        {
            "name": "xsdjsonxsl",
            "filename": "xsd-json.xsl",
            "src": "xml/xsl/xsd-json.xsl",
            "path": "xml/xsl/common/xsd-json.xsl",
            "description": "Common XSLT utility for generating a JSON representation of an XML Schema"
       
        },
        {
            "name": "xmljsonxsl",
            "filename": "xml-json.xsl",
            "src": "xml/xsl/xml-json.xsl",
            "path": "xml/xsl/common/xml-json.xsl",
            "description": "Common XSLT utility for generating a JSON representation of an XML Instance"
        },
        {
            "name": "zipiepd",
            "filename": "spdx-doc-iepd.zip",
            "src": "",
            "path": "spdx-doc-iepd.zip",
            "description": "Zipped archive of all Resources"
        }
    ],
    "directories": [
        {
            "name": "niem",
            "src": "xml/xsd/ext/niem",
            "path": "xml/xsd/ext/niem"
        },
        {
            "name": "w3c",
            "src": "xml/xsd/ext/w3c",
            "path": "xml/xsd/ext/w3c"
        },
        {
            "name": "gostruct",
            "src": "src/spdx-doc",
            "path": "src/spdx-doc"
        },
        {
            "name": "gocode",
            "src": "src/xsdprov",
            "path": "src/xsdprov"
        }
    ]
}