<?xml version="1.0"?>
<SoftwareEvidenceArchive xmlns:xsi="http://www.w3.org/2001/XMLSchema-instance" xmlns="urn:spdx-xml:1.0" xsi:schemaLocation="urn:spdx-xml:1.0 ../xsd/spdx-security-iep.xsd">
  <SoftwareInformation>
    <ProductTitleText/>
    <SoftwareNameText/>
    <SoftwareOrgText/>
    <VersionInformation>
      <SoftwareVersionText/>
      <SemanticVersionIndicator/>
      <SemanticVersionText/>
      <SemanticVersionInformation>
        <APIName/>
        <MajorVersionNumeric/>
        <MinorVersionNumeric/>
        <PatchVersionText/>
        <PreReleaseVersionText/>
        <BuildMetaText/>
      </SemanticVersionInformation>
      <SemanticVersionDate/>
      <PythonSemanticVersionIndicator/>
      <PythonSemanticVersion>
        <PythonEpochSegmentText/>
        <PythonReleaseSegmentText/>
        <PythonPreReleaseSegmentText/>
        <PythonPostReleaseSegmentText/>
        <PythonDevelopmentReleaseSegmentText/>
      </PythonSemanticVersion>
      <PythonVersionText/>
    </VersionInformation>
    <GroupingText/>
    <ReleaseNotesText/>
  </SoftwareInformation>
  <FileInformation>
    <ComputerFileNameText/>
    <FileExtensionText/>
  </FileInformation>
  <AuthoritativeSourceInformation>
    <SourceHashText/>
    <SourceURIText/>
    <AuthoritativeDigitalSignatureIndicator/>
  </AuthoritativeSourceInformation>
  <EcosystemInformation>
    <Ecosystem>
      <CommitterQuantity/>
      <Languages>
        <LanguageText/>
        <LanguageText/>
      </Languages>
      <CommitLogs>
        <CommitLogText/>
        <CommitLogText/>
      </CommitLogs>
    </Ecosystem>
    <CompanyInformation>
      <NameText/>
    </CompanyInformation>
  </EcosystemInformation>
  <DependencyInformation>
    <Dependencies>
      <Dependency>
        <NameText/>
        <DependencyVersionText/>
      </Dependency>
      <Dependency>
        <NameText/>
        <DependencyVersionText/>
      </Dependency>
    </Dependencies>
    <Compiler>
      <NameText/>
      <CompilerVersionText/>
    </Compiler>
  </DependencyInformation>
  <LicenseInformation>
    <LicenseCategoryCode/>
    <LicenseCode/>
    <LicenseCode/>
    <EndOfLifeIndicator/>
  </LicenseInformation>
  <VulnerabilityInformation>
    <Vulnerabilities>
      <Vulnerability>
        <VulnerabilityIdentifierText/>
        <SourceText/>
        <VulnerabilityTitleText/>
        <VulnerabilitySummaryText/>
        <VulnerabilityScoreValue/>
        <VulnerabilityScoreVersionValue/>
        <VulnerabilityScoreSystemText/>
        <ScoreDetails>
          <CommonVulnerabilityScoringSystemV2>
            <VectorStringText/>
            <AccessVectorText/>
            <AccessComplexityText/>
            <VulnerabilityAuthenticationText/>
            <ConfidentialityImpactText/>
            <IntegrityImpactText/>
            <AvailabilityImpactText/>
            <VulnerabilityBaseScoreValue/>
          </CommonVulnerabilityScoringSystemV2>
          <CommonVulnerabilityScoringSystemV3>
            <VectorStringText/>
            <AccessVectorText/>
            <AccessComplexityText/>
            <PrivilegesRequiredText/>
            <UserInteractionText/>
            <VulnerabilityScopeText/>
            <ConfidentialityImpactText/>
            <IntegrityImpactText/>
            <AvailabilityImpactText/>
            <VulnerabilityBaseScoreValue/>
            <BaseSeverityText/>
          </CommonVulnerabilityScoringSystemV3>
        </ScoreDetails>
        <VulnerabilityVectorText/>
        <AccessComplexityText/>
        <VulnerabilityAuthenticationText/>
        <ConfidentialityImpactText/>
        <IntegrityImpactText/>
        <AvailabilityImpactText/>
        <VulnerabilitySourceText/>
        <AssessmentCheckText/>
        <ScannerText/>
        <RecommendationText/>
        <VulnerabilityReference>
          <TypeOfReferenceText/>
          <ReferenceSourceText/>
          <URIText/>
          <ReferenceText/>
        </VulnerabilityReference>
        <VulnerabilityModifiedDate/>
        <VulnerabilityPublishedDate/>
      </Vulnerability>
      <Vulnerability>
        <VulnerabilityIdentifierText/>
        <SourceText/>
        <VulnerabilityTitleText/>
        <VulnerabilitySummaryText/>
        <VulnerabilityScoreValue/>
        <VulnerabilityScoreVersionValue/>
        <VulnerabilityScoreSystemText/>
        <ScoreDetails>
          <CommonVulnerabilityScoringSystemV2>
            <VectorStringText/>
            <AccessVectorText/>
            <AccessComplexityText/>
            <VulnerabilityAuthenticationText/>
            <ConfidentialityImpactText/>
            <IntegrityImpactText/>
            <AvailabilityImpactText/>
            <VulnerabilityBaseScoreValue/>
          </CommonVulnerabilityScoringSystemV2>
          <CommonVulnerabilityScoringSystemV3>
            <VectorStringText/>
            <AccessVectorText/>
            <AccessComplexityText/>
            <PrivilegesRequiredText/>
            <UserInteractionText/>
            <VulnerabilityScopeText/>
            <ConfidentialityImpactText/>
            <IntegrityImpactText/>
            <AvailabilityImpactText/>
            <VulnerabilityBaseScoreValue/>
            <BaseSeverityText/>
          </CommonVulnerabilityScoringSystemV3>
        </ScoreDetails>
        <VulnerabilityVectorText/>
        <AccessComplexityText/>
        <VulnerabilityAuthenticationText/>
        <ConfidentialityImpactText/>
        <IntegrityImpactText/>
        <AvailabilityImpactText/>
        <VulnerabilitySourceText/>
        <AssessmentCheckText/>
        <ScannerText/>
        <RecommendationText/>
        <VulnerabilityReference>
          <TypeOfReferenceText/>
          <ReferenceSourceText/>
          <URIText/>
          <ReferenceText/>
        </VulnerabilityReference>
        <VulnerabilityModifiedDate/>
        <VulnerabilityPublishedDate/>
      </Vulnerability>
    </Vulnerabilities>
    <VirusInformation>
      <KnownVirusQuantity/>
      <EngineVersionText/>
      <VirusEngineText/>
      <ScannedDirectoryQuantity/>
      <ScannedFileQuantity/>
      <InfectedFileQuantity/>
      <DataScannedText/>
      <DataReadText/>
      <TimeText/>
      <FileNotesText/>
      <EngineDetails>
        <EngineVersionText/>
        <DatabaseVersionText/>
      </EngineDetails>
    </VirusInformation>
  </VulnerabilityInformation>
  <GovernanceRiskCompliance>
    <RiskCode/>
    <StatementOfAssuranceText/>
  </GovernanceRiskCompliance>
  <DeliveryInformation>
    <DeliveringOrganizationText/>
    <DestinationText/>
    <HashText/>
    <LastRegistryUpdateDate/>
  </DeliveryInformation>
</SoftwareEvidenceArchive>
