  <SoftwareEvidenceArchive xmlns:xsi="http://www.w3.org/2001/XMLSchema-instance" xmlns="urn:spdx-xml:1.0">
      <SoftwareInformation>
          <VersionInformation>
              <SemanticVersionInformation></SemanticVersionInformation>
              <PythonSemanticVersion></PythonSemanticVersion>
          </VersionInformation>
      </SoftwareInformation>
      <FileInformation></FileInformation>
      <AuthoritativeSourceInformation></AuthoritativeSourceInformation>
      <EcosystemInformation>
          <Ecosystem>
              <Languages></Languages>
              <CommitLogs></CommitLogs>
          </Ecosystem>
          <CompanyInformation></CompanyInformation>
      </EcosystemInformation>
      <DependencyInformation>
          <Dependencies>
              <Dependency></Dependency>
              <Dependency></Dependency>
          </Dependencies>
          <Compiler></Compiler>
      </DependencyInformation>
      <LicenseInformation></LicenseInformation>
      <VulnerabilityInformation>
          <Vulnerabilities>
              <Vulnerability>
                  <ScoreDetails>
                      <CommonVulnerabilityScoringSystemV2></CommonVulnerabilityScoringSystemV2>
                      <CommonVulnerabilityScoringSystemV3></CommonVulnerabilityScoringSystemV3>
                  </ScoreDetails>
                  <VulnerabilityReference></VulnerabilityReference>
              </Vulnerability>
              <Vulnerability>
                  <ScoreDetails>
                      <CommonVulnerabilityScoringSystemV2></CommonVulnerabilityScoringSystemV2>
                      <CommonVulnerabilityScoringSystemV3></CommonVulnerabilityScoringSystemV3>
                  </ScoreDetails>
                  <VulnerabilityReference></VulnerabilityReference>
              </Vulnerability>
          </Vulnerabilities>
          <VirusInformation>
              <EngineDetails></EngineDetails>
          </VirusInformation>
      </VulnerabilityInformation>
      <GovernanceRiskCompliance></GovernanceRiskCompliance>
      <DeliveryInformation></DeliveryInformation>
  </SoftwareEvidenceArchive>