{"config":"config/spdx-license-cfg.json","gogenxsdxsl":"xml/xsl/spdx-license-go-gen.xsl","gogenxsl":"xml/xsl/common/go-gen.xsl","gotestgenxsl":"xml/xsl/spdx-license-go-test-gen.xsl","iepxsd":"xml/xsd/spdx-license-iep.xsd","iepxsdjson":"json/spdx-license-iep-xsd.json","iepxsdxsl":"xml/xsl/spdx-license-iep.xsl","iepxsl":"xml/xsl/common/iep.xsl","instancegolangxml":"xml/instance/spdx-license-instance-golang.xml","instancejson":"json/spdx-license-instance.json","instancexml":"xml/instance/spdx-license-instance.xml","instancexsl":"xml/xsl/spdx-license-instance.xsl","ismstructgo":"src/spdx-sec-ism/ism-struct.go","maingo":"src/spdx-license/spdx-license.go","provenancereportjson":"json/spdx-license-provenance-report.json","reftestdataxml":"xml/instance/spdx-test-data.xml","refxsd":"xml/xsd/spdx-xml-ref.xsd","refxsdjson":"json/spdx-xml-ref-xsd.json","resourcesjson":"json/spdx-license-resources.json","structgo":"src/spdx-license/spdx-license-struct.go","structtestgo":"src/spdx-license/spdx-license-struct_test.go","testdataxml":"xml/instance/spdx-license-test-data.xml","xmlinstancexsl":"xml/xsl/common/xml-instance.xsl","xmljsonxsl":"xml/xsl/common/xml-json.xsl","xmlschemaxsd":"xml/xsd/ext/w3c/XMLSchema.xsd","xsdjsonxsl":"xml/xsl/common/xsd-json.xsl","xsltxsd":"xml/xsd/ext/w3c/xslt.xsd","zipiepd":"spdx-license-iepd.zip"}