{"1539666060811763521":{"entrytype":"Load Remote Match","status":"Pass","timestamp":1539666060449513569,"filepath":"tmp/spdx-license-iepd/xml/xsd/spdx-xml-ref.xsd","digest":"550f7cab3dafd531cc95eec07574d1271e2118a56036d821dffc30f9d596be18","message":"Loaded Remote Resource"},"1539666060811771074":{"entrytype":"Authenticity Check","status":"Pass","timestamp":1539666060811768209,"filepath":"xml/xsd/spdx-xml-ref.xsd","digest":"550f7cab3dafd531cc95eec07574d1271e2118a56036d821dffc30f9d596be18","message":"spdx-xml-ref.xsd matches authoritative source"},"1539666060960997161":{"entrytype":"Load Remote Match","status":"Pass","timestamp":1539666060811773828,"filepath":"tmp/spdx-license-iepd/xml/instance/spdx-license-test-data.xml","digest":"39dff9fb41d4d5d34fb1bdd9055e3adcd6de67f5498c0313b597d28221ade722","message":"Loaded Remote Resource"},"1539666060961003335":{"entrytype":"Authenticity Check","status":"Pass","timestamp":1539666060961000445,"filepath":"xml/instance/spdx-license-test-data.xml","digest":"39dff9fb41d4d5d34fb1bdd9055e3adcd6de67f5498c0313b597d28221ade722","message":"spdx-license-test-data.xml matches authoritative source"},"1539666060961028237":{"entrytype":"GenerateResource","status":"Pass","timestamp":1539666060961045653,"filepath":"spdx-license-iep.xsd","xslpath":"tmp/spdx-license-iepd/xml/xsl/spdx-license-iep.xsl","digest":"6bcad7e10c42d18e18d5041c0d9f9f0d4b3d42fa588203d7f9757cb09d54804a"},"1539666061044279621":{"entrytype":"GenerateResource","status":"Pass","timestamp":1539666061044291224,"filepath":"spdx-license-instance.xml","xslpath":"tmp/spdx-license-iepd/xml/xsl/spdx-license-instance.xsl","digest":"ff844be7b43f008def99a3503f6ad02d82c57c26ce0d927bc76565a9d7493e1e"},"1539666061047834623":{"entrytype":"GenerateResource","status":"Pass","timestamp":1539666061047848163,"filepath":"spdx-xml-ref-xsd.json","xslpath":"tmp/spdx-license-iepd/xml/xsl/common/xsd-json.xsl","digest":"ce42b48ebab17141ba1f7db39e7f11f683ed3b005fb4d85d8dad6810f2dcd19d"},"1539666061207645207":{"entrytype":"GenerateResource","status":"Pass","timestamp":1539666061207657280,"filepath":"spdx-license-iep-xsd.json","xslpath":"tmp/spdx-license-iepd/xml/xsl/common/xsd-json.xsl","digest":"eaee4c8392b65eb84a99a8115b6ea59554438f1af7d10667af5148f527ef2583"},"1539666061211338937":{"entrytype":"GenerateResource","status":"Pass","timestamp":1539666061211350311,"filepath":"spdx-license-instance.json","xslpath":"tmp/spdx-license-iepd/xml/xsl/common/xml-json.xsl","digest":"939c60c70df1c1fe4d57d1d7c166b7949db00ee1dadebf6f7efe5cc6797d80af"},"1539666061213667106":{"entrytype":"GenerateResource","status":"Pass","timestamp":1539666061213675977,"filepath":"spdx-license-struct.go","xslpath":"tmp/spdx-license-iepd/xml/xsl/spdx-license-go-gen.xsl","digest":"b4319fbe5d82a4fe074c97eb8deff34785368961df5b0dfecab15fd4d869ba2d"},"1539666061217156727":{"entrytype":"GenerateResource","status":"Pass","timestamp":1539666061217166547,"filepath":"spdx-license-struct_test.go","xslpath":"tmp/spdx-license-iepd/xml/xsl/spdx-license-go-test-gen.xsl","digest":"442e2c563d9632d0b309d396f86db1bd4180c57dee9c8969aa5c10b8c4871832"},"1539666061221477526":{"entrytype":"Marshal Data","status":"Pass","timestamp":1539666061221634417,"filepath":"spdx-license-instance-golang.xml","digest":"a3d5a1bcf210c2a3fb46890a60843c7ee434a8d6efc9f86cc69d78bf357b963d"},"1539666061221660073":{"entrytype":"Validate","status":"Pass","timestamp":1539666061221661045,"filepath":"tmp/spdx-license-iepd/xml/xsd/spdx-xml-ref.xsd","xsdpath":"tmp/spdx-license-iepd/xml/xsd/ext/w3c/XMLSchema.xsd","valid":true},"1539666076543143027":{"entrytype":"Validate","status":"Pass","timestamp":1539666076543147373,"filepath":"tmp/spdx-license-iepd/xml/xsd/spdx-license-iep.xsd","xsdpath":"tmp/spdx-license-iepd/xml/xsd/ext/w3c/XMLSchema.xsd","valid":true},"1539666091740670907":{"entrytype":"Validate","status":"Pass","timestamp":1539666091740672963,"filepath":"tmp/spdx-license-iepd/xml/instance/spdx-license-instance.xml","xsdpath":"tmp/spdx-license-iepd/xml/xsd/spdx-license-iep.xsd","valid":true},"1539666091740985355":{"entrytype":"Validate","status":"Pass","timestamp":1539666091740986771,"filepath":"tmp/spdx-license-iepd/xml/instance/spdx-license-instance.xml","xsdpath":"tmp/spdx-license-iepd/xml/xsd/spdx-xml-ref.xsd","valid":true},"1539666091747603271":{"entrytype":"Validate","status":"Pass","timestamp":1539666091747606764,"filepath":"tmp/spdx-license-iepd/xml/instance/spdx-license-instance-golang.xml","xsdpath":"tmp/spdx-license-iepd/xml/xsd/spdx-license-iep.xsd","valid":true},"1539666091747912722":{"entrytype":"Validate","status":"Pass","timestamp":1539666091747913618,"filepath":"tmp/spdx-license-iepd/xml/instance/spdx-license-instance-golang.xml","xsdpath":"tmp/spdx-license-iepd/xml/xsd/spdx-xml-ref.xsd","valid":true}}