{"1540102876609177799":{"entrytype":"Load Remote Match","status":"Pass","timestamp":1540102876315188871,"filepath":"tmp/spdx-doc-iepd/xml/xsd/spdx-xml-ref.xsd","digest":"026e646a857a1eb3b91291594d746cee5e17560bf46cd43f797c3788d7f36141","message":"Loaded Remote Resource"},"1540102876611288701":{"entrytype":"Authenticity Check","status":"Pass","timestamp":1540102876611287845,"filepath":"xml/xsd/spdx-xml-ref.xsd","digest":"026e646a857a1eb3b91291594d746cee5e17560bf46cd43f797c3788d7f36141","message":"spdx-xml-ref.xsd matches authoritative source"},"1540102876748964919":{"entrytype":"Load Remote Match","status":"Pass","timestamp":1540102876612844449,"filepath":"tmp/spdx-doc-iepd/xml/instance/spdx-doc-test-data.xml","digest":"a07f3c4e4cbff51467b486eb8dc2d2dddf75bf7098ad74ae166bff7fc67c7d83","message":"Loaded Remote Resource"},"1540102876750720136":{"entrytype":"Authenticity Check","status":"Pass","timestamp":1540102876750719133,"filepath":"xml/instance/spdx-doc-test-data.xml","digest":"a07f3c4e4cbff51467b486eb8dc2d2dddf75bf7098ad74ae166bff7fc67c7d83","message":"spdx-doc-test-data.xml matches authoritative source"},"1540102876899221607":{"entrytype":"GenerateResource","status":"Pass","timestamp":1540102876767992254,"filepath":"spdx-doc-iep.xsd","xslpath":"tmp/spdx-doc-iepd/xml/xsl/spdx-doc-iep.xsl","digest":"fa16f865aec2df5a606a35995af783650c1410e36ac0764e5f4e76c40511474c"},"1540102876922880726":{"entrytype":"GenerateResource","status":"Pass","timestamp":1540102876916412002,"filepath":"spdx-doc-instance.xml","xslpath":"tmp/spdx-doc-iepd/xml/xsl/spdx-doc-instance.xsl","digest":"da7dc734f14ae4f25a41ce1a326879a0653fb58ab573187012a0123535b49908"},"1540102877220083114":{"entrytype":"GenerateResource","status":"Pass","timestamp":1540102876924473587,"filepath":"spdx-xml-ref-xsd.json","xslpath":"tmp/spdx-doc-iepd/xml/xsl/common/xsd-json.xsl","digest":"c2d478877d1ea3585c18057ca7fdb8c1dc97e6dfb6b73dbcaba2f160981e0f0d"},"1540102877230652750":{"entrytype":"GenerateResource","status":"Pass","timestamp":1540102877221612257,"filepath":"spdx-doc-iep-xsd.json","xslpath":"tmp/spdx-doc-iepd/xml/xsl/common/xsd-json.xsl","digest":"d449a6b7a48960236c6f135216a66d1b6fa2fd89739fff9a4e2e7033155dd1b7"},"1540102877235360384":{"entrytype":"GenerateResource","status":"Pass","timestamp":1540102877232446444,"filepath":"spdx-doc-instance.json","xslpath":"tmp/spdx-doc-iepd/xml/xsl/common/xml-json.xsl","digest":"aad3b90e99c7ab95c02605df03adcad9799398c2c000d08a890e82b1266518e5"},"1540102877242767262":{"entrytype":"GenerateResource","status":"Pass","timestamp":1540102877236921013,"filepath":"spdx-doc-struct.go","xslpath":"tmp/spdx-doc-iepd/xml/xsl/spdx-doc-go-gen.xsl","digest":"90d1b0fb2ae7cf1739e5083df3b227b28f0c57f1d0af85dc0b706514bb30f463"},"1540102877251823417":{"entrytype":"GenerateResource","status":"Pass","timestamp":1540102877244480529,"filepath":"spdx-doc-struct_test.go","xslpath":"tmp/spdx-doc-iepd/xml/xsl/spdx-doc-go-test-gen.xsl","digest":"0f427baba510bb9023cfbfb05496a4efab824403b48bb01243c677294eefd87a"},"1540102877253655947":{"entrytype":"Marshal Data","status":"Pass","timestamp":1540102877253623938,"filepath":"spdx-doc-instance-golang.xml","digest":"9bb5d9df173ff9f2a24c7bdf282ecd4fa6308989a4784258a04b3ded11f6e34e"},"1540102892480785703":{"entrytype":"Validate","status":"Pass","timestamp":1540102877255290569,"filepath":"tmp/spdx-doc-iepd/xml/xsd/spdx-xml-ref.xsd","xsdpath":"tmp/spdx-doc-iepd/xml/xsd/ext/w3c/XMLSchema.xsd","valid":true},"1540102907765945006":{"entrytype":"Validate","status":"Pass","timestamp":1540102892485370029,"filepath":"tmp/spdx-doc-iepd/xml/xsd/spdx-doc-iep.xsd","xsdpath":"tmp/spdx-doc-iepd/xml/xsd/ext/w3c/XMLSchema.xsd","valid":true},"1540102907770590809":{"entrytype":"Validate","status":"Pass","timestamp":1540102907769883561,"filepath":"tmp/spdx-doc-iepd/xml/instance/spdx-doc-instance.xml","xsdpath":"tmp/spdx-doc-iepd/xml/xsd/spdx-doc-iep.xsd","valid":true},"1540102907780350033":{"entrytype":"Validate","status":"Pass","timestamp":1540102907772199845,"filepath":"tmp/spdx-doc-iepd/xml/instance/spdx-doc-instance.xml","xsdpath":"tmp/spdx-doc-iepd/xml/xsd/spdx-xml-ref.xsd","valid":true},"1540102907798725371":{"entrytype":"Validate","status":"Pass","timestamp":1540102907797884385,"filepath":"tmp/spdx-doc-iepd/xml/instance/spdx-doc-instance-golang.xml","xsdpath":"tmp/spdx-doc-iepd/xml/xsd/spdx-doc-iep.xsd","valid":true},"1540102907824229909":{"entrytype":"Validate","status":"Pass","timestamp":1540102907816001379,"filepath":"tmp/spdx-doc-iepd/xml/instance/spdx-doc-instance-golang.xml","xsdpath":"tmp/spdx-doc-iepd/xml/xsd/spdx-xml-ref.xsd","valid":true},"1540102907953077206":{"entrytype":"Load Remote Match","status":"Pass","timestamp":1540102907931334710,"filepath":"tmp/spdx-license-iepd/xml/xsd/spdx-xml-ref.xsd","digest":"026e646a857a1eb3b91291594d746cee5e17560bf46cd43f797c3788d7f36141","message":"Loaded Remote Resource"},"1540102907954999632":{"entrytype":"Authenticity Check","status":"Pass","timestamp":1540102907954998819,"filepath":"xml/xsd/spdx-xml-ref.xsd","digest":"026e646a857a1eb3b91291594d746cee5e17560bf46cd43f797c3788d7f36141","message":"spdx-xml-ref.xsd matches authoritative source"},"1540102908090933230":{"entrytype":"Load Remote Match","status":"Pass","timestamp":1540102907956643120,"filepath":"tmp/spdx-license-iepd/xml/instance/spdx-license-test-data.xml","digest":"39dff9fb41d4d5d34fb1bdd9055e3adcd6de67f5498c0313b597d28221ade722","message":"Loaded Remote Resource"},"1540102908093176595":{"entrytype":"Authenticity Check","status":"Pass","timestamp":1540102908093173382,"filepath":"xml/instance/spdx-license-test-data.xml","digest":"39dff9fb41d4d5d34fb1bdd9055e3adcd6de67f5498c0313b597d28221ade722","message":"spdx-license-test-data.xml matches authoritative source"},"1540102908181920725":{"entrytype":"GenerateResource","status":"Pass","timestamp":1540102908110974508,"filepath":"spdx-license-iep.xsd","xslpath":"tmp/spdx-license-iepd/xml/xsl/spdx-license-iep.xsl","digest":"72d25f59322879b0a50271ce16b4939bd4eff0698e4a551971353924f136cb95"},"1540102908202614908":{"entrytype":"GenerateResource","status":"Pass","timestamp":1540102908199077486,"filepath":"spdx-license-instance.xml","xslpath":"tmp/spdx-license-iepd/xml/xsl/spdx-license-instance.xsl","digest":"daa125f832cff329a77dde2817cf90b0efbdb4335a454adb18540cf808553fc8"},"1540102908486910535":{"entrytype":"GenerateResource","status":"Pass","timestamp":1540102908204471219,"filepath":"spdx-xml-ref-xsd.json","xslpath":"tmp/spdx-license-iepd/xml/xsl/common/xsd-json.xsl","digest":"c2d478877d1ea3585c18057ca7fdb8c1dc97e6dfb6b73dbcaba2f160981e0f0d"},"1540102908493432256":{"entrytype":"GenerateResource","status":"Pass","timestamp":1540102908488516620,"filepath":"spdx-license-iep-xsd.json","xslpath":"tmp/spdx-license-iepd/xml/xsl/common/xsd-json.xsl","digest":"c8fd9f8a88341980d035e2d55661c3101ae3d412a0e5c65aabdf72182390fe7c"},"1540102908497483044":{"entrytype":"GenerateResource","status":"Pass","timestamp":1540102908495066064,"filepath":"spdx-license-instance.json","xslpath":"tmp/spdx-license-iepd/xml/xsl/common/xml-json.xsl","digest":"a28519fc4dfc96d63e7ae420eca1202af28b45a2c4eec8c3229e3dd5717aaef3"},"1540102908503273415":{"entrytype":"GenerateResource","status":"Pass","timestamp":1540102908499187693,"filepath":"spdx-license-struct.go","xslpath":"tmp/spdx-license-iepd/xml/xsl/spdx-license-go-gen.xsl","digest":"1824720fcd3ce3c71e6f7f20bcdf7efd3ab191b315b3c263f67f51143ecaed44"},"1540102908508618956":{"entrytype":"GenerateResource","status":"Pass","timestamp":1540102908504905492,"filepath":"spdx-license-struct_test.go","xslpath":"tmp/spdx-license-iepd/xml/xsl/spdx-license-go-test-gen.xsl","digest":"072aa72b94cf86b6b300b539af869b537e0adfb51cb2e0df3e1b6c23ef23acf8"},"1540102908510311870":{"entrytype":"Marshal Data","status":"Pass","timestamp":1540102908510299673,"filepath":"spdx-license-instance-golang.xml","digest":"a3d5a1bcf210c2a3fb46890a60843c7ee434a8d6efc9f86cc69d78bf357b963d"},"1540102923717887449":{"entrytype":"Validate","status":"Pass","timestamp":1540102908511778577,"filepath":"tmp/spdx-license-iepd/xml/xsd/spdx-xml-ref.xsd","xsdpath":"tmp/spdx-license-iepd/xml/xsd/ext/w3c/XMLSchema.xsd","valid":true},"1540102938966370003":{"entrytype":"Validate","status":"Pass","timestamp":1540102923721228879,"filepath":"tmp/spdx-license-iepd/xml/xsd/spdx-license-iep.xsd","xsdpath":"tmp/spdx-license-iepd/xml/xsd/ext/w3c/XMLSchema.xsd","valid":true},"1540102938971951816":{"entrytype":"Validate","status":"Pass","timestamp":1540102938969990266,"filepath":"tmp/spdx-license-iepd/xml/instance/spdx-license-instance.xml","xsdpath":"tmp/spdx-license-iepd/xml/xsd/spdx-license-iep.xsd","valid":true},"1540102938985057362":{"entrytype":"Validate","status":"Pass","timestamp":1540102938974239086,"filepath":"tmp/spdx-license-iepd/xml/instance/spdx-license-instance.xml","xsdpath":"tmp/spdx-license-iepd/xml/xsd/spdx-xml-ref.xsd","valid":true},"1540102939002702865":{"entrytype":"Validate","status":"Pass","timestamp":1540102939002199693,"filepath":"tmp/spdx-license-iepd/xml/instance/spdx-license-instance-golang.xml","xsdpath":"tmp/spdx-license-iepd/xml/xsd/spdx-license-iep.xsd","valid":true},"1540102939027720446":{"entrytype":"Validate","status":"Pass","timestamp":1540102939019796689,"filepath":"tmp/spdx-license-iepd/xml/instance/spdx-license-instance-golang.xml","xsdpath":"tmp/spdx-license-iepd/xml/xsd/spdx-xml-ref.xsd","valid":true}}