{"1539132091784619510":{"entrytype":"Load Remote Match","status":"Pass","timestamp":1539132091555624326,"filepath":"tmp/spdx-license-iepd/xml/xsd/spdx-seva-ref.xsd","digest":"8bc00be06da1e07a6478cedeaee3f134ee341e9c0742b775273ea346f6d21324","message":"Loaded Remote Resource"},"1539132091784627697":{"entrytype":"Authenticity Check","status":"Pass","timestamp":1539132091784625592,"filepath":"xml/xsd/spdx-seva-ref.xsd","digest":"8bc00be06da1e07a6478cedeaee3f134ee341e9c0742b775273ea346f6d21324","message":"spdx-seva-ref.xsd matches authoritative source"},"1539132091799388170":{"entrytype":"Load Remote Match","status":"Pass","timestamp":1539132091784630841,"filepath":"tmp/spdx-license-iepd/xml/instance/spdx-license-test-data.xml","digest":"39dff9fb41d4d5d34fb1bdd9055e3adcd6de67f5498c0313b597d28221ade722","message":"Loaded Remote Resource"},"1539132091799393703":{"entrytype":"Authenticity Check","status":"Pass","timestamp":1539132091799391673,"filepath":"xml/instance/spdx-license-test-data.xml","digest":"39dff9fb41d4d5d34fb1bdd9055e3adcd6de67f5498c0313b597d28221ade722","message":"spdx-license-test-data.xml matches authoritative source"},"1539132091799412213":{"entrytype":"GenerateResource","status":"Pass","timestamp":1539132091799452425,"filepath":"spdx-license-iep.xsd","xslpath":"tmp/spdx-license-iepd/xml/xsl/spdx-license-iep.xsl","digest":"3a42dab5970cad8762163d748e8841ef6bb96b9b45ff2c20e687b98b90b08104"},"1539132091876528928":{"entrytype":"GenerateResource","status":"Pass","timestamp":1539132091876543836,"filepath":"spdx-license-instance.xml","xslpath":"tmp/spdx-license-iepd/xml/xsl/spdx-license-instance.xsl","digest":"f08d3e833d5fcf142102d7fc2f1c6a9688f773d51a6505b9ca474fac936219c9"},"1539132091880015884":{"entrytype":"GenerateResource","status":"Pass","timestamp":1539132091880027241,"filepath":"spdx-license-ref-xsd.json","xslpath":"tmp/spdx-license-iepd/xml/xsl/common/xsd-json.xsl","digest":"0e6d3fc93136edfc4fa16fbdc732a977f017d1511241ec23d93ff6f918eb3dca"},"1539132092036292035":{"entrytype":"GenerateResource","status":"Pass","timestamp":1539132092036305607,"filepath":"spdx-license-iep-xsd.json","xslpath":"tmp/spdx-license-iepd/xml/xsl/common/xsd-json.xsl","digest":"1249c2fee641a8c2d8be7fb86969dde7df4417ce6496a7417145dc26ec62cd4d"},"1539132092039841673":{"entrytype":"GenerateResource","status":"Pass","timestamp":1539132092039852368,"filepath":"spdx-license-instance.json","xslpath":"tmp/spdx-license-iepd/xml/xsl/common/xml-json.xsl","digest":"bec871e6f57f3627ad5e04e12bdfedb940db6f08683af89be6995e2624a81562"},"1539132092042289761":{"entrytype":"GenerateResource","status":"Pass","timestamp":1539132092042299378,"filepath":"spdx-license-struct.go","xslpath":"tmp/spdx-license-iepd/xml/xsl/spdx-license-go-gen.xsl","digest":"97c3c676697d215f4a424c7f2eede621ac52a4e771907ee5a273fd1ef30498f9"},"1539132092048963645":{"entrytype":"GenerateResource","status":"Pass","timestamp":1539132092048979227,"filepath":"spdx-license-struct_test.go","xslpath":"tmp/spdx-license-iepd/xml/xsl/spdx-license-go-test-gen.xsl","digest":"c72b1f19f58cb20ea0dad474de1d3db296f74635b7de16121a0c1edf601cd055"},"1539132092052806163":{"entrytype":"Marshal Data","status":"Pass","timestamp":1539132092052945438,"filepath":"spdx-license-instance-golang.xml","digest":"f901a106efe2dd1795624e681ef045b712723fce3bebbbc56e41faa82d506388"},"1539132092052962094":{"entrytype":"Validate","status":"Pass","timestamp":1539132092052963285,"filepath":"tmp/spdx-license-iepd/xml/xsd/spdx-seva-ref.xsd","xsdpath":"tmp/spdx-license-iepd/xml/xsd/ext/w3c/XMLSchema.xsd","valid":true},"1539132107306532906":{"entrytype":"Validate","status":"Pass","timestamp":1539132107306536616,"filepath":"tmp/spdx-license-iepd/xml/xsd/spdx-license-iep.xsd","xsdpath":"tmp/spdx-license-iepd/xml/xsd/ext/w3c/XMLSchema.xsd","valid":true},"1539132122534761066":{"entrytype":"Validate","status":"Pass","timestamp":1539132122534767558,"filepath":"tmp/spdx-license-iepd/xml/instance/spdx-license-instance.xml","xsdpath":"tmp/spdx-license-iepd/xml/xsd/spdx-license-iep.xsd","valid":true},"1539132122536489064":{"entrytype":"Validate","status":"Pass","timestamp":1539132122536495377,"filepath":"tmp/spdx-license-iepd/xml/instance/spdx-license-instance.xml","xsdpath":"tmp/spdx-license-iepd/xml/xsd/spdx-seva-ref.xsd","valid":true},"1539132122572942714":{"entrytype":"Validate","status":"Pass","timestamp":1539132122572947636,"filepath":"tmp/spdx-license-iepd/xml/instance/spdx-license-instance-golang.xml","xsdpath":"tmp/spdx-license-iepd/xml/xsd/spdx-license-iep.xsd","valid":true},"1539132122573683138":{"entrytype":"Validate","status":"Pass","timestamp":1539132122573685200,"filepath":"tmp/spdx-license-iepd/xml/instance/spdx-license-instance-golang.xml","xsdpath":"tmp/spdx-license-iepd/xml/xsd/spdx-seva-ref.xsd","valid":true}}