{"1539684341027351955":{"entrytype":"Load Remote Match","status":"Pass","timestamp":1539684340413735032,"filepath":"tmp/spdx-license-iepd/xml/xsd/spdx-xml-ref.xsd","digest":"026e646a857a1eb3b91291594d746cee5e17560bf46cd43f797c3788d7f36141","message":"Loaded Remote Resource"},"1539684341027356592":{"entrytype":"Authenticity Check","status":"Pass","timestamp":1539684341027355049,"filepath":"xml/xsd/spdx-xml-ref.xsd","digest":"026e646a857a1eb3b91291594d746cee5e17560bf46cd43f797c3788d7f36141","message":"spdx-xml-ref.xsd matches authoritative source"},"1539684341238196111":{"entrytype":"Load Remote Match","status":"Pass","timestamp":1539684341027358633,"filepath":"tmp/spdx-license-iepd/xml/instance/spdx-license-test-data.xml","digest":"39dff9fb41d4d5d34fb1bdd9055e3adcd6de67f5498c0313b597d28221ade722","message":"Loaded Remote Resource"},"1539684341238203079":{"entrytype":"Authenticity Check","status":"Pass","timestamp":1539684341238200328,"filepath":"xml/instance/spdx-license-test-data.xml","digest":"39dff9fb41d4d5d34fb1bdd9055e3adcd6de67f5498c0313b597d28221ade722","message":"spdx-license-test-data.xml matches authoritative source"},"1539684341238229484":{"entrytype":"GenerateResource","status":"Pass","timestamp":1539684341238256426,"filepath":"spdx-license-iep.xsd","xslpath":"tmp/spdx-license-iepd/xml/xsl/spdx-license-iep.xsl","digest":"72d25f59322879b0a50271ce16b4939bd4eff0698e4a551971353924f136cb95"},"1539684341309564090":{"entrytype":"GenerateResource","status":"Pass","timestamp":1539684341309577747,"filepath":"spdx-license-instance.xml","xslpath":"tmp/spdx-license-iepd/xml/xsl/spdx-license-instance.xsl","digest":"ff844be7b43f008def99a3503f6ad02d82c57c26ce0d927bc76565a9d7493e1e"},"1539684341313074165":{"entrytype":"GenerateResource","status":"Pass","timestamp":1539684341313087124,"filepath":"spdx-xml-ref-xsd.json","xslpath":"tmp/spdx-license-iepd/xml/xsl/common/xsd-json.xsl","digest":"8bc866bddd29e98ecc67f1c2b8f1d2a0b86b75a4c0a228343fd9e2baa4e0a7c3"},"1539684341471868390":{"entrytype":"GenerateResource","status":"Pass","timestamp":1539684341471880790,"filepath":"spdx-license-iep-xsd.json","xslpath":"tmp/spdx-license-iepd/xml/xsl/common/xsd-json.xsl","digest":"c124023868a91f25eacd2fb76baaa324da7fe5f32b8a60aa73e68f0490781709"},"1539684341475588055":{"entrytype":"GenerateResource","status":"Pass","timestamp":1539684341475600572,"filepath":"spdx-license-instance.json","xslpath":"tmp/spdx-license-iepd/xml/xsl/common/xml-json.xsl","digest":"939c60c70df1c1fe4d57d1d7c166b7949db00ee1dadebf6f7efe5cc6797d80af"},"1539684341477880343":{"entrytype":"GenerateResource","status":"Pass","timestamp":1539684341477887466,"filepath":"spdx-license-struct.go","xslpath":"tmp/spdx-license-iepd/xml/xsl/spdx-license-go-gen.xsl","digest":"b4319fbe5d82a4fe074c97eb8deff34785368961df5b0dfecab15fd4d869ba2d"},"1539684341481620177":{"entrytype":"GenerateResource","status":"Pass","timestamp":1539684341481634518,"filepath":"spdx-license-struct_test.go","xslpath":"tmp/spdx-license-iepd/xml/xsl/spdx-license-go-test-gen.xsl","digest":"442e2c563d9632d0b309d396f86db1bd4180c57dee9c8969aa5c10b8c4871832"},"1539684341485433946":{"entrytype":"Marshal Data","status":"Pass","timestamp":1539684341485573609,"filepath":"spdx-license-instance-golang.xml","digest":"a3d5a1bcf210c2a3fb46890a60843c7ee434a8d6efc9f86cc69d78bf357b963d"},"1539684341485589584":{"entrytype":"Validate","status":"Pass","timestamp":1539684341485590666,"filepath":"tmp/spdx-license-iepd/xml/xsd/spdx-xml-ref.xsd","xsdpath":"tmp/spdx-license-iepd/xml/xsd/ext/w3c/XMLSchema.xsd","valid":true},"1539684356709221774":{"entrytype":"Validate","status":"Pass","timestamp":1539684356709224362,"filepath":"tmp/spdx-license-iepd/xml/xsd/spdx-license-iep.xsd","xsdpath":"tmp/spdx-license-iepd/xml/xsd/ext/w3c/XMLSchema.xsd","valid":true},"1539684371904054127":{"entrytype":"Validate","status":"Pass","timestamp":1539684371904056321,"filepath":"tmp/spdx-license-iepd/xml/instance/spdx-license-instance.xml","xsdpath":"tmp/spdx-license-iepd/xml/xsd/spdx-license-iep.xsd","valid":true},"1539684371904374634":{"entrytype":"Validate","status":"Pass","timestamp":1539684371904376338,"filepath":"tmp/spdx-license-iepd/xml/instance/spdx-license-instance.xml","xsdpath":"tmp/spdx-license-iepd/xml/xsd/spdx-xml-ref.xsd","valid":true},"1539684371911155397":{"entrytype":"Validate","status":"Pass","timestamp":1539684371911158364,"filepath":"tmp/spdx-license-iepd/xml/instance/spdx-license-instance-golang.xml","xsdpath":"tmp/spdx-license-iepd/xml/xsd/spdx-license-iep.xsd","valid":true},"1539684371911516783":{"entrytype":"Validate","status":"Pass","timestamp":1539684371911517903,"filepath":"tmp/spdx-license-iepd/xml/instance/spdx-license-instance-golang.xml","xsdpath":"tmp/spdx-license-iepd/xml/xsd/spdx-xml-ref.xsd","valid":true}}