{"AnyLicenseInfoType":{"xsdnode":"complexType","name":"AnyLicenseInfoType","documentation":"A data type for AnyLicenseInfo type","sequence":{}},"CommentTextType":{"xsdnode":"complexType","name":"CommentTextType","documentation":"A data type for CommentText","datatype":"string"},"IsDeprecatedLicenseIDType":{"xsdnode":"complexType","name":"IsDeprecatedLicenseIDType","documentation":"A data type that indicates if the license id is Deprecated.","datatype":"boolean"},"IsFsfLibreType":{"xsdnode":"complexType","name":"IsFsfLibreType","documentation":"A data type to indicate if the license is is FSF Libre.","datatype":"boolean"},"IsOsiApprovedIndicatorType":{"xsdnode":"complexType","name":"IsOsiApprovedIndicatorType","documentation":"A data type for Indicates if the OSI has approved the license.","datatype":"boolean"},"LicenseIDType":{"xsdnode":"complexType","name":"LicenseIDType","documentation":"A data type for A human readable short form license identifier for a license. The license ID is iether on the standard license oist or the form LicenseRef-[idString] where [idString] is a unique string containing letters, numbers, ., - or +.","datatype":"string"},"LicenseTextType":{"xsdnode":"complexType","name":"LicenseTextType","documentation":"A data type for Full text of the license.","datatype":"string"},"LicenseType":{"xsdnode":"complexType","name":"LicenseType","documentation":"A data type for License type","sequence":{"IsDeprecatedLicenseID":{"xsdnode":"element","ref":"IsDeprecatedLicenseID","minOccurs":"0"},"IsOsiApprovedIndicator":{"xsdnode":"element","ref":"IsOsiApprovedIndicator","minOccurs":"1"},"IsFsfLibreIndicator":{"xsdnode":"element","ref":"IsFsfLibreIndicator","minOccurs":"0"},"StandardLicenseHeaderText":{"xsdnode":"element","ref":"StandardLicenseHeaderText","minOccurs":"0"},"LicenseText":{"xsdnode":"element","ref":"LicenseText","minOccurs":"1"},"StandardLicenseTemplateText":{"xsdnode":"element","ref":"StandardLicenseTemplateText","minOccurs":"1"}}},"NameType":{"xsdnode":"complexType","name":"NameType","documentation":"A data type for The full human readable name of the item. This should include version information when applicable.","datatype":"string"},"SeeAlsoURIType":{"xsdnode":"complexType","name":"SeeAlsoURIType","documentation":"A data type for rdfs:seeAlso is an instance of rdf:Property that is used to indicate a resource that might provide additional information about the subject resource.","datatype":"anyURI"},"SimpleLicensingInfoType":{"xsdnode":"complexType","name":"SimpleLicensingInfoType","documentation":"A data type for SimpleLicensingInfo type","sequence":{"LicenseID":{"xsdnode":"element","ref":"LicenseID","minOccurs":"1","maxOccurs":"1"},"CommentText":{"xsdnode":"element","ref":"CommentText","maxOccurs":"1"},"SeeAlsoURI":{"xsdnode":"element","ref":"SeeAlsoURI","minOccurs":"0"},"Name":{"xsdnode":"element","ref":"Name","minOccurs":"1","maxOccurs":"1"}}},"StandardLicenseHeaderTextType":{"xsdnode":"complexType","name":"StandardLicenseHeaderTextType","documentation":"A data type for License author's preferred text to indicated that a file is covered by the license.","datatype":"string"},"StandardLicenseTemplateTextType":{"xsdnode":"complexType","name":"StandardLicenseTemplateTextType","documentation":"A data type for License template which describes sections of the license which can be varied. See License Template section of the specification for format information.","datatype":"string"},"CommentText":{"xsdnode":"element","name":"CommentText","type":"CommentTextType","nillable":"true","documentation":"A data type for CommentText"},"IsDeprecatedLicenseID":{"xsdnode":"element","name":"IsDeprecatedLicenseID","type":"IsDeprecatedLicenseIDType","nillable":"true","documentation":"A data item that indicates if the license id is Deprecated."},"IsFsfLibreIndicator":{"xsdnode":"element","name":"IsFsfLibreIndicator","type":"IsFsfLibreType","nillable":"true","documentation":"True if the license is FSF Libre; false if not or unknown."},"IsOsiApprovedIndicator":{"xsdnode":"element","name":"IsOsiApprovedIndicator","type":"IsOsiApprovedIndicatorType","nillable":"true","documentation":"True if if the OSI has approved the license; false if not or unknown."},"License":{"xsdnode":"element","name":"License","type":"LicenseType","nillable":"true","documentation":"A data item for License"},"LicenseID":{"xsdnode":"element","name":"LicenseID","type":"LicenseIDType","nillable":"true","documentation":"A data type for A human readable short form license identifier for a license. The license ID is iether on the standard license oist or the form LicenseRef-[idString] where [idString] is a unique string containing letters, numbers, ., - or +."},"LicenseText":{"xsdnode":"element","name":"LicenseText","type":"LicenseTextType","nillable":"true","documentation":"A data type for Full text of the license."},"Name":{"xsdnode":"element","name":"Name","type":"NameType","nillable":"true","documentation":"A data type for The full human readable name of the item. This should include version information when applicable."},"SeeAlsoURI":{"xsdnode":"element","name":"SeeAlsoURI","type":"SeeAlsoURIType","nillable":"true","documentation":"A data type for rdfs:seeAlso is an instance of rdf:Property that is used to indicate a resource that might provide additional information about the subject resource."},"StandardLicenseHeaderText":{"xsdnode":"element","name":"StandardLicenseHeaderText","type":"StandardLicenseHeaderTextType","nillable":"true","documentation":"A data type for License author's preferred text to indicated that a file is covered by the license."},"StandardLicenseTemplateText":{"xsdnode":"element","name":"StandardLicenseTemplateText","type":"StandardLicenseTemplateTextType","nillable":"true","documentation":"A data type for License template which describes sections of the license which can be varied. See License Template section of the specification for format information."}}