{"License":{"name":"License","attributes":{"xsi:schemaLocation":"urn:spdx-xml:1.0  https://spdx-xml.specchain.org/spdx-license/file/iepxsd"},"LicenseID":{"name":"LicenseID","value":"Test string one"},"CommentText":{"name":"CommentText","value":"Test string one"},"SeeAlsoURI":{"name":"SeeAlsoURI","value":"http://anyuri.org"},"Name":{"name":"Name","value":"Test string one"},"IsDeprecatedLicenseID":{"name":"IsDeprecatedLicenseID","value":"true"},"IsOsiApprovedIndicator":{"name":"IsOsiApprovedIndicator","value":"true"},"IsFsfLibreIndicator":{"name":"IsFsfLibreIndicator","value":"true"},"StandardLicenseHeaderText":{"name":"StandardLicenseHeaderText","value":"Test string one"},"LicenseText":{"name":"LicenseText","value":"Test string one"},"StandardLicenseTemplateText":{"name":"StandardLicenseTemplateText","value":"Test string one"}}}