{"1540010222976678642":{"entrytype":"Load Remote Match","status":"Pass","timestamp":1540010222652965430,"filepath":"tmp/spdx-doc-iepd/xml/xsd/spdx-xml-ref.xsd","digest":"026e646a857a1eb3b91291594d746cee5e17560bf46cd43f797c3788d7f36141","message":"Loaded Remote Resource"},"1540010222979009360":{"entrytype":"Authenticity Check","status":"Pass","timestamp":1540010222979006614,"filepath":"xml/xsd/spdx-xml-ref.xsd","digest":"026e646a857a1eb3b91291594d746cee5e17560bf46cd43f797c3788d7f36141","message":"spdx-xml-ref.xsd matches authoritative source"},"1540010223119992053":{"entrytype":"Load Remote Match","status":"Pass","timestamp":1540010222980887871,"filepath":"tmp/spdx-doc-iepd/xml/instance/spdx-doc-test-data.xml","digest":"a07f3c4e4cbff51467b486eb8dc2d2dddf75bf7098ad74ae166bff7fc67c7d83","message":"Loaded Remote Resource"},"1540010223137742857":{"entrytype":"Authenticity Check","status":"Pass","timestamp":1540010223137738759,"filepath":"xml/instance/spdx-doc-test-data.xml","digest":"a07f3c4e4cbff51467b486eb8dc2d2dddf75bf7098ad74ae166bff7fc67c7d83","message":"spdx-doc-test-data.xml matches authoritative source"},"1540010223278650863":{"entrytype":"GenerateResource","status":"Pass","timestamp":1540010223139633609,"filepath":"spdx-doc-iep.xsd","xslpath":"tmp/spdx-doc-iepd/xml/xsl/spdx-doc-iep.xsl","digest":"fa16f865aec2df5a606a35995af783650c1410e36ac0764e5f4e76c40511474c"},"1540010223286982418":{"entrytype":"GenerateResource","status":"Pass","timestamp":1540010223280256288,"filepath":"spdx-doc-instance.xml","xslpath":"tmp/spdx-doc-iepd/xml/xsl/spdx-doc-instance.xsl","digest":"a088961a997c1b012ab315f44c18e8be953756492017859f0ccc9abd07c92ea3"},"1540010223450611500":{"entrytype":"GenerateResource","status":"Pass","timestamp":1540010223294820840,"filepath":"spdx-xml-ref-xsd.json","xslpath":"tmp/spdx-doc-iepd/xml/xsl/common/xsd-json.xsl","digest":"8bc866bddd29e98ecc67f1c2b8f1d2a0b86b75a4c0a228343fd9e2baa4e0a7c3"},"1540010223464541622":{"entrytype":"GenerateResource","status":"Pass","timestamp":1540010223458276245,"filepath":"spdx-doc-iep-xsd.json","xslpath":"tmp/spdx-doc-iepd/xml/xsl/common/xsd-json.xsl","digest":"356c61e92a833fdc9086615835e339fbef4c3fd0bdddbe574dec83ea8845e39e"},"1540010223472223808":{"entrytype":"GenerateResource","status":"Pass","timestamp":1540010223469222521,"filepath":"spdx-doc-instance.json","xslpath":"tmp/spdx-doc-iepd/xml/xsl/common/xml-json.xsl","digest":"be9b857a10514b1df8ddc5405c1f32316a1d68f310831039adf4e669198dbebe"},"1540010223479664402":{"entrytype":"GenerateResource","status":"Pass","timestamp":1540010223474026050,"filepath":"spdx-doc-struct.go","xslpath":"tmp/spdx-doc-iepd/xml/xsl/spdx-doc-go-gen.xsl","digest":"c79513ed49796819dc0fcb34ceea3d9af9bdb2c828c9b83c8ce2ea513660e1ff"},"1540010223517553754":{"entrytype":"GenerateResource","status":"Pass","timestamp":1540010223497130088,"filepath":"spdx-doc-struct_test.go","xslpath":"tmp/spdx-doc-iepd/xml/xsl/spdx-doc-go-test-gen.xsl","digest":"8c5172d50bc9da5ef83aae08ec40d14a5ab0345cecee85573d9d7ecf86239532"},"1540010223519800602":{"entrytype":"Marshal Data","status":"Pass","timestamp":1540010223519518805,"filepath":"spdx-doc-instance-golang.xml","digest":"e3b0c44298fc1c149afbf4c8996fb92427ae41e4649b934ca495991b7852b855"},"1540010238781145499":{"entrytype":"Validate","status":"Pass","timestamp":1540010223522015799,"filepath":"tmp/spdx-doc-iepd/xml/xsd/spdx-xml-ref.xsd","xsdpath":"tmp/spdx-doc-iepd/xml/xsd/ext/w3c/XMLSchema.xsd","valid":true},"1540010254028952313":{"entrytype":"Validate","status":"Pass","timestamp":1540010238784385993,"filepath":"tmp/spdx-doc-iepd/xml/xsd/spdx-doc-iep.xsd","xsdpath":"tmp/spdx-doc-iepd/xml/xsd/ext/w3c/XMLSchema.xsd","valid":true},"1540010254043994432":{"entrytype":"Validate","status":"Pass","timestamp":1540010254040613669,"filepath":"tmp/spdx-doc-iepd/xml/instance/spdx-doc-instance.xml","xsdpath":"tmp/spdx-doc-iepd/xml/xsd/spdx-doc-iep.xsd","valid":true},"1540010254053806963":{"entrytype":"Validate","status":"Pass","timestamp":1540010254045980118,"filepath":"tmp/spdx-doc-iepd/xml/instance/spdx-doc-instance.xml","xsdpath":"tmp/spdx-doc-iepd/xml/xsd/spdx-xml-ref.xsd","valid":true},"1540010254056140859":{"entrytype":"Validate","status":"Fail","timestamp":1540010254055459881,"filepath":"tmp/spdx-doc-iepd/xml/instance/spdx-doc-instance-golang.xml","xsdpath":"tmp/spdx-doc-iepd/xml/xsd/spdx-doc-iep.xsd","errors[]":["invalid document"]},"1540010254064703686":{"entrytype":"Validate","status":"Fail","timestamp":1540010254057649207,"filepath":"tmp/spdx-doc-iepd/xml/instance/spdx-doc-instance-golang.xml","xsdpath":"tmp/spdx-doc-iepd/xml/xsd/spdx-xml-ref.xsd","errors[]":["invalid document"]},"1540010254177893637":{"entrytype":"Load Remote Match","status":"Pass","timestamp":1540010254156370040,"filepath":"tmp/spdx-license-iepd/xml/xsd/spdx-xml-ref.xsd","digest":"026e646a857a1eb3b91291594d746cee5e17560bf46cd43f797c3788d7f36141","message":"Loaded Remote Resource"},"1540010254195437806":{"entrytype":"Authenticity Check","status":"Pass","timestamp":1540010254195436694,"filepath":"xml/xsd/spdx-xml-ref.xsd","digest":"026e646a857a1eb3b91291594d746cee5e17560bf46cd43f797c3788d7f36141","message":"spdx-xml-ref.xsd matches authoritative source"},"1540010254325743391":{"entrytype":"Load Remote Match","status":"Pass","timestamp":1540010254199900596,"filepath":"tmp/spdx-license-iepd/xml/instance/spdx-license-test-data.xml","digest":"39dff9fb41d4d5d34fb1bdd9055e3adcd6de67f5498c0313b597d28221ade722","message":"Loaded Remote Resource"},"1540010254327609405":{"entrytype":"Authenticity Check","status":"Pass","timestamp":1540010254327607556,"filepath":"xml/instance/spdx-license-test-data.xml","digest":"39dff9fb41d4d5d34fb1bdd9055e3adcd6de67f5498c0313b597d28221ade722","message":"spdx-license-test-data.xml matches authoritative source"},"1540010254409820193":{"entrytype":"GenerateResource","status":"Pass","timestamp":1540010254329499171,"filepath":"spdx-license-iep.xsd","xslpath":"tmp/spdx-license-iepd/xml/xsl/spdx-license-iep.xsl","digest":"72d25f59322879b0a50271ce16b4939bd4eff0698e4a551971353924f136cb95"},"1540010254414852385":{"entrytype":"GenerateResource","status":"Pass","timestamp":1540010254411428901,"filepath":"spdx-license-instance.xml","xslpath":"tmp/spdx-license-iepd/xml/xsl/spdx-license-instance.xsl","digest":"ff844be7b43f008def99a3503f6ad02d82c57c26ce0d927bc76565a9d7493e1e"},"1540010254574758185":{"entrytype":"GenerateResource","status":"Pass","timestamp":1540010254416500656,"filepath":"spdx-xml-ref-xsd.json","xslpath":"tmp/spdx-license-iepd/xml/xsl/common/xsd-json.xsl","digest":"8bc866bddd29e98ecc67f1c2b8f1d2a0b86b75a4c0a228343fd9e2baa4e0a7c3"},"1540010254580340897":{"entrytype":"GenerateResource","status":"Pass","timestamp":1540010254576595964,"filepath":"spdx-license-iep-xsd.json","xslpath":"tmp/spdx-license-iepd/xml/xsl/common/xsd-json.xsl","digest":"c124023868a91f25eacd2fb76baaa324da7fe5f32b8a60aa73e68f0490781709"},"1540010254600206215":{"entrytype":"GenerateResource","status":"Pass","timestamp":1540010254597717126,"filepath":"spdx-license-instance.json","xslpath":"tmp/spdx-license-iepd/xml/xsl/common/xml-json.xsl","digest":"939c60c70df1c1fe4d57d1d7c166b7949db00ee1dadebf6f7efe5cc6797d80af"},"1540010254605369478":{"entrytype":"GenerateResource","status":"Pass","timestamp":1540010254601812648,"filepath":"spdx-license-struct.go","xslpath":"tmp/spdx-license-iepd/xml/xsl/spdx-license-go-gen.xsl","digest":"b4319fbe5d82a4fe074c97eb8deff34785368961df5b0dfecab15fd4d869ba2d"},"1540010254610905749":{"entrytype":"GenerateResource","status":"Pass","timestamp":1540010254606930517,"filepath":"spdx-license-struct_test.go","xslpath":"tmp/spdx-license-iepd/xml/xsl/spdx-license-go-test-gen.xsl","digest":"442e2c563d9632d0b309d396f86db1bd4180c57dee9c8969aa5c10b8c4871832"},"1540010254612560347":{"entrytype":"Marshal Data","status":"Pass","timestamp":1540010254612547097,"filepath":"spdx-license-instance-golang.xml","digest":"e3b0c44298fc1c149afbf4c8996fb92427ae41e4649b934ca495991b7852b855"},"1540010269816242952":{"entrytype":"Validate","status":"Pass","timestamp":1540010254614063770,"filepath":"tmp/spdx-license-iepd/xml/xsd/spdx-xml-ref.xsd","xsdpath":"tmp/spdx-license-iepd/xml/xsd/ext/w3c/XMLSchema.xsd","valid":true},"1540010285043189424":{"entrytype":"Validate","status":"Pass","timestamp":1540010269820814390,"filepath":"tmp/spdx-license-iepd/xml/xsd/spdx-license-iep.xsd","xsdpath":"tmp/spdx-license-iepd/xml/xsd/ext/w3c/XMLSchema.xsd","valid":true},"1540010285047879838":{"entrytype":"Validate","status":"Pass","timestamp":1540010285047557046,"filepath":"tmp/spdx-license-iepd/xml/instance/spdx-license-instance.xml","xsdpath":"tmp/spdx-license-iepd/xml/xsd/spdx-license-iep.xsd","valid":true},"1540010285062706069":{"entrytype":"Validate","status":"Pass","timestamp":1540010285054518262,"filepath":"tmp/spdx-license-iepd/xml/instance/spdx-license-instance.xml","xsdpath":"tmp/spdx-license-iepd/xml/xsd/spdx-xml-ref.xsd","valid":true},"1540010285083865278":{"entrytype":"Validate","status":"Fail","timestamp":1540010285083397100,"filepath":"tmp/spdx-license-iepd/xml/instance/spdx-license-instance-golang.xml","xsdpath":"tmp/spdx-license-iepd/xml/xsd/spdx-license-iep.xsd","errors[]":["invalid document"]},"1540010285098917091":{"entrytype":"Validate","status":"Fail","timestamp":1540010285090608608,"filepath":"tmp/spdx-license-iepd/xml/instance/spdx-license-instance-golang.xml","xsdpath":"tmp/spdx-license-iepd/xml/xsd/spdx-xml-ref.xsd","errors[]":["invalid document"]},"1540010285208139946":{"entrytype":"Load Remote Match","status":"Pass","timestamp":1540010285187313151,"filepath":"tmp/spdx-security-iepd/xml/xsd/spdx-xml-ref.xsd","digest":"026e646a857a1eb3b91291594d746cee5e17560bf46cd43f797c3788d7f36141","message":"Loaded Remote Resource"},"1540010285235428075":{"entrytype":"Authenticity Check","status":"Pass","timestamp":1540010285235425657,"filepath":"xml/xsd/spdx-xml-ref.xsd","digest":"026e646a857a1eb3b91291594d746cee5e17560bf46cd43f797c3788d7f36141","message":"spdx-xml-ref.xsd matches authoritative source"},"1540010285378460310":{"entrytype":"Load Remote Match","status":"Pass","timestamp":1540010285239765367,"filepath":"tmp/spdx-security-iepd/xml/instance/spdx-security-test-data.xml","digest":"e76aadd1a163f2e562fb4ae321c265223ef025bdea3fcf976aaa0c733b0c66f1","message":"Loaded Remote Resource"},"1540010285385848834":{"entrytype":"Authenticity Check","status":"Pass","timestamp":1540010285385845459,"filepath":"xml/instance/spdx-security-test-data.xml","digest":"e76aadd1a163f2e562fb4ae321c265223ef025bdea3fcf976aaa0c733b0c66f1","message":"spdx-security-test-data.xml matches authoritative source"},"1540010285700148866":{"entrytype":"GenerateResource","status":"Pass","timestamp":1540010285396636763,"filepath":"spdx-security-iep.xsd","xslpath":"tmp/spdx-security-iepd/xml/xsl/spdx-security-iep.xsl","digest":"8acf35a67b2c970490c310b5917328ec4ce449c4ed0e3e533765e3e5c6cbb872"},"1540010285812277393":{"entrytype":"GenerateResource","status":"Pass","timestamp":1540010285702130804,"filepath":"spdx-security-instance.xml","xslpath":"tmp/spdx-security-iepd/xml/xsl/spdx-security-instance.xsl","digest":"8294cbb8bf1d73962d6ec6c56823bdacdc71bf98f140bb9d353657b9dfbb31ee"},"1540010285973140931":{"entrytype":"GenerateResource","status":"Pass","timestamp":1540010285814581639,"filepath":"spdx-security-ref-xsd.json","xslpath":"tmp/spdx-security-iepd/xml/xsl/common/xsd-json.xsl","digest":"8bc866bddd29e98ecc67f1c2b8f1d2a0b86b75a4c0a228343fd9e2baa4e0a7c3"},"1540010286051130343":{"entrytype":"GenerateResource","status":"Pass","timestamp":1540010285975190049,"filepath":"spdx-security-iep-xsd.json","xslpath":"tmp/spdx-security-iepd/xml/xsl/common/xsd-json.xsl","digest":"90243f7aa91616175a5a48b4d2a1910ffde3840c6847a81ba2f34f81081499aa"},"1540010286081039852":{"entrytype":"GenerateResource","status":"Pass","timestamp":1540010286068483321,"filepath":"spdx-security-instance.json","xslpath":"tmp/spdx-security-iepd/xml/xsl/common/xml-json.xsl","digest":"f6e737c874e73e8e5dca2caa1fc0d41611b919eeee702477c47e65ce849606ed"},"1540010286122071106":{"entrytype":"GenerateResource","status":"Pass","timestamp":1540010286082835306,"filepath":"spdx-security-struct.go","xslpath":"tmp/spdx-security-iepd/xml/xsl/spdx-security-go-gen.xsl","digest":"377f34db556f2a22b6bb3fabed67e9c5d0009b12d82fe7335725a3bd8489ed2b"},"1540010286141576782":{"entrytype":"GenerateResource","status":"Pass","timestamp":1540010286123840501,"filepath":"spdx-security-struct_test.go","xslpath":"tmp/spdx-security-iepd/xml/xsl/spdx-security-go-test-gen.xsl","digest":"b46dbf73d3e3d891b0afbacc5ba32fdfb8bf2bfaae35abf460089a1b2ae99d7b"},"1540010286143599421":{"entrytype":"Marshal Data","status":"Pass","timestamp":1540010286143587633,"filepath":"spdx-security-instance-golang.xml","digest":"e3b0c44298fc1c149afbf4c8996fb92427ae41e4649b934ca495991b7852b855"},"1540010301567997287":{"entrytype":"Validate","status":"Pass","timestamp":1540010286145735660,"filepath":"tmp/spdx-security-iepd/xml/xsd/spdx-xml-ref.xsd","xsdpath":"tmp/spdx-security-iepd/xml/xsd/ext/w3c/XMLSchema.xsd","valid":true},"1540010316787980399":{"entrytype":"Validate","status":"Pass","timestamp":1540010301569811872,"filepath":"tmp/spdx-security-iepd/xml/xsd/spdx-security-iep.xsd","xsdpath":"tmp/spdx-security-iepd/xml/xsd/ext/w3c/XMLSchema.xsd","valid":true},"1540010316795466186":{"entrytype":"Validate","status":"Pass","timestamp":1540010316791363529,"filepath":"tmp/spdx-security-iepd/xml/instance/spdx-security-instance.xml","xsdpath":"tmp/spdx-security-iepd/xml/xsd/spdx-security-iep.xsd","valid":true},"1540010316821107421":{"entrytype":"Validate","status":"Pass","timestamp":1540010316812642070,"filepath":"tmp/spdx-security-iepd/xml/instance/spdx-security-instance.xml","xsdpath":"tmp/spdx-security-iepd/xml/xsd/spdx-xml-ref.xsd","valid":true},"1540010316826374998":{"entrytype":"Validate","status":"Fail","timestamp":1540010316822652875,"filepath":"tmp/spdx-security-iepd/xml/instance/spdx-security-instance-golang.xml","xsdpath":"tmp/spdx-security-iepd/xml/xsd/spdx-security-iep.xsd","errors[]":["invalid document"]},"1540010316835549447":{"entrytype":"Validate","status":"Fail","timestamp":1540010316827887109,"filepath":"tmp/spdx-security-iepd/xml/instance/spdx-security-instance-golang.xml","xsdpath":"tmp/spdx-security-iepd/xml/xsd/spdx-xml-ref.xsd","errors[]":["invalid document"]},"1540010316945267136":{"entrytype":"Load Remote Match","status":"Pass","timestamp":1540010316920761529,"filepath":"tmp/spdx-sec-ism-iepd/xml/xsd/spdx-xml-ref.xsd","digest":"026e646a857a1eb3b91291594d746cee5e17560bf46cd43f797c3788d7f36141","message":"Loaded Remote Resource"},"1540010316962616067":{"entrytype":"Authenticity Check","status":"Pass","timestamp":1540010316962615089,"filepath":"xml/xsd/spdx-xml-ref.xsd","digest":"026e646a857a1eb3b91291594d746cee5e17560bf46cd43f797c3788d7f36141","message":"spdx-xml-ref.xsd matches authoritative source"},"1540010317102897366":{"entrytype":"Load Remote Match","status":"Pass","timestamp":1540010316964182425,"filepath":"tmp/spdx-sec-ism-iepd/xml/instance/spdx-sec-ism-test-data.xml","digest":"9f7823926838648ab97d13486edf181fb98896659c3e39ca78e817b76258508a","message":"Loaded Remote Resource"},"1540010317105960070":{"entrytype":"Authenticity Check","status":"Pass","timestamp":1540010317105956809,"filepath":"xml/instance/spdx-sec-ism-test-data.xml","digest":"9f7823926838648ab97d13486edf181fb98896659c3e39ca78e817b76258508a","message":"spdx-sec-ism-test-data.xml matches authoritative source"},"1540010317416288440":{"entrytype":"GenerateResource","status":"Pass","timestamp":1540010317108068820,"filepath":"spdx-sec-ism-iep.xsd","xslpath":"tmp/spdx-sec-ism-iepd/xml/xsl/spdx-sec-ism-iep.xsl","digest":"fd28ddf560fd06b46d71475b206364215efe21c8d5ec31c52de49b7027fcd70a"},"1540010317480493130":{"entrytype":"GenerateResource","status":"Pass","timestamp":1540010317419498701,"filepath":"spdx-sec-ism-instance.xml","xslpath":"tmp/spdx-sec-ism-iepd/xml/xsl/spdx-sec-ism-instance.xsl","digest":"8f728e4416a9197bb41acbe1a2402b68637b6abe5b423b5e3982bd57e53a4f31"},"1540010317639316080":{"entrytype":"GenerateResource","status":"Pass","timestamp":1540010317483430422,"filepath":"spdx-sec-ism-ref-xsd.json","xslpath":"tmp/spdx-sec-ism-iepd/xml/xsl/common/xsd-json.xsl","digest":"8bc866bddd29e98ecc67f1c2b8f1d2a0b86b75a4c0a228343fd9e2baa4e0a7c3"},"1540010317712004218":{"entrytype":"GenerateResource","status":"Pass","timestamp":1540010317642441903,"filepath":"spdx-sec-ism-iep-xsd.json","xslpath":"tmp/spdx-sec-ism-iepd/xml/xsl/common/xsd-json.xsl","digest":"90243f7aa91616175a5a48b4d2a1910ffde3840c6847a81ba2f34f81081499aa"},"1540010317749544179":{"entrytype":"GenerateResource","status":"Pass","timestamp":1540010317730673688,"filepath":"spdx-sec-ism-instance.json","xslpath":"tmp/spdx-sec-ism-iepd/xml/xsl/common/xml-json.xsl","digest":"ce1e3145362c2821433be76bdf62afed05b5689e8e13d814511cf57ba8d7cae9"},"1540010317793025645":{"entrytype":"GenerateResource","status":"Pass","timestamp":1540010317751499523,"filepath":"spdx-sec-ism-struct.go","xslpath":"tmp/spdx-sec-ism-iepd/xml/xsl/spdx-sec-ism-go-gen.xsl","digest":"377f34db556f2a22b6bb3fabed67e9c5d0009b12d82fe7335725a3bd8489ed2b"},"1540010317815263210":{"entrytype":"GenerateResource","status":"Pass","timestamp":1540010317797731610,"filepath":"spdx-sec-ism-struct_test.go","xslpath":"tmp/spdx-sec-ism-iepd/xml/xsl/spdx-sec-ism-go-test-gen.xsl","digest":"359fd47968d185bc99d1f848d54d80bd0db4ec96853eca9a2ab64f501df39f87"},"1540010317817562656":{"entrytype":"Marshal Data","status":"Pass","timestamp":1540010317817552463,"filepath":"spdx-sec-ism-instance-golang.xml","digest":"e3b0c44298fc1c149afbf4c8996fb92427ae41e4649b934ca495991b7852b855"},"1540010333034301440":{"entrytype":"Validate","status":"Pass","timestamp":1540010317819239363,"filepath":"tmp/spdx-sec-ism-iepd/xml/xsd/spdx-xml-ref.xsd","xsdpath":"tmp/spdx-sec-ism-iepd/xml/xsd/ext/w3c/XMLSchema.xsd","valid":true},"1540010348283529627":{"entrytype":"Validate","status":"Pass","timestamp":1540010333040573881,"filepath":"tmp/spdx-sec-ism-iepd/xml/xsd/spdx-sec-ism-iep.xsd","xsdpath":"tmp/spdx-sec-ism-iepd/xml/xsd/ext/w3c/XMLSchema.xsd","valid":true},"1540010348302616233":{"entrytype":"Validate","status":"Pass","timestamp":1540010348287142173,"filepath":"tmp/spdx-sec-ism-iepd/xml/instance/spdx-sec-ism-instance.xml","xsdpath":"tmp/spdx-sec-ism-iepd/xml/xsd/spdx-sec-ism-iep.xsd","valid":true},"1540010348325497678":{"entrytype":"Validate","status":"Pass","timestamp":1540010348304540091,"filepath":"tmp/spdx-sec-ism-iepd/xml/instance/spdx-sec-ism-instance.xml","xsdpath":"tmp/spdx-sec-ism-iepd/xml/xsd/spdx-xml-ref.xsd","valid":true},"1540010348348317738":{"entrytype":"Validate","status":"Fail","timestamp":1540010348342979586,"filepath":"tmp/spdx-sec-ism-iepd/xml/instance/spdx-sec-ism-instance-golang.xml","xsdpath":"tmp/spdx-sec-ism-iepd/xml/xsd/spdx-sec-ism-iep.xsd","errors[]":["invalid document"]},"1540010348360968840":{"entrytype":"Validate","status":"Fail","timestamp":1540010348353879063,"filepath":"tmp/spdx-sec-ism-iepd/xml/instance/spdx-sec-ism-instance-golang.xml","xsdpath":"tmp/spdx-sec-ism-iepd/xml/xsd/spdx-xml-ref.xsd","errors[]":["invalid document"]},"1540010348496219343":{"entrytype":"Load Remote Match","status":"Pass","timestamp":1540010348448883645,"filepath":"tmp/spdx-doc-iepd/xml/xsd/spdx-xml-ref.xsd","digest":"026e646a857a1eb3b91291594d746cee5e17560bf46cd43f797c3788d7f36141","message":"Loaded Remote Resource"},"1540010348498673557":{"entrytype":"Authenticity Check","status":"Pass","timestamp":1540010348498670596,"filepath":"xml/xsd/spdx-xml-ref.xsd","digest":"026e646a857a1eb3b91291594d746cee5e17560bf46cd43f797c3788d7f36141","message":"spdx-xml-ref.xsd matches authoritative source"},"1540010348521851977":{"entrytype":"Load Remote Match","status":"Pass","timestamp":1540010348500702489,"filepath":"tmp/spdx-doc-iepd/xml/instance/spdx-doc-test-data.xml","digest":"a07f3c4e4cbff51467b486eb8dc2d2dddf75bf7098ad74ae166bff7fc67c7d83","message":"Loaded Remote Resource"},"1540010348523607467":{"entrytype":"Authenticity Check","status":"Pass","timestamp":1540010348523606154,"filepath":"xml/instance/spdx-doc-test-data.xml","digest":"a07f3c4e4cbff51467b486eb8dc2d2dddf75bf7098ad74ae166bff7fc67c7d83","message":"spdx-doc-test-data.xml matches authoritative source"},"1540010348641362608":{"entrytype":"GenerateResource","status":"Pass","timestamp":1540010348525333607,"filepath":"spdx-doc-iep.xsd","xslpath":"tmp/spdx-doc-iepd/xml/xsl/spdx-doc-iep.xsl","digest":"fa16f865aec2df5a606a35995af783650c1410e36ac0764e5f4e76c40511474c"},"1540010348649887357":{"entrytype":"GenerateResource","status":"Pass","timestamp":1540010348643111921,"filepath":"spdx-doc-instance.xml","xslpath":"tmp/spdx-doc-iepd/xml/xsl/spdx-doc-instance.xsl","digest":"a088961a997c1b012ab315f44c18e8be953756492017859f0ccc9abd07c92ea3"},"1540010348815136553":{"entrytype":"GenerateResource","status":"Pass","timestamp":1540010348651438973,"filepath":"spdx-xml-ref-xsd.json","xslpath":"tmp/spdx-doc-iepd/xml/xsl/common/xsd-json.xsl","digest":"8bc866bddd29e98ecc67f1c2b8f1d2a0b86b75a4c0a228343fd9e2baa4e0a7c3"},"1540010348838661965":{"entrytype":"GenerateResource","status":"Pass","timestamp":1540010348832543710,"filepath":"spdx-doc-iep-xsd.json","xslpath":"tmp/spdx-doc-iepd/xml/xsl/common/xsd-json.xsl","digest":"356c61e92a833fdc9086615835e339fbef4c3fd0bdddbe574dec83ea8845e39e"},"1540010348843346866":{"entrytype":"GenerateResource","status":"Pass","timestamp":1540010348840363486,"filepath":"spdx-doc-instance.json","xslpath":"tmp/spdx-doc-iepd/xml/xsl/common/xml-json.xsl","digest":"be9b857a10514b1df8ddc5405c1f32316a1d68f310831039adf4e669198dbebe"},"1540010348850669638":{"entrytype":"GenerateResource","status":"Pass","timestamp":1540010348844999752,"filepath":"spdx-doc-struct.go","xslpath":"tmp/spdx-doc-iepd/xml/xsl/spdx-doc-go-gen.xsl","digest":"c79513ed49796819dc0fcb34ceea3d9af9bdb2c828c9b83c8ce2ea513660e1ff"},"1540010348857940041":{"entrytype":"GenerateResource","status":"Pass","timestamp":1540010348852217026,"filepath":"spdx-doc-struct_test.go","xslpath":"tmp/spdx-doc-iepd/xml/xsl/spdx-doc-go-test-gen.xsl","digest":"8c5172d50bc9da5ef83aae08ec40d14a5ab0345cecee85573d9d7ecf86239532"},"1540010348859702458":{"entrytype":"Marshal Data","status":"Pass","timestamp":1540010348859692150,"filepath":"spdx-doc-instance-golang.xml","digest":"e3b0c44298fc1c149afbf4c8996fb92427ae41e4649b934ca495991b7852b855"},"1540010364090160298":{"entrytype":"Validate","status":"Pass","timestamp":1540010348864045261,"filepath":"tmp/spdx-doc-iepd/xml/xsd/spdx-xml-ref.xsd","xsdpath":"tmp/spdx-doc-iepd/xml/xsd/ext/w3c/XMLSchema.xsd","valid":true},"1540010379300030628":{"entrytype":"Validate","status":"Pass","timestamp":1540010364093454473,"filepath":"tmp/spdx-doc-iepd/xml/xsd/spdx-doc-iep.xsd","xsdpath":"tmp/spdx-doc-iepd/xml/xsd/ext/w3c/XMLSchema.xsd","valid":true},"1540010379303832529":{"entrytype":"Validate","status":"Pass","timestamp":1540010379303129401,"filepath":"tmp/spdx-doc-iepd/xml/instance/spdx-doc-instance.xml","xsdpath":"tmp/spdx-doc-iepd/xml/xsd/spdx-doc-iep.xsd","valid":true},"1540010379329437634":{"entrytype":"Validate","status":"Pass","timestamp":1540010379321127049,"filepath":"tmp/spdx-doc-iepd/xml/instance/spdx-doc-instance.xml","xsdpath":"tmp/spdx-doc-iepd/xml/xsd/spdx-xml-ref.xsd","valid":true},"1540010379331782210":{"entrytype":"Validate","status":"Fail","timestamp":1540010379331013311,"filepath":"tmp/spdx-doc-iepd/xml/instance/spdx-doc-instance-golang.xml","xsdpath":"tmp/spdx-doc-iepd/xml/xsd/spdx-doc-iep.xsd","errors[]":["invalid document"]},"1540010379340852154":{"entrytype":"Validate","status":"Fail","timestamp":1540010379333366074,"filepath":"tmp/spdx-doc-iepd/xml/instance/spdx-doc-instance-golang.xml","xsdpath":"tmp/spdx-doc-iepd/xml/xsd/spdx-xml-ref.xsd","errors[]":["invalid document"]},"1540010379462223129":{"entrytype":"Load Remote Match","status":"Pass","timestamp":1540010379421408369,"filepath":"tmp/spdx-license-iepd/xml/xsd/spdx-xml-ref.xsd","digest":"026e646a857a1eb3b91291594d746cee5e17560bf46cd43f797c3788d7f36141","message":"Loaded Remote Resource"},"1540010379464128415":{"entrytype":"Authenticity Check","status":"Pass","timestamp":1540010379464127050,"filepath":"xml/xsd/spdx-xml-ref.xsd","digest":"026e646a857a1eb3b91291594d746cee5e17560bf46cd43f797c3788d7f36141","message":"spdx-xml-ref.xsd matches authoritative source"},"1540010379479643442":{"entrytype":"Load Remote Match","status":"Pass","timestamp":1540010379465903172,"filepath":"tmp/spdx-license-iepd/xml/instance/spdx-license-test-data.xml","digest":"39dff9fb41d4d5d34fb1bdd9055e3adcd6de67f5498c0313b597d28221ade722","message":"Loaded Remote Resource"},"1540010379481331476":{"entrytype":"Authenticity Check","status":"Pass","timestamp":1540010379481330448,"filepath":"xml/instance/spdx-license-test-data.xml","digest":"39dff9fb41d4d5d34fb1bdd9055e3adcd6de67f5498c0313b597d28221ade722","message":"spdx-license-test-data.xml matches authoritative source"},"1540010379527972154":{"entrytype":"GenerateResource","status":"Pass","timestamp":1540010379482851858,"filepath":"spdx-license-iep.xsd","xslpath":"tmp/spdx-license-iepd/xml/xsl/spdx-license-iep.xsl","digest":"72d25f59322879b0a50271ce16b4939bd4eff0698e4a551971353924f136cb95"},"1540010379552026345":{"entrytype":"GenerateResource","status":"Pass","timestamp":1540010379548512704,"filepath":"spdx-license-instance.xml","xslpath":"tmp/spdx-license-iepd/xml/xsl/spdx-license-instance.xsl","digest":"ff844be7b43f008def99a3503f6ad02d82c57c26ce0d927bc76565a9d7493e1e"},"1540010379714427025":{"entrytype":"GenerateResource","status":"Pass","timestamp":1540010379556798644,"filepath":"spdx-xml-ref-xsd.json","xslpath":"tmp/spdx-license-iepd/xml/xsl/common/xsd-json.xsl","digest":"8bc866bddd29e98ecc67f1c2b8f1d2a0b86b75a4c0a228343fd9e2baa4e0a7c3"},"1540010379722674883":{"entrytype":"GenerateResource","status":"Pass","timestamp":1540010379719077690,"filepath":"spdx-license-iep-xsd.json","xslpath":"tmp/spdx-license-iepd/xml/xsl/common/xsd-json.xsl","digest":"c124023868a91f25eacd2fb76baaa324da7fe5f32b8a60aa73e68f0490781709"},"1540010379726959647":{"entrytype":"GenerateResource","status":"Pass","timestamp":1540010379724467644,"filepath":"spdx-license-instance.json","xslpath":"tmp/spdx-license-iepd/xml/xsl/common/xml-json.xsl","digest":"939c60c70df1c1fe4d57d1d7c166b7949db00ee1dadebf6f7efe5cc6797d80af"},"1540010379732586325":{"entrytype":"GenerateResource","status":"Pass","timestamp":1540010379728701365,"filepath":"spdx-license-struct.go","xslpath":"tmp/spdx-license-iepd/xml/xsl/spdx-license-go-gen.xsl","digest":"b4319fbe5d82a4fe074c97eb8deff34785368961df5b0dfecab15fd4d869ba2d"},"1540010379738026728":{"entrytype":"GenerateResource","status":"Pass","timestamp":1540010379734272250,"filepath":"spdx-license-struct_test.go","xslpath":"tmp/spdx-license-iepd/xml/xsl/spdx-license-go-test-gen.xsl","digest":"442e2c563d9632d0b309d396f86db1bd4180c57dee9c8969aa5c10b8c4871832"},"1540010379755486103":{"entrytype":"Marshal Data","status":"Pass","timestamp":1540010379755468326,"filepath":"spdx-license-instance-golang.xml","digest":"e3b0c44298fc1c149afbf4c8996fb92427ae41e4649b934ca495991b7852b855"},"1540010395013222841":{"entrytype":"Validate","status":"Pass","timestamp":1540010379757463625,"filepath":"tmp/spdx-license-iepd/xml/xsd/spdx-xml-ref.xsd","xsdpath":"tmp/spdx-license-iepd/xml/xsd/ext/w3c/XMLSchema.xsd","valid":true},"1540010410222051897":{"entrytype":"Validate","status":"Pass","timestamp":1540010395016757195,"filepath":"tmp/spdx-license-iepd/xml/xsd/spdx-license-iep.xsd","xsdpath":"tmp/spdx-license-iepd/xml/xsd/ext/w3c/XMLSchema.xsd","valid":true},"1540010410227353815":{"entrytype":"Validate","status":"Pass","timestamp":1540010410225897111,"filepath":"tmp/spdx-license-iepd/xml/instance/spdx-license-instance.xml","xsdpath":"tmp/spdx-license-iepd/xml/xsd/spdx-license-iep.xsd","valid":true},"1540010410239246577":{"entrytype":"Validate","status":"Pass","timestamp":1540010410229595762,"filepath":"tmp/spdx-license-iepd/xml/instance/spdx-license-instance.xml","xsdpath":"tmp/spdx-license-iepd/xml/xsd/spdx-xml-ref.xsd","valid":true},"1540010410241303609":{"entrytype":"Validate","status":"Fail","timestamp":1540010410240967609,"filepath":"tmp/spdx-license-iepd/xml/instance/spdx-license-instance-golang.xml","xsdpath":"tmp/spdx-license-iepd/xml/xsd/spdx-license-iep.xsd","errors[]":["invalid document"]},"1540010410250297682":{"entrytype":"Validate","status":"Fail","timestamp":1540010410242883248,"filepath":"tmp/spdx-license-iepd/xml/instance/spdx-license-instance-golang.xml","xsdpath":"tmp/spdx-license-iepd/xml/xsd/spdx-xml-ref.xsd","errors[]":["invalid document"]},"1540010410364352437":{"entrytype":"Load Remote Match","status":"Pass","timestamp":1540010410331608990,"filepath":"tmp/spdx-security-iepd/xml/xsd/spdx-xml-ref.xsd","digest":"026e646a857a1eb3b91291594d746cee5e17560bf46cd43f797c3788d7f36141","message":"Loaded Remote Resource"},"1540010410366904920":{"entrytype":"Authenticity Check","status":"Pass","timestamp":1540010410366901811,"filepath":"xml/xsd/spdx-xml-ref.xsd","digest":"026e646a857a1eb3b91291594d746cee5e17560bf46cd43f797c3788d7f36141","message":"spdx-xml-ref.xsd matches authoritative source"},"1540010410383090015":{"entrytype":"Load Remote Match","status":"Pass","timestamp":1540010410369077000,"filepath":"tmp/spdx-security-iepd/xml/instance/spdx-security-test-data.xml","digest":"e76aadd1a163f2e562fb4ae321c265223ef025bdea3fcf976aaa0c733b0c66f1","message":"Loaded Remote Resource"},"1540010410385077863":{"entrytype":"Authenticity Check","status":"Pass","timestamp":1540010410385076081,"filepath":"xml/instance/spdx-security-test-data.xml","digest":"e76aadd1a163f2e562fb4ae321c265223ef025bdea3fcf976aaa0c733b0c66f1","message":"spdx-security-test-data.xml matches authoritative source"},"1540010410679479831":{"entrytype":"GenerateResource","status":"Pass","timestamp":1540010410387006309,"filepath":"spdx-security-iep.xsd","xslpath":"tmp/spdx-security-iepd/xml/xsl/spdx-security-iep.xsl","digest":"8acf35a67b2c970490c310b5917328ec4ce449c4ed0e3e533765e3e5c6cbb872"},"1540010410808353496":{"entrytype":"GenerateResource","status":"Pass","timestamp":1540010410698564411,"filepath":"spdx-security-instance.xml","xslpath":"tmp/spdx-security-iepd/xml/xsl/spdx-security-instance.xsl","digest":"8294cbb8bf1d73962d6ec6c56823bdacdc71bf98f140bb9d353657b9dfbb31ee"},"1540010410972840838":{"entrytype":"GenerateResource","status":"Pass","timestamp":1540010410811558034,"filepath":"spdx-security-ref-xsd.json","xslpath":"tmp/spdx-security-iepd/xml/xsl/common/xsd-json.xsl","digest":"8bc866bddd29e98ecc67f1c2b8f1d2a0b86b75a4c0a228343fd9e2baa4e0a7c3"},"1540010411046287915":{"entrytype":"GenerateResource","status":"Pass","timestamp":1540010410976110707,"filepath":"spdx-security-iep-xsd.json","xslpath":"tmp/spdx-security-iepd/xml/xsl/common/xsd-json.xsl","digest":"90243f7aa91616175a5a48b4d2a1910ffde3840c6847a81ba2f34f81081499aa"},"1540010411058300477":{"entrytype":"GenerateResource","status":"Pass","timestamp":1540010411053277933,"filepath":"spdx-security-instance.json","xslpath":"tmp/spdx-security-iepd/xml/xsl/common/xml-json.xsl","digest":"f6e737c874e73e8e5dca2caa1fc0d41611b919eeee702477c47e65ce849606ed"},"1540010411093657140":{"entrytype":"GenerateResource","status":"Pass","timestamp":1540010411060054896,"filepath":"spdx-security-struct.go","xslpath":"tmp/spdx-security-iepd/xml/xsl/spdx-security-go-gen.xsl","digest":"377f34db556f2a22b6bb3fabed67e9c5d0009b12d82fe7335725a3bd8489ed2b"},"1540010411125438233":{"entrytype":"GenerateResource","status":"Pass","timestamp":1540010411095556849,"filepath":"spdx-security-struct_test.go","xslpath":"tmp/spdx-security-iepd/xml/xsl/spdx-security-go-test-gen.xsl","digest":"b46dbf73d3e3d891b0afbacc5ba32fdfb8bf2bfaae35abf460089a1b2ae99d7b"},"1540010411143384485":{"entrytype":"Marshal Data","status":"Pass","timestamp":1540010411143366417,"filepath":"spdx-security-instance-golang.xml","digest":"e3b0c44298fc1c149afbf4c8996fb92427ae41e4649b934ca495991b7852b855"},"1540010426387780249":{"entrytype":"Validate","status":"Pass","timestamp":1540010411149139341,"filepath":"tmp/spdx-security-iepd/xml/xsd/spdx-xml-ref.xsd","xsdpath":"tmp/spdx-security-iepd/xml/xsd/ext/w3c/XMLSchema.xsd","valid":true},"1540010441620361764":{"entrytype":"Validate","status":"Pass","timestamp":1540010426391276071,"filepath":"tmp/spdx-security-iepd/xml/xsd/spdx-security-iep.xsd","xsdpath":"tmp/spdx-security-iepd/xml/xsd/ext/w3c/XMLSchema.xsd","valid":true},"1540010441635561601":{"entrytype":"Validate","status":"Pass","timestamp":1540010441624192529,"filepath":"tmp/spdx-security-iepd/xml/instance/spdx-security-instance.xml","xsdpath":"tmp/spdx-security-iepd/xml/xsd/spdx-security-iep.xsd","valid":true},"1540010441650328091":{"entrytype":"Validate","status":"Pass","timestamp":1540010441637546248,"filepath":"tmp/spdx-security-iepd/xml/instance/spdx-security-instance.xml","xsdpath":"tmp/spdx-security-iepd/xml/xsd/spdx-xml-ref.xsd","valid":true},"1540010441656996243":{"entrytype":"Validate","status":"Fail","timestamp":1540010441652152790,"filepath":"tmp/spdx-security-iepd/xml/instance/spdx-security-instance-golang.xml","xsdpath":"tmp/spdx-security-iepd/xml/xsd/spdx-security-iep.xsd","errors[]":["invalid document"]},"1540010441666284689":{"entrytype":"Validate","status":"Fail","timestamp":1540010441658713251,"filepath":"tmp/spdx-security-iepd/xml/instance/spdx-security-instance-golang.xml","xsdpath":"tmp/spdx-security-iepd/xml/xsd/spdx-xml-ref.xsd","errors[]":["invalid document"]},"1540010441779629024":{"entrytype":"Load Remote Match","status":"Pass","timestamp":1540010441751827796,"filepath":"tmp/spdx-sec-ism-iepd/xml/xsd/spdx-xml-ref.xsd","digest":"026e646a857a1eb3b91291594d746cee5e17560bf46cd43f797c3788d7f36141","message":"Loaded Remote Resource"},"1540010441781821352":{"entrytype":"Authenticity Check","status":"Pass","timestamp":1540010441781819586,"filepath":"xml/xsd/spdx-xml-ref.xsd","digest":"026e646a857a1eb3b91291594d746cee5e17560bf46cd43f797c3788d7f36141","message":"spdx-xml-ref.xsd matches authoritative source"},"1540010441798758469":{"entrytype":"Load Remote Match","status":"Pass","timestamp":1540010441783775955,"filepath":"tmp/spdx-sec-ism-iepd/xml/instance/spdx-sec-ism-test-data.xml","digest":"9f7823926838648ab97d13486edf181fb98896659c3e39ca78e817b76258508a","message":"Loaded Remote Resource"},"1540010441800868447":{"entrytype":"Authenticity Check","status":"Pass","timestamp":1540010441800866670,"filepath":"xml/instance/spdx-sec-ism-test-data.xml","digest":"9f7823926838648ab97d13486edf181fb98896659c3e39ca78e817b76258508a","message":"spdx-sec-ism-test-data.xml matches authoritative source"},"1540010442096624505":{"entrytype":"GenerateResource","status":"Pass","timestamp":1540010441802914078,"filepath":"spdx-sec-ism-iep.xsd","xslpath":"tmp/spdx-sec-ism-iepd/xml/xsl/spdx-sec-ism-iep.xsl","digest":"fd28ddf560fd06b46d71475b206364215efe21c8d5ec31c52de49b7027fcd70a"},"1540010442181037258":{"entrytype":"GenerateResource","status":"Pass","timestamp":1540010442114370022,"filepath":"spdx-sec-ism-instance.xml","xslpath":"tmp/spdx-sec-ism-iepd/xml/xsl/spdx-sec-ism-instance.xsl","digest":"8f728e4416a9197bb41acbe1a2402b68637b6abe5b423b5e3982bd57e53a4f31"},"1540010442353118117":{"entrytype":"GenerateResource","status":"Pass","timestamp":1540010442182759094,"filepath":"spdx-sec-ism-ref-xsd.json","xslpath":"tmp/spdx-sec-ism-iepd/xml/xsl/common/xsd-json.xsl","digest":"8bc866bddd29e98ecc67f1c2b8f1d2a0b86b75a4c0a228343fd9e2baa4e0a7c3"},"1540010442424660208":{"entrytype":"GenerateResource","status":"Pass","timestamp":1540010442355063234,"filepath":"spdx-sec-ism-iep-xsd.json","xslpath":"tmp/spdx-sec-ism-iepd/xml/xsl/common/xsd-json.xsl","digest":"90243f7aa91616175a5a48b4d2a1910ffde3840c6847a81ba2f34f81081499aa"},"1540010442431297900":{"entrytype":"GenerateResource","status":"Pass","timestamp":1540010442426591841,"filepath":"spdx-sec-ism-instance.json","xslpath":"tmp/spdx-sec-ism-iepd/xml/xsl/common/xml-json.xsl","digest":"ce1e3145362c2821433be76bdf62afed05b5689e8e13d814511cf57ba8d7cae9"},"1540010442471450379":{"entrytype":"GenerateResource","status":"Pass","timestamp":1540010442433086977,"filepath":"spdx-sec-ism-struct.go","xslpath":"tmp/spdx-sec-ism-iepd/xml/xsl/spdx-sec-ism-go-gen.xsl","digest":"377f34db556f2a22b6bb3fabed67e9c5d0009b12d82fe7335725a3bd8489ed2b"},"1540010442491378815":{"entrytype":"GenerateResource","status":"Pass","timestamp":1540010442473308241,"filepath":"spdx-sec-ism-struct_test.go","xslpath":"tmp/spdx-sec-ism-iepd/xml/xsl/spdx-sec-ism-go-test-gen.xsl","digest":"359fd47968d185bc99d1f848d54d80bd0db4ec96853eca9a2ab64f501df39f87"},"1540010442510031565":{"entrytype":"Marshal Data","status":"Pass","timestamp":1540010442509998056,"filepath":"spdx-sec-ism-instance-golang.xml","digest":"e3b0c44298fc1c149afbf4c8996fb92427ae41e4649b934ca495991b7852b855"},"1540010457756952636":{"entrytype":"Validate","status":"Pass","timestamp":1540010442512012055,"filepath":"tmp/spdx-sec-ism-iepd/xml/xsd/spdx-xml-ref.xsd","xsdpath":"tmp/spdx-sec-ism-iepd/xml/xsd/ext/w3c/XMLSchema.xsd","valid":true},"1540010473061917910":{"entrytype":"Validate","status":"Pass","timestamp":1540010457760400404,"filepath":"tmp/spdx-sec-ism-iepd/xml/xsd/spdx-sec-ism-iep.xsd","xsdpath":"tmp/spdx-sec-ism-iepd/xml/xsd/ext/w3c/XMLSchema.xsd","valid":true},"1540010473069816054":{"entrytype":"Validate","status":"Pass","timestamp":1540010473065251911,"filepath":"tmp/spdx-sec-ism-iepd/xml/instance/spdx-sec-ism-instance.xml","xsdpath":"tmp/spdx-sec-ism-iepd/xml/xsd/spdx-sec-ism-iep.xsd","valid":true},"1540010473079063118":{"entrytype":"Validate","status":"Pass","timestamp":1540010473071489346,"filepath":"tmp/spdx-sec-ism-iepd/xml/instance/spdx-sec-ism-instance.xml","xsdpath":"tmp/spdx-sec-ism-iepd/xml/xsd/spdx-xml-ref.xsd","valid":true},"1540010473085345952":{"entrytype":"Validate","status":"Fail","timestamp":1540010473080733939,"filepath":"tmp/spdx-sec-ism-iepd/xml/instance/spdx-sec-ism-instance-golang.xml","xsdpath":"tmp/spdx-sec-ism-iepd/xml/xsd/spdx-sec-ism-iep.xsd","errors[]":["invalid document"]},"1540010473094137088":{"entrytype":"Validate","status":"Fail","timestamp":1540010473086934874,"filepath":"tmp/spdx-sec-ism-iepd/xml/instance/spdx-sec-ism-instance-golang.xml","xsdpath":"tmp/spdx-sec-ism-iepd/xml/xsd/spdx-xml-ref.xsd","errors[]":["invalid document"]},"1540010473257385467":{"entrytype":"Load Remote Match","status":"Pass","timestamp":1540010473225767111,"filepath":"tmp/spdx-doc-iepd/xml/xsd/spdx-xml-ref.xsd","digest":"026e646a857a1eb3b91291594d746cee5e17560bf46cd43f797c3788d7f36141","message":"Loaded Remote Resource"},"1540010473259209072":{"entrytype":"Authenticity Check","status":"Pass","timestamp":1540010473259208289,"filepath":"xml/xsd/spdx-xml-ref.xsd","digest":"026e646a857a1eb3b91291594d746cee5e17560bf46cd43f797c3788d7f36141","message":"spdx-xml-ref.xsd matches authoritative source"},"1540010473276012967":{"entrytype":"Load Remote Match","status":"Pass","timestamp":1540010473260771764,"filepath":"tmp/spdx-doc-iepd/xml/instance/spdx-doc-test-data.xml","digest":"a07f3c4e4cbff51467b486eb8dc2d2dddf75bf7098ad74ae166bff7fc67c7d83","message":"Loaded Remote Resource"},"1540010473277745278":{"entrytype":"Authenticity Check","status":"Pass","timestamp":1540010473277744317,"filepath":"xml/instance/spdx-doc-test-data.xml","digest":"a07f3c4e4cbff51467b486eb8dc2d2dddf75bf7098ad74ae166bff7fc67c7d83","message":"spdx-doc-test-data.xml matches authoritative source"},"1540010473432323015":{"entrytype":"GenerateResource","status":"Pass","timestamp":1540010473295434522,"filepath":"spdx-doc-iep.xsd","xslpath":"tmp/spdx-doc-iepd/xml/xsl/spdx-doc-iep.xsl","digest":"fa16f865aec2df5a606a35995af783650c1410e36ac0764e5f4e76c40511474c"},"1540010473441911230":{"entrytype":"GenerateResource","status":"Pass","timestamp":1540010473435454306,"filepath":"spdx-doc-instance.xml","xslpath":"tmp/spdx-doc-iepd/xml/xsl/spdx-doc-instance.xsl","digest":"a088961a997c1b012ab315f44c18e8be953756492017859f0ccc9abd07c92ea3"},"1540010473606798517":{"entrytype":"GenerateResource","status":"Pass","timestamp":1540010473443574432,"filepath":"spdx-xml-ref-xsd.json","xslpath":"tmp/spdx-doc-iepd/xml/xsl/common/xsd-json.xsl","digest":"8bc866bddd29e98ecc67f1c2b8f1d2a0b86b75a4c0a228343fd9e2baa4e0a7c3"},"1540010473616599416":{"entrytype":"GenerateResource","status":"Pass","timestamp":1540010473609879924,"filepath":"spdx-doc-iep-xsd.json","xslpath":"tmp/spdx-doc-iepd/xml/xsl/common/xsd-json.xsl","digest":"356c61e92a833fdc9086615835e339fbef4c3fd0bdddbe574dec83ea8845e39e"},"1540010473620956721":{"entrytype":"GenerateResource","status":"Pass","timestamp":1540010473618194726,"filepath":"spdx-doc-instance.json","xslpath":"tmp/spdx-doc-iepd/xml/xsl/common/xml-json.xsl","digest":"be9b857a10514b1df8ddc5405c1f32316a1d68f310831039adf4e669198dbebe"},"1540010473628279152":{"entrytype":"GenerateResource","status":"Pass","timestamp":1540010473622547447,"filepath":"spdx-doc-struct.go","xslpath":"tmp/spdx-doc-iepd/xml/xsl/spdx-doc-go-gen.xsl","digest":"c79513ed49796819dc0fcb34ceea3d9af9bdb2c828c9b83c8ce2ea513660e1ff"},"1540010473635485131":{"entrytype":"GenerateResource","status":"Pass","timestamp":1540010473629948010,"filepath":"spdx-doc-struct_test.go","xslpath":"tmp/spdx-doc-iepd/xml/xsl/spdx-doc-go-test-gen.xsl","digest":"8c5172d50bc9da5ef83aae08ec40d14a5ab0345cecee85573d9d7ecf86239532"},"1540010473652939980":{"entrytype":"Marshal Data","status":"Pass","timestamp":1540010473652923435,"filepath":"spdx-doc-instance-golang.xml","digest":"e3b0c44298fc1c149afbf4c8996fb92427ae41e4649b934ca495991b7852b855"},"1540010488910857834":{"entrytype":"Validate","status":"Pass","timestamp":1540010473654632006,"filepath":"tmp/spdx-doc-iepd/xml/xsd/spdx-xml-ref.xsd","xsdpath":"tmp/spdx-doc-iepd/xml/xsd/ext/w3c/XMLSchema.xsd","valid":true},"1540010504123243383":{"entrytype":"Validate","status":"Pass","timestamp":1540010488914122979,"filepath":"tmp/spdx-doc-iepd/xml/xsd/spdx-doc-iep.xsd","xsdpath":"tmp/spdx-doc-iepd/xml/xsd/ext/w3c/XMLSchema.xsd","valid":true},"1540010504127479845":{"entrytype":"Validate","status":"Pass","timestamp":1540010504126634788,"filepath":"tmp/spdx-doc-iepd/xml/instance/spdx-doc-instance.xml","xsdpath":"tmp/spdx-doc-iepd/xml/xsd/spdx-doc-iep.xsd","valid":true},"1540010504142108272":{"entrytype":"Validate","status":"Pass","timestamp":1540010504129148699,"filepath":"tmp/spdx-doc-iepd/xml/instance/spdx-doc-instance.xml","xsdpath":"tmp/spdx-doc-iepd/xml/xsd/spdx-xml-ref.xsd","valid":true},"1540010504144904751":{"entrytype":"Validate","status":"Fail","timestamp":1540010504143821663,"filepath":"tmp/spdx-doc-iepd/xml/instance/spdx-doc-instance-golang.xml","xsdpath":"tmp/spdx-doc-iepd/xml/xsd/spdx-doc-iep.xsd","errors[]":["invalid document"]},"1540010504155066746":{"entrytype":"Validate","status":"Fail","timestamp":1540010504146580547,"filepath":"tmp/spdx-doc-iepd/xml/instance/spdx-doc-instance-golang.xml","xsdpath":"tmp/spdx-doc-iepd/xml/xsd/spdx-xml-ref.xsd","errors[]":["invalid document"]},"1540010504266327507":{"entrytype":"Load Remote Match","status":"Pass","timestamp":1540010504239942720,"filepath":"tmp/spdx-license-iepd/xml/xsd/spdx-xml-ref.xsd","digest":"026e646a857a1eb3b91291594d746cee5e17560bf46cd43f797c3788d7f36141","message":"Loaded Remote Resource"},"1540010504283781524":{"entrytype":"Authenticity Check","status":"Pass","timestamp":1540010504283780181,"filepath":"xml/xsd/spdx-xml-ref.xsd","digest":"026e646a857a1eb3b91291594d746cee5e17560bf46cd43f797c3788d7f36141","message":"spdx-xml-ref.xsd matches authoritative source"},"1540010504307142559":{"entrytype":"Load Remote Match","status":"Pass","timestamp":1540010504285379123,"filepath":"tmp/spdx-license-iepd/xml/instance/spdx-license-test-data.xml","digest":"39dff9fb41d4d5d34fb1bdd9055e3adcd6de67f5498c0313b597d28221ade722","message":"Loaded Remote Resource"},"1540010504308822272":{"entrytype":"Authenticity Check","status":"Pass","timestamp":1540010504308821466,"filepath":"xml/instance/spdx-license-test-data.xml","digest":"39dff9fb41d4d5d34fb1bdd9055e3adcd6de67f5498c0313b597d28221ade722","message":"spdx-license-test-data.xml matches authoritative source"},"1540010504353453883":{"entrytype":"GenerateResource","status":"Pass","timestamp":1540010504310532289,"filepath":"spdx-license-iep.xsd","xslpath":"tmp/spdx-license-iepd/xml/xsl/spdx-license-iep.xsl","digest":"72d25f59322879b0a50271ce16b4939bd4eff0698e4a551971353924f136cb95"},"1540010504358607885":{"entrytype":"GenerateResource","status":"Pass","timestamp":1540010504355131716,"filepath":"spdx-license-instance.xml","xslpath":"tmp/spdx-license-iepd/xml/xsl/spdx-license-instance.xsl","digest":"ff844be7b43f008def99a3503f6ad02d82c57c26ce0d927bc76565a9d7493e1e"},"1540010504518551511":{"entrytype":"GenerateResource","status":"Pass","timestamp":1540010504360282293,"filepath":"spdx-xml-ref-xsd.json","xslpath":"tmp/spdx-license-iepd/xml/xsl/common/xsd-json.xsl","digest":"8bc866bddd29e98ecc67f1c2b8f1d2a0b86b75a4c0a228343fd9e2baa4e0a7c3"},"1540010504524025100":{"entrytype":"GenerateResource","status":"Pass","timestamp":1540010504520425009,"filepath":"spdx-license-iep-xsd.json","xslpath":"tmp/spdx-license-iepd/xml/xsl/common/xsd-json.xsl","digest":"c124023868a91f25eacd2fb76baaa324da7fe5f32b8a60aa73e68f0490781709"},"1540010504552772629":{"entrytype":"GenerateResource","status":"Pass","timestamp":1540010504541522132,"filepath":"spdx-license-instance.json","xslpath":"tmp/spdx-license-iepd/xml/xsl/common/xml-json.xsl","digest":"939c60c70df1c1fe4d57d1d7c166b7949db00ee1dadebf6f7efe5cc6797d80af"},"1540010504570234106":{"entrytype":"GenerateResource","status":"Pass","timestamp":1540010504554855448,"filepath":"spdx-license-struct.go","xslpath":"tmp/spdx-license-iepd/xml/xsl/spdx-license-go-gen.xsl","digest":"b4319fbe5d82a4fe074c97eb8deff34785368961df5b0dfecab15fd4d869ba2d"},"1540010504579993931":{"entrytype":"GenerateResource","status":"Pass","timestamp":1540010504572075423,"filepath":"spdx-license-struct_test.go","xslpath":"tmp/spdx-license-iepd/xml/xsl/spdx-license-go-test-gen.xsl","digest":"442e2c563d9632d0b309d396f86db1bd4180c57dee9c8969aa5c10b8c4871832"},"1540010504582052090":{"entrytype":"Marshal Data","status":"Pass","timestamp":1540010504582035394,"filepath":"spdx-license-instance-golang.xml","digest":"e3b0c44298fc1c149afbf4c8996fb92427ae41e4649b934ca495991b7852b855"},"1540010519807267732":{"entrytype":"Validate","status":"Pass","timestamp":1540010504583736233,"filepath":"tmp/spdx-license-iepd/xml/xsd/spdx-xml-ref.xsd","xsdpath":"tmp/spdx-license-iepd/xml/xsd/ext/w3c/XMLSchema.xsd","valid":true},"1540010535018437265":{"entrytype":"Validate","status":"Pass","timestamp":1540010519810324676,"filepath":"tmp/spdx-license-iepd/xml/xsd/spdx-license-iep.xsd","xsdpath":"tmp/spdx-license-iepd/xml/xsd/ext/w3c/XMLSchema.xsd","valid":true},"1540010535021904604":{"entrytype":"Validate","status":"Pass","timestamp":1540010535021584261,"filepath":"tmp/spdx-license-iepd/xml/instance/spdx-license-instance.xml","xsdpath":"tmp/spdx-license-iepd/xml/xsd/spdx-license-iep.xsd","valid":true},"1540010535030682283":{"entrytype":"Validate","status":"Pass","timestamp":1540010535023574612,"filepath":"tmp/spdx-license-iepd/xml/instance/spdx-license-instance.xml","xsdpath":"tmp/spdx-license-iepd/xml/xsd/spdx-xml-ref.xsd","valid":true},"1540010535049648278":{"entrytype":"Validate","status":"Fail","timestamp":1540010535048089605,"filepath":"tmp/spdx-license-iepd/xml/instance/spdx-license-instance-golang.xml","xsdpath":"tmp/spdx-license-iepd/xml/xsd/spdx-license-iep.xsd","errors[]":["invalid document"]},"1540010535090908148":{"entrytype":"Validate","status":"Fail","timestamp":1540010535051759638,"filepath":"tmp/spdx-license-iepd/xml/instance/spdx-license-instance-golang.xml","xsdpath":"tmp/spdx-license-iepd/xml/xsd/spdx-xml-ref.xsd","errors[]":["invalid document"]}}