{"License":{"name":"License","attributes":{"xsi:schemaLocation":"urn:spdx-seva::1.0 ../xsd/spdx-license-iep.xsd"},"LicenseID":{"name":"LicenseID","value":"Test string one"},"CommentText":{"name":"CommentText","value":"Test string one"},"SeeAlsoURI":{"name":"SeeAlsoURI","value":"http://anyuri.org"},"Name":{"name":"Name","value":"Test string one"},"IsDeprecatedLicenseID":{"name":"IsDeprecatedLicenseID","value":"true"},"IsOsiApprovedIndicator":{"name":"IsOsiApprovedIndicator","value":"true"},"IsFsfLibreIndicator":{"name":"IsFsfLibreIndicator","value":"true"},"StandardLicenseHeader":{"name":"StandardLicenseHeader","value":"Test string one"},"LicenseText":{"name":"LicenseText","value":"Test string one"},"StandardLicenseTemplate":{"name":"StandardLicenseTemplate","value":"Test string one"}}}