{"1540186348399341802":{"entrytype":"Load Remote Match","status":"Pass","timestamp":1540186348020292847,"filepath":"tmp/spdx-doc-iepd/xml/xsd/spdx-xml-ref.xsd","digest":"026e646a857a1eb3b91291594d746cee5e17560bf46cd43f797c3788d7f36141","message":"Loaded Remote Resource"},"1540186348401859122":{"entrytype":"Authenticity Check","status":"Pass","timestamp":1540186348401856584,"filepath":"xml/xsd/spdx-xml-ref.xsd","digest":"026e646a857a1eb3b91291594d746cee5e17560bf46cd43f797c3788d7f36141","message":"spdx-xml-ref.xsd matches authoritative source"},"1540186348585359226":{"entrytype":"Load Remote Match","status":"Pass","timestamp":1540186348404181986,"filepath":"tmp/spdx-doc-iepd/xml/instance/spdx-doc-test-data.xml","digest":"a07f3c4e4cbff51467b486eb8dc2d2dddf75bf7098ad74ae166bff7fc67c7d83","message":"Loaded Remote Resource"},"1540186348605995973":{"entrytype":"Authenticity Check","status":"Pass","timestamp":1540186348605995090,"filepath":"xml/instance/spdx-doc-test-data.xml","digest":"a07f3c4e4cbff51467b486eb8dc2d2dddf75bf7098ad74ae166bff7fc67c7d83","message":"spdx-doc-test-data.xml matches authoritative source"},"1540186348732976172":{"entrytype":"GenerateResource","status":"Pass","timestamp":1540186348607680053,"filepath":"spdx-doc-iep.xsd","xslpath":"tmp/spdx-doc-iepd/xml/xsl/spdx-doc-iep.xsl","digest":"fa16f865aec2df5a606a35995af783650c1410e36ac0764e5f4e76c40511474c"},"1540186348743058233":{"entrytype":"GenerateResource","status":"Pass","timestamp":1540186348736243629,"filepath":"spdx-doc-instance.xml","xslpath":"tmp/spdx-doc-iepd/xml/xsl/spdx-doc-instance.xsl","digest":"da7dc734f14ae4f25a41ce1a326879a0653fb58ab573187012a0123535b49908"},"1540186349043554104":{"entrytype":"GenerateResource","status":"Pass","timestamp":1540186348744772157,"filepath":"spdx-xml-ref-xsd.json","xslpath":"tmp/spdx-doc-iepd/xml/xsl/common/xsd-json.xsl","digest":"93ddf4370fb992fb7b602284e499d176d44520fdf548757ecbde6f0d0ffc3e4f"},"1540186349057285337":{"entrytype":"GenerateResource","status":"Pass","timestamp":1540186349046735206,"filepath":"spdx-doc-iep-xsd.json","xslpath":"tmp/spdx-doc-iepd/xml/xsl/common/xsd-json.xsl","digest":"b8fe9d70b5ca0b9fc529385f7dd0214d2e45c1ff85674d3333717cacf7aa7d59"},"1540186349061918251":{"entrytype":"GenerateResource","status":"Pass","timestamp":1540186349059250350,"filepath":"spdx-doc-instance.json","xslpath":"tmp/spdx-doc-iepd/xml/xsl/common/xml-json.xsl","digest":"aad3b90e99c7ab95c02605df03adcad9799398c2c000d08a890e82b1266518e5"},"1540186349085092394":{"entrytype":"GenerateResource","status":"Pass","timestamp":1540186349079512967,"filepath":"spdx-doc-struct.go","xslpath":"tmp/spdx-doc-iepd/xml/xsl/spdx-doc-go-gen.xsl","digest":"90d1b0fb2ae7cf1739e5083df3b227b28f0c57f1d0af85dc0b706514bb30f463"},"1540186349116565970":{"entrytype":"GenerateResource","status":"Pass","timestamp":1540186349090528892,"filepath":"spdx-doc-struct_test.go","xslpath":"tmp/spdx-doc-iepd/xml/xsl/spdx-doc-go-test-gen.xsl","digest":"0f427baba510bb9023cfbfb05496a4efab824403b48bb01243c677294eefd87a"},"1540186349119265511":{"entrytype":"Marshal Data","status":"Pass","timestamp":1540186349119205400,"filepath":"spdx-doc-instance-golang.xml","digest":"9bb5d9df173ff9f2a24c7bdf282ecd4fa6308989a4784258a04b3ded11f6e34e"},"1540186364363716323":{"entrytype":"Validate","status":"Pass","timestamp":1540186349121215145,"filepath":"tmp/spdx-doc-iepd/xml/xsd/spdx-xml-ref.xsd","xsdpath":"tmp/spdx-doc-iepd/xml/xsd/ext/w3c/XMLSchema.xsd","valid":true},"1540186379569075368":{"entrytype":"Validate","status":"Pass","timestamp":1540186364367135603,"filepath":"tmp/spdx-doc-iepd/xml/xsd/spdx-doc-iep.xsd","xsdpath":"tmp/spdx-doc-iepd/xml/xsd/ext/w3c/XMLSchema.xsd","valid":true},"1540186379571536200":{"entrytype":"Validate","status":"Pass","timestamp":1540186379570757282,"filepath":"tmp/spdx-doc-iepd/xml/instance/spdx-doc-instance.xml","xsdpath":"tmp/spdx-doc-iepd/xml/xsd/spdx-doc-iep.xsd","valid":true},"1540186379583900564":{"entrytype":"Validate","status":"Pass","timestamp":1540186379573161815,"filepath":"tmp/spdx-doc-iepd/xml/instance/spdx-doc-instance.xml","xsdpath":"tmp/spdx-doc-iepd/xml/xsd/spdx-xml-ref.xsd","valid":true},"1540186379586469518":{"entrytype":"Validate","status":"Pass","timestamp":1540186379585544109,"filepath":"tmp/spdx-doc-iepd/xml/instance/spdx-doc-instance-golang.xml","xsdpath":"tmp/spdx-doc-iepd/xml/xsd/spdx-doc-iep.xsd","valid":true},"1540186379613885605":{"entrytype":"Validate","status":"Pass","timestamp":1540186379603865983,"filepath":"tmp/spdx-doc-iepd/xml/instance/spdx-doc-instance-golang.xml","xsdpath":"tmp/spdx-doc-iepd/xml/xsd/spdx-xml-ref.xsd","valid":true},"1540186379716106702":{"entrytype":"Load Remote Match","status":"Pass","timestamp":1540186379695091934,"filepath":"tmp/spdx-license-iepd/xml/xsd/spdx-xml-ref.xsd","digest":"026e646a857a1eb3b91291594d746cee5e17560bf46cd43f797c3788d7f36141","message":"Loaded Remote Resource"},"1540186379733887361":{"entrytype":"Authenticity Check","status":"Pass","timestamp":1540186379733886224,"filepath":"xml/xsd/spdx-xml-ref.xsd","digest":"026e646a857a1eb3b91291594d746cee5e17560bf46cd43f797c3788d7f36141","message":"spdx-xml-ref.xsd matches authoritative source"},"1540186379899100335":{"entrytype":"Load Remote Match","status":"Pass","timestamp":1540186379735645449,"filepath":"tmp/spdx-license-iepd/xml/instance/spdx-license-test-data.xml","digest":"39dff9fb41d4d5d34fb1bdd9055e3adcd6de67f5498c0313b597d28221ade722","message":"Loaded Remote Resource"},"1540186379901333932":{"entrytype":"Authenticity Check","status":"Pass","timestamp":1540186379901329879,"filepath":"xml/instance/spdx-license-test-data.xml","digest":"39dff9fb41d4d5d34fb1bdd9055e3adcd6de67f5498c0313b597d28221ade722","message":"spdx-license-test-data.xml matches authoritative source"},"1540186379986906044":{"entrytype":"GenerateResource","status":"Pass","timestamp":1540186379903645672,"filepath":"spdx-license-iep.xsd","xslpath":"tmp/spdx-license-iepd/xml/xsl/spdx-license-iep.xsl","digest":"72d25f59322879b0a50271ce16b4939bd4eff0698e4a551971353924f136cb95"},"1540186379992170465":{"entrytype":"GenerateResource","status":"Pass","timestamp":1540186379988561438,"filepath":"spdx-license-instance.xml","xslpath":"tmp/spdx-license-iepd/xml/xsl/spdx-license-instance.xsl","digest":"daa125f832cff329a77dde2817cf90b0efbdb4335a454adb18540cf808553fc8"},"1540186380299102020":{"entrytype":"GenerateResource","status":"Pass","timestamp":1540186379993850552,"filepath":"spdx-xml-ref-xsd.json","xslpath":"tmp/spdx-license-iepd/xml/xsl/common/xsd-json.xsl","digest":"93ddf4370fb992fb7b602284e499d176d44520fdf548757ecbde6f0d0ffc3e4f"},"1540186380306045496":{"entrytype":"GenerateResource","status":"Pass","timestamp":1540186380301075180,"filepath":"spdx-license-iep-xsd.json","xslpath":"tmp/spdx-license-iepd/xml/xsl/common/xsd-json.xsl","digest":"c8fd9f8a88341980d035e2d55661c3101ae3d412a0e5c65aabdf72182390fe7c"},"1540186380326444520":{"entrytype":"GenerateResource","status":"Pass","timestamp":1540186380323487497,"filepath":"spdx-license-instance.json","xslpath":"tmp/spdx-license-iepd/xml/xsl/common/xml-json.xsl","digest":"a28519fc4dfc96d63e7ae420eca1202af28b45a2c4eec8c3229e3dd5717aaef3"},"1540186380332033114":{"entrytype":"GenerateResource","status":"Pass","timestamp":1540186380328308667,"filepath":"spdx-license-struct.go","xslpath":"tmp/spdx-license-iepd/xml/xsl/spdx-license-go-gen.xsl","digest":"1824720fcd3ce3c71e6f7f20bcdf7efd3ab191b315b3c263f67f51143ecaed44"},"1540186380351718025":{"entrytype":"GenerateResource","status":"Pass","timestamp":1540186380333746884,"filepath":"spdx-license-struct_test.go","xslpath":"tmp/spdx-license-iepd/xml/xsl/spdx-license-go-test-gen.xsl","digest":"072aa72b94cf86b6b300b539af869b537e0adfb51cb2e0df3e1b6c23ef23acf8"},"1540186380354999176":{"entrytype":"Marshal Data","status":"Pass","timestamp":1540186380354909911,"filepath":"spdx-license-instance-golang.xml","digest":"a3d5a1bcf210c2a3fb46890a60843c7ee434a8d6efc9f86cc69d78bf357b963d"},"1540186395592843223":{"entrytype":"Validate","status":"Pass","timestamp":1540186380357179027,"filepath":"tmp/spdx-license-iepd/xml/xsd/spdx-xml-ref.xsd","xsdpath":"tmp/spdx-license-iepd/xml/xsd/ext/w3c/XMLSchema.xsd","valid":true},"1540186410824321066":{"entrytype":"Validate","status":"Pass","timestamp":1540186395596267860,"filepath":"tmp/spdx-license-iepd/xml/xsd/spdx-license-iep.xsd","xsdpath":"tmp/spdx-license-iepd/xml/xsd/ext/w3c/XMLSchema.xsd","valid":true},"1540186410827787688":{"entrytype":"Validate","status":"Pass","timestamp":1540186410827487871,"filepath":"tmp/spdx-license-iepd/xml/instance/spdx-license-instance.xml","xsdpath":"tmp/spdx-license-iepd/xml/xsd/spdx-license-iep.xsd","valid":true},"1540186410837170289":{"entrytype":"Validate","status":"Pass","timestamp":1540186410829423999,"filepath":"tmp/spdx-license-iepd/xml/instance/spdx-license-instance.xml","xsdpath":"tmp/spdx-license-iepd/xml/xsd/spdx-xml-ref.xsd","valid":true},"1540186410854789201":{"entrytype":"Validate","status":"Pass","timestamp":1540186410854284944,"filepath":"tmp/spdx-license-iepd/xml/instance/spdx-license-instance-golang.xml","xsdpath":"tmp/spdx-license-iepd/xml/xsd/spdx-license-iep.xsd","valid":true},"1540186410866870225":{"entrytype":"Validate","status":"Pass","timestamp":1540186410856475061,"filepath":"tmp/spdx-license-iepd/xml/instance/spdx-license-instance-golang.xml","xsdpath":"tmp/spdx-license-iepd/xml/xsd/spdx-xml-ref.xsd","valid":true}}